Workbook
Name Z_BD804FFF_0FA6_4DDB_B9D5_07B1854E6033_.wvu.PrintArea: '北段(八周檢核代碼'!$A$1:$AJ$68
Name Z_BD804FFF_0FA6_4DDB_B9D5_07B1854E6033_.wvu.PrintArea: '北段'!$A$1:$BL$65
Name Z_BD804FFF_0FA6_4DDB_B9D5_07B1854E6033_.wvu.PrintArea: '北段 (人資版)'!$A$1:$AC$70

Sheet 北段
B1: 員編 ID No. | C1: 日期 星期 姓名 | D1: 46201 | E1: 46202 | F1: 46203 | G1: 46204 | H1: 46205 | I1: 46206 | J1: 46207 | K1: 46208 | L1: 46209 | M1: 46210 | N1: 46211 | O1: 46212 | P1: 46213 | Q1: 46214 | R1: 46215 | S1: 46216 | T1: 46217 | U1: 46218 | V1: 46219 | W1: 46220 | X1: 46221 | Y1: 46222 | Z1: 46223 | AA1: 46224 | AB1: 46225 | AC1: 46226 | AD1: 46227 | AE1: 46228 | AF1: 46229 | AG1: 46230 | AH1: 46231 | AI1: 46232 | AJ1: 46233 | AK1: 46234 | AL1: 46235 | AM1: 1/1~7/4 P班天數 | AN1: 5/24~6/6 實際休假天數 | AP1: 6/7~7/4 實際休假天數 | AR1: 7/5~7/18 實際休假天數 | AT1: 7/5~7/18 剩餘休假天數 | AV1: 7/19~8/1 剩餘休假天數 | AX1: 7/19~8/1 實際休假天數 | AZ1: 7份班別小計 | BH1: 7月份 | BM1: 5/31~6/6 | BN1: 6/7~6/13 | BO1: 6/14~6/20 | BP1: 6/21~6/27 | BQ1: 6/28~7/4 | BR1: 6月天數 | BT1: 1/1~6/6 P班天數 | BU1: 6/7~7/4 P班天數
D2: =RIGHT(TEXT(D1,"[$-404]aaaa;@"),1) -> a | E2: =RIGHT(TEXT(E1,"[$-404]aaaa;@"),1) -> a | F2: =RIGHT(TEXT(F1,"[$-404]aaaa;@"),1) -> a | G2: =RIGHT(TEXT(G1,"[$-404]aaaa;@"),1) -> a | H2: =RIGHT(TEXT(H1,"[$-404]aaaa;@"),1) -> a | I2: =RIGHT(TEXT(I1,"[$-404]aaaa;@"),1) -> a | J2: =RIGHT(TEXT(J1,"[$-404]aaaa;@"),1) -> a | K2: =RIGHT(TEXT(K1,"[$-404]aaaa;@"),1) -> a | ... AL2: =RIGHT(TEXT(AL1,"[$-404]aaaa;@"),1) -> a | AN2: r | AO2: R | AP2: r | AQ2: R | AR2: r | AS2: R | AT2: r | AU2: R | AV2: r | AW2: R | AX2: r | AY2: R | AZ2: 早 | BA2: 早A | BB2: 中 | BC2: 午 | BD2: 午F | BE2: 夜 | BF2: T | BG2: 日 | BH2: L | BI2: R | BJ2: r | BK2: P | BL2: 休假 日數 | BM2: R | BN2: R | BO2: R | BP2: R | BQ2: R
A3: A1 | B3: T01028 | C3: 林金緗 | D3: 01午M | E3: 01午m | F3: R | G3: 01夜B2 | H3: 01夜B1 | I3: 01夜B2 | J3: 01夜B1 | K3: r' | L3: r' | M3: 01午M | N3: 01午m | O3: R | P3: 01午B1 | Q3: 01午m | R3: 01午M | S3: R | T3: 01午m | U3: 01午M | V3: 01午m | W3: 01午M | X3: 01午m | Y3: R | Z3: 01午M | AA3: 01午m | AB3: r' | AC3: 01午m | AD3: 01午M | AE3: 01午m | AF3: 01午M | AG3: R | AH3: L | AI3: L | AJ3: r' | AK3: 日 | AL3: 01午M | AM3: =BT3+BU3 -> 10 | AN3: 2 | AO3: 2 | AP3: 4 | AQ3: 4 | AR3: =COUNTIF(K3:X3,"r'*") -> 2 | AS3: =COUNTIF(K3:X3,"R") -> 2 | AT3: =8-AN3-AP3-AR3 -> 0 | AU3: =8-AO3-AQ3-AS3 -> 0 | AV3: =COUNTIF(Y3:AL3,"r'*") -> 2 | AW3: =COUNTIF(Y3:AL3,"R") -> 2 | AX3: =COUNTIF(Y3:AL3,"r'*") -> 2 | AY3: =COUNTIF(Y3:AL3,"R") -> 2 | AZ3: =COUNTIF(G3:AK3,"*早*")-BA3 -> 0 | BA3: =COUNTIF(G3:AK3,"*早A") -> 0 | BB3: =COUNTIF(G3:AK3,"*中*") -> 0 | BC3: =COUNTIF(G3:AK3,"*午*")-BD3 -> 16 | BD3: =COUNTIF(G3:AK3,"*午F") -> 0 | BE3: =COUNTIF(G3:AK3,"*夜*") -> 4 | BF3: =COUNTIF(G3:AK3,"*T*") -> 0 | BG3: =COUNTIF(G3:AK3,"*日*") -> 1 | BH3: =COUNTIF(G3:AK3,"L") -> 2 | BI3: {=SUMPRODUCT(1*ISNUMBER(FIND("R",G3:AK3)))} -> 4 | BJ3: {=SUMPRODUCT(1*ISNUMBER(FIND("r",G3:AK3)))} -> 4 | BK3: {=SUMPRODUCT(1*ISNUMBER(FIND("P",G3:AK3)))-SUMPRODUCT(1*ISNUMBER(FIND("午P",G3:AK3)))} -> 0 | BL3: =SUM(G3:AK3) -> 0 | BM3: {=SUMPRODUCT(1*ISNUMBER(FIND("R",D3:J3)))} -> 1 | BN3: {=SUMPRODUCT(1*ISNUMBER(FIND("R",K3:Q3)))} -> 1 | BO3: {=SUMPRODUCT(1*ISNUMBER(FIND("R",R3:X3)))} -> 1 | BP3: {=SUMPRODUCT(1*ISNUMBER(FIND("R",Y3:AE3)))} -> 1 | BQ3: {=SUMPRODUCT(1*ISNUMBER(FIND("R",AF3:AL3)))} -> 1 | BR3: =SUM(AZ3:BK3) -> 31 | BT3: 10 | BU3: {=SUMPRODUCT(1*ISNUMBER(FIND("P",K3:AL3)))-SUMPRODUCT(1*ISNUMBER(FIND("午P",K3:AL3)))} -> 0
B4: T00509 | C4: 郭秋儀 | D4: 01早M | E4: 01早M | F4: 01午m | G4: P | H4: R | I4: 01午M | J4: 01午m | K4: R | L4: 01早m | M4: r' | N4: 01早M | O4: 01早m | P4: 01早M | Q4: r' | R4: 01夜B1 | S4: 01夜B2 | T4: R | U4: L | V4: L | W4: 01早m | X4: 01早M | Y4: 01早m | Z4: 01早m | AA4: R | AB4: 01中A | AC4: 01夜B2 | AD4: 01夜B1 | AE4: r' | AF4: r' | AG4: 01早B1 | AH4: 01早m | AI4: 01早M(身心減壓) | AJ4: R | AK4: 01早M | AL4: 01早m | AM4: =BT4+BU4 -> 10 | AN4: 2 | AO4: 2 | AP4: 4 | AQ4: 4 | AR4: =COUNTIF(K4:X4,"r'*") -> 2 | AS4: =COUNTIF(K4:X4,"R") -> 2 | AT4: =8-AN4-AP4-AR4 -> 0 | AU4: =8-AO4-AQ4-AS4 -> 0 | AV4: =COUNTIF(Y4:AL4,"r'*") -> 2 | AW4: =COUNTIF(Y4:AL4,"R") -> 2 | AX4: =COUNTIF(Y4:AL4,"r'*") -> 2 | AY4: =COUNTIF(Y4:AL4,"R") -> 2 | AZ4: =COUNTIF(G4:AK4,"*早*")-BA4 -> 12 | BA4: =COUNTIF(G4:AK4,"*早A") -> 0 | BB4: =COUNTIF(G4:AK4,"*中*") -> 1 | BC4: =COUNTIF(G4:AK4,"*午*")-BD4 -> 2 | BD4: =COUNTIF(G4:AK4,"*午F") -> 0 | BE4: =COUNTIF(G4:AK4,"*夜*") -> 4 | BF4: =COUNTIF(G4:AK4,"*T*") -> 0 | BG4: =COUNTIF(G4:AK4,"*日*") -> 0 | BH4: =COUNTIF(G4:AK4,"L") -> 2 | BI4: {=SUMPRODUCT(1*ISNUMBER(FIND("R",G4:AK4)))} -> 5 | BJ4: {=SUMPRODUCT(1*ISNUMBER(FIND("r",G4:AK4)))} -> 4 | BK4: {=SUMPRODUCT(1*ISNUMBER(FIND("P",G4:AK4)))-SUMPRODUCT(1*ISNUMBER(FIND("午P",G4:AK4)))} -> 1 | BL4: =SUM(G4:AK4) -> 0 | BM4: {=SUMPRODUCT(1*ISNUMBER(FIND("R",D4:J4)))} -> 1 | BN4: {=SUMPRODUCT(1*ISNUMBER(FIND("R",K4:Q4)))} -> 1 | BO4: {=SUMPRODUCT(1*ISNUMBER(FIND("R",R4:X4)))} -> 1 | BP4: {=SUMPRODUCT(1*ISNUMBER(FIND("R",Y4:AE4)))} -> 1 | BQ4: {=SUMPRODUCT(1*ISNUMBER(FIND("R",AF4:AL4)))} -> 1 | BR4: =SUM(AZ4:BK4) -> 31 | BT4: 10 | BU4: {=SUMPRODUCT(1*ISNUMBER(FIND("P",K4:AL4)))-SUMPRODUCT(1*ISNUMBER(FIND("午P",K4:AL4)))} -> 0
B5: T01029 | C5: 林雯琳 | D5: 01午m | E5: 01午B1 | F5: R | G5: 01午M | H5: 01午M | I5: 01午B1 | J5: 01午M | K5: R | L5: 01午M | M5: 01午m | N5: 01午M | O5: r' | P5: r' | Q5: 01午M | R5: 01午m | S5: 01午M | T5: R | U5: L | V5: L | W5: 01夜B1 | X5: 01夜B2 | Y5: R | Z5: r' | AA5: 01午M | AB5: 01午m | AC5: 01午M | AD5: 01中A | AE5: L | AF5: L | AG5: R | AH5: 日 | AI5: 01午B1 | AJ5: r' | AK5: 01夜B1 | AL5: 01夜B2 | AM5: =BT5+BU5 -> 10 | AN5: 2 | AO5: 2 | AP5: 4 | AQ5: 4 | AR5: =COUNTIF(K5:X5,"r'*") -> 2 | AS5: =COUNTIF(K5:X5,"R") -> 2 | AT5: =8-AN5-AP5-AR5 -> 0 | AU5: =8-AO5-AQ5-AS5 -> 0 | AV5: =COUNTIF(Y5:AL5,"r'*") -> 2 | AW5: =COUNTIF(Y5:AL5,"R") -> 2 | AX5: =COUNTIF(Y5:AL5,"r'*") -> 2 | AY5: =COUNTIF(Y5:AL5,"R") -> 2 | AZ5: =COUNTIF(G5:AK5,"*早*")-BA5 -> 0 | BA5: =COUNTIF(G5:AK5,"*早A") -> 0 | BB5: =COUNTIF(G5:AK5,"*中*") -> 1 | BC5: =COUNTIF(G5:AK5,"*午*")-BD5 -> 14 | BD5: =COUNTIF(G5:AK5,"*午F") -> 0 | BE5: =COUNTIF(G5:AK5,"*夜*") -> 3 | BF5: =COUNTIF(G5:AK5,"*T*") -> 0 | BG5: =COUNTIF(G5:AK5,"*日*") -> 1 | BH5: =COUNTIF(G5:AK5,"L") -> 4 | BI5: {=SUMPRODUCT(1*ISNUMBER(FIND("R",G5:AK5)))} -> 4 | BJ5: {=SUMPRODUCT(1*ISNUMBER(FIND("r",G5:AK5)))} -> 4 | BK5: {=SUMPRODUCT(1*ISNUMBER(FIND("P",G5:AK5)))-SUMPRODUCT(1*ISNUMBER(FIND("午P",G5:AK5)))} -> 0 | BL5: =SUM(G5:AK5) -> 0 | BM5: {=SUMPRODUCT(1*ISNUMBER(FIND("R",D5:J5)))} -> 1 | BN5: {=SUMPRODUCT(1*ISNUMBER(FIND("R",K5:Q5)))} -> 1 | BO5: {=SUMPRODUCT(1*ISNUMBER(FIND("R",R5:X5)))} -> 1 | BP5: {=SUMPRODUCT(1*ISNUMBER(FIND("R",Y5:AE5)))} -> 1 | BQ5: {=SUMPRODUCT(1*ISNUMBER(FIND("R",AF5:AL5)))} -> 1 | BR5: =SUM(AZ5:BK5) -> 31 | BT5: 10 | BU5: {=SUMPRODUCT(1*ISNUMBER(FIND("P",K5:AL5)))-SUMPRODUCT(1*ISNUMBER(FIND("午P",K5:AL5)))} -> 0
B6: T01734 | C6: 黃冠銘 | D6: 01早m | E6: R | F6: 01早m | G6: 01早M | H6: 01早m | I6: 01早M | J6: 01早M | K6: r' | L6: R | M6: L | N6: L | O6: L | P6: 01早m | Q6: 01早M | R6: 01早m | S6: R | T6: 01早M | U6: 01早m | V6: 01夜B1 | W6: 01夜B2 | X6: r' | Y6: R | Z6: 01早M | AA6: 01早m | AB6: 01夜B2 | AC6: 01夜B1 | AD6: r' | AE6: r' | AF6: 01早m | AG6: 01早M | AH6: 日 | AI6: R | AJ6: 01早M | AK6: 01早m | AL6: 01早B1 | AM6: =BT6+BU6 -> 9 | AN6: 2 | AO6: 2 | AP6: 4 | AQ6: 4 | AR6: =COUNTIF(K6:X6,"r'*") -> 2 | AS6: =COUNTIF(K6:X6,"R") -> 2 | AT6: =8-AN6-AP6-AR6 -> 0 | AU6: =8-AO6-AQ6-AS6 -> 0 | AV6: =COUNTIF(Y6:AL6,"r'*") -> 2 | AW6: =COUNTIF(Y6:AL6,"R") -> 2 | AX6: =COUNTIF(Y6:AL6,"r'*") -> 2 | AY6: =COUNTIF(Y6:AL6,"R") -> 2 | AZ6: =COUNTIF(G6:AK6,"*早*")-BA6 -> 15 | BA6: =COUNTIF(G6:AK6,"*早A") -> 0 | BB6: =COUNTIF(G6:AK6,"*中*") -> 0 | BC6: =COUNTIF(G6:AK6,"*午*")-BD6 -> 0 | BD6: =COUNTIF(G6:AK6,"*午F") -> 0 | BE6: =COUNTIF(G6:AK6,"*夜*") -> 4 | BF6: =COUNTIF(G6:AK6,"*T*") -> 0 | BG6: =COUNTIF(G6:AK6,"*日*") -> 1 | BH6: =COUNTIF(G6:AK6,"L") -> 3 | BI6: {=SUMPRODUCT(1*ISNUMBER(FIND("R",G6:AK6)))} -> 4 | BJ6: {=SUMPRODUCT(1*ISNUMBER(FIND("r",G6:AK6)))} -> 4 | BK6: {=SUMPRODUCT(1*ISNUMBER(FIND("P",G6:AK6)))-SUMPRODUCT(1*ISNUMBER(FIND("午P",G6:AK6)))} -> 0 | BL6: =SUM(G6:AK6) -> 0 | BM6: {=SUMPRODUCT(1*ISNUMBER(FIND("R",D6:J6)))} -> 1 | BN6: {=SUMPRODUCT(1*ISNUMBER(FIND("R",K6:Q6)))} -> 1 | BO6: {=SUMPRODUCT(1*ISNUMBER(FIND("R",R6:X6)))} -> 1 | BP6: {=SUMPRODUCT(1*ISNUMBER(FIND("R",Y6:AE6)))} -> 1 | BQ6: {=SUMPRODUCT(1*ISNUMBER(FIND("R",AF6:AL6)))} -> 1 | BR6: =SUM(AZ6:BK6) -> 31 | BT6: 9 | BU6: {=SUMPRODUCT(1*ISNUMBER(FIND("P",K6:AL6)))-SUMPRODUCT(1*ISNUMBER(FIND("午P",K6:AL6)))} -> 0
B7: T02287 | C7: 林江玉 | D7: R | E7: P | F7: 01中A | G7: 01早B1 | H7: 01早M | I7: 01早m | J7: r' | K7: R | L7: L | M7: L | N7: L | O7: L | P7: L | Q7: r' | R7: R | S7: L | T7: L | U7: L | V7: L | W7: L | X7: r' | Y7: R | Z7: L | AA7: 日 | AB7: 01早M加(AFC訓) | AC7: 01中A | AD7: r' | AE7: 01早m | AF7: 01早M | AG7: 01夜B2 | AH7: 01夜B1 | AI7: 01夜B2 | AJ7: r' | AK7: R | AL7: 01夜B1 | AM7: =BT7+BU7 -> 11 | AN7: 2 | AO7: 2 | AP7: 4 | AQ7: 4 | AR7: =COUNTIF(K7:X7,"r'*") -> 2 | AS7: =COUNTIF(K7:X7,"R") -> 2 | AT7: =8-AN7-AP7-AR7 -> 0 | AU7: =8-AO7-AQ7-AS7 -> 0 | AV7: =COUNTIF(Y7:AL7,"r'*") -> 2 | AW7: =COUNTIF(Y7:AL7,"R") -> 2 | AX7: =COUNTIF(Y7:AL7,"r'*") -> 2 | AY7: =COUNTIF(Y7:AL7,"R") -> 2 | AZ7: =COUNTIF(G7:AK7,"*早*")-BA7 -> 6 | BA7: =COUNTIF(G7:AK7,"*早A") -> 0 | BB7: =COUNTIF(G7:AK7,"*中*") -> 1 | BC7: =COUNTIF(G7:AK7,"*午*")-BD7 -> 0 | BD7: =COUNTIF(G7:AK7,"*午F") -> 0 | BE7: =COUNTIF(G7:AK7,"*夜*") -> 3 | BF7: =COUNTIF(G7:AK7,"*T*") -> 0 | BG7: =COUNTIF(G7:AK7,"*日*") -> 1 | BH7: =COUNTIF(G7:AK7,"L") -> 11 | BI7: {=SUMPRODUCT(1*ISNUMBER(FIND("R",G7:AK7)))} -> 4 | BJ7: {=SUMPRODUCT(1*ISNUMBER(FIND("r",G7:AK7)))} -> 5 | BK7: {=SUMPRODUCT(1*ISNUMBER(FIND("P",G7:AK7)))-SUMPRODUCT(1*ISNUMBER(FIND("午P",G7:AK7)))} -> 0 | BL7: =SUM(G7:AK7) -> 0 | BM7: {=SUMPRODUCT(1*ISNUMBER(FIND("R",D7:J7)))} -> 1 | BN7: {=SUMPRODUCT(1*ISNUMBER(FIND("R",K7:Q7)))} -> 1 | BO7: {=SUMPRODUCT(1*ISNUMBER(FIND("R",R7:X7)))} -> 1 | BP7: {=SUMPRODUCT(1*ISNUMBER(FIND("R",Y7:AE7)))} -> 1 | BQ7: {=SUMPRODUCT(1*ISNUMBER(FIND("R",AF7:AL7)))} -> 1 | BR7: =SUM(AZ7:BK7) -> 31 | BT7: 11 | BU7: {=SUMPRODUCT(1*ISNUMBER(FIND("P",K7:AL7)))-SUMPRODUCT(1*ISNUMBER(FIND("午P",K7:AL7)))} -> 0
B8: T02359 | C8: 陳佳婷 | D8: R | E8: r' | F8: 01早M | G8: 01早m | H8: 01中A | I8: r' | J8: 01早m | K8: 01早m | L8: 01早M | M8: 01早m | N8: R | O8: 01早M | P8: r' | Q8: 01早m | R8: 01早M | S8: 01早m | T8: 01夜B1 | U8: 01夜B2 | V8: R | W8: r' | X8: 01早m | Y8: R | Z8: r' | AA8: 01早M | AB8: 日 | AC8: 01早M | AD8: 01早m | AE8: 01早M | AF8: R | AG8: 01早m | AH8: 01早M | AI8: 01早m(身心減壓) | AJ8: 01夜B1 | AK8: 01夜B2 | AL8: r' | AM8: =BT8+BU8 -> 9 | AN8: 2 | AO8: 2 | AP8: 4 | AQ8: 4 | AR8: =COUNTIF(K8:X8,"r'*") -> 2 | AS8: =COUNTIF(K8:X8,"R") -> 2 | AT8: =8-AN8-AP8-AR8 -> 0 | AU8: =8-AO8-AQ8-AS8 -> 0 | AV8: =COUNTIF(Y8:AL8,"r'*") -> 2 | AW8: =COUNTIF(Y8:AL8,"R") -> 2 | AX8: =COUNTIF(Y8:AL8,"r'*") -> 2 | AY8: =COUNTIF(Y8:AL8,"R") -> 2 | AZ8: =COUNTIF(G8:AK8,"*早*")-BA8 -> 17 | BA8: =COUNTIF(G8:AK8,"*早A") -> 0 | BB8: =COUNTIF(G8:AK8,"*中*") -> 1 | BC8: =COUNTIF(G8:AK8,"*午*")-BD8 -> 0 | BD8: =COUNTIF(G8:AK8,"*午F") -> 0 | BE8: =COUNTIF(G8:AK8,"*夜*") -> 4 | BF8: =COUNTIF(G8:AK8,"*T*") -> 0 | BG8: =COUNTIF(G8:AK8,"*日*") -> 1 | BH8: =COUNTIF(G8:AK8,"L") -> 0 | BI8: {=SUMPRODUCT(1*ISNUMBER(FIND("R",G8:AK8)))} -> 4 | BJ8: {=SUMPRODUCT(1*ISNUMBER(FIND("r",G8:AK8)))} -> 4 | BK8: {=SUMPRODUCT(1*ISNUMBER(FIND("P",G8:AK8)))-SUMPRODUCT(1*ISNUMBER(FIND("午P",G8:AK8)))} -> 0 | BL8: =SUM(G8:AK8) -> 0 | BM8: {=SUMPRODUCT(1*ISNUMBER(FIND("R",D8:J8)))} -> 1 | BN8: {=SUMPRODUCT(1*ISNUMBER(FIND("R",K8:Q8)))} -> 1 | BO8: {=SUMPRODUCT(1*ISNUMBER(FIND("R",R8:X8)))} -> 1 | BP8: {=SUMPRODUCT(1*ISNUMBER(FIND("R",Y8:AE8)))} -> 1 | BQ8: {=SUMPRODUCT(1*ISNUMBER(FIND("R",AF8:AL8)))} -> 1 | BR8: =SUM(AZ8:BK8) -> 31 | BT8: 9 | BU8: {=SUMPRODUCT(1*ISNUMBER(FIND("P",K8:AL8)))-SUMPRODUCT(1*ISNUMBER(FIND("午P",K8:AL8)))} -> 0
B9: T02363 | C9: 林孟錡 | D9: 01夜B1 | E9: 01夜B2 | F9: 01夜B1 | G9: R | H9: 01夜B2 | I9: 01夜B1 | J9: 01夜B2 | K9: 01夜B2 | L9: 01夜B1 | M9: 01夜B2 | N9: R | O9: r' | P9: r' | Q9: 01夜B1 | R9: 01夜B2 | S9: 01夜B1 | T9: 01夜B2 | U9: 01夜B1 | V9: 01夜B2 | W9: R | X9: 01夜B1 | Y9: 01夜B2 | Z9: 01夜B1 | AA9: 01夜B2 | AB9: 01夜B1 | AC9: R | AD9: 01夜B2 | AE9: 01夜B1 | AF9: 01夜B2 | AG9: R | AH9: 01夜B2 | AI9: 01夜B1 | AJ9: 01夜B2 | AK9: r' | AL9: r' | AM9: =BT9+BU9 -> 10 | AN9: 2 | AO9: 2 | AP9: 4 | AQ9: 4 | AR9: =COUNTIF(K9:X9,"r'*") -> 2 | AS9: =COUNTIF(K9:X9,"R") -> 2 | AT9: =8-AN9-AP9-AR9 -> 0 | AU9: =8-AO9-AQ9-AS9 -> 0 | AV9: =COUNTIF(Y9:AL9,"r'*") -> 2 | AW9: =COUNTIF(Y9:AL9,"R") -> 2 | AX9: =COUNTIF(Y9:AL9,"r'*") -> 2 | AY9: =COUNTIF(Y9:AL9,"R") -> 2 | AZ9: =COUNTIF(G9:AK9,"*早*")-BA9 -> 0 | BA9: =COUNTIF(G9:AK9,"*早A") -> 0 | BB9: =COUNTIF(G9:AK9,"*中*") -> 0 | BC9: =COUNTIF(G9:AK9,"*午*")-BD9 -> 0 | BD9: =COUNTIF(G9:AK9,"*午F") -> 0 | BE9: =COUNTIF(G9:AK9,"*夜*") -> 23 | BF9: =COUNTIF(G9:AK9,"*T*") -> 0 | BG9: =COUNTIF(G9:AK9,"*日*") -> 0 | BH9: =COUNTIF(G9:AK9,"L") -> 0 | BI9: {=SUMPRODUCT(1*ISNUMBER(FIND("R",G9:AK9)))} -> 5 | BJ9: {=SUMPRODUCT(1*ISNUMBER(FIND("r",G9:AK9)))} -> 3 | BK9: {=SUMPRODUCT(1*ISNUMBER(FIND("P",G9:AK9)))-SUMPRODUCT(1*ISNUMBER(FIND("午P",G9:AK9)))} -> 0 | BL9: =SUM(G9:AK9) -> 0 | BM9: {=SUMPRODUCT(1*ISNUMBER(FIND("R",D9:J9)))} -> 1 | BN9: {=SUMPRODUCT(1*ISNUMBER(FIND("R",K9:Q9)))} -> 1 | BO9: {=SUMPRODUCT(1*ISNUMBER(FIND("R",R9:X9)))} -> 1 | BP9: {=SUMPRODUCT(1*ISNUMBER(FIND("R",Y9:AE9)))} -> 1 | BQ9: {=SUMPRODUCT(1*ISNUMBER(FIND("R",AF9:AL9)))} -> 1 | BR9: =SUM(AZ9:BK9) -> 31 | BT9: 10 | BU9: {=SUMPRODUCT(1*ISNUMBER(FIND("P",K9:AL9)))-SUMPRODUCT(1*ISNUMBER(FIND("午P",K9:AL9)))} -> 0
B10: T02504 | C10: 潘元浩 | D10: 01午B1 | E10: 01午M | F10: 01午M | G10: r' | H10: R | I10: 01午m | J10: 01午B1 | K10: 01午m | L10: R | M10: 01夜B1 | N10: 01夜B2 | O10: 01夜B1 | P10: 01夜B2 | Q10: r' | R10: R | S10: 01午m | T10: 01午M | U10: r' | V10: 01午B1 | W10: 01午m | X10: 01午M | Y10: 01午m | Z10: r' | AA10: 日 | AB10: 01午M | AC10: R | AD10: L | AE10: L | AF10: r' | AG10: 01午m | AH10: 01午M | AI10: 01中A | AJ10: 01午M | AK10: 01午m | AL10: R | AM10: =BT10+BU10 -> 9 | AN10: 2 | AO10: 2 | AP10: 4 | AQ10: 4 | AR10: =COUNTIF(K10:X10,"r'*") -> 2 | AS10: =COUNTIF(K10:X10,"R") -> 2 | AT10: =8-AN10-AP10-AR10 -> 0 | AU10: =8-AO10-AQ10-AS10 -> 0 | AV10: =COUNTIF(Y10:AL10,"r'*") -> 2 | AW10: =COUNTIF(Y10:AL10,"R") -> 2 | AX10: =COUNTIF(Y10:AL10,"r'*") -> 2 | AY10: =COUNTIF(Y10:AL10,"R") -> 2 | AZ10: =COUNTIF(G10:AK10,"*早*")-BA10 -> 0 | BA10: =COUNTIF(G10:AK10,"*早A") -> 0 | BB10: =COUNTIF(G10:AK10,"*中*") -> 1 | BC10: =COUNTIF(G10:AK10,"*午*")-BD10 -> 14 | BD10: =COUNTIF(G10:AK10,"*午F") -> 0 | BE10: =COUNTIF(G10:AK10,"*夜*") -> 4 | BF10: =COUNTIF(G10:AK10,"*T*") -> 0 | BG10: =COUNTIF(G10:AK10,"*日*") -> 1 | BH10: =COUNTIF(G10:AK10,"L") -> 2 | BI10: {=SUMPRODUCT(1*ISNUMBER(FIND("R",G10:AK10)))} -> 4 | BJ10: {=SUMPRODUCT(1*ISNUMBER(FIND("r",G10:AK10)))} -> 5 | BK10: {=SUMPRODUCT(1*ISNUMBER(FIND("P",G10:AK10)))-SUMPRODUCT(1*ISNUMBER(FIND("午P",G10:AK10)))} -> 0 | BL10: =SUM(G10:AK10) -> 0 | BM10: {=SUMPRODUCT(1*ISNUMBER(FIND("R",D10:J10)))} -> 1 | BN10: {=SUMPRODUCT(1*ISNUMBER(FIND("R",K10:Q10)))} -> 1 | BO10: {=SUMPRODUCT(1*ISNUMBER(FIND("R",R10:X10)))} -> 1 | BP10: {=SUMPRODUCT(1*ISNUMBER(FIND("R",Y10:AE10)))} -> 1 | BQ10: {=SUMPRODUCT(1*ISNUMBER(FIND("R",AF10:AL10)))} -> 1 | BR10: =SUM(AZ10:BK10) -> 31 | BT10: 9 | BU10: {=SUMPRODUCT(1*ISNUMBER(FIND("P",K10:AL10)))-SUMPRODUCT(1*ISNUMBER(FIND("午P",K10:AL10)))} -> 0
B11: T02505 | C11: 李慧盺 | D11: 01夜B2 | E11: 01夜B1 | F11: 01夜B2 | G11: 01夜B1 | H11: R | I11: P | J11: r' | K11: 01午M | L11: 01午m | M11: R | N11: 01夜B1 | O11: 01夜B2 | P11: 01夜B1 | Q11: 01夜B2 | R11: r' | S11: r' | T11: 01中A | U11: 01午m | V11: 01午M | W11: R | X11: 01午B1 | Y11: 01午M | Z11: 01午m | AA11: r' | AB11: 日 | AC11: R | AD11: L | AE11: L | AF11: r' | AG11: 01午M | AH11: 01午m | AI11: 01午M | AJ11: 01午m | AK11: 01午B1 | AL11: R | AM11: =BT11+BU11 -> 10 | AN11: 2 | AO11: 2 | AP11: 4 | AQ11: 4 | AR11: =COUNTIF(K11:X11,"r'*") -> 2 | AS11: =COUNTIF(K11:X11,"R") -> 2 | AT11: =8-AN11-AP11-AR11 -> 0 | AU11: =8-AO11-AQ11-AS11 -> 0 | AV11: =COUNTIF(Y11:AL11,"r'*") -> 2 | AW11: =COUNTIF(Y11:AL11,"R") -> 2 | AX11: =COUNTIF(Y11:AL11,"r'*") -> 2 | AY11: =COUNTIF(Y11:AL11,"R") -> 2 | AZ11: =COUNTIF(G11:AK11,"*早*")-BA11 -> 0 | BA11: =COUNTIF(G11:AK11,"*早A") -> 0 | BB11: =COUNTIF(G11:AK11,"*中*") -> 1 | BC11: =COUNTIF(G11:AK11,"*午*")-BD11 -> 12 | BD11: =COUNTIF(G11:AK11,"*午F") -> 0 | BE11: =COUNTIF(G11:AK11,"*夜*") -> 5 | BF11: =COUNTIF(G11:AK11,"*T*") -> 0 | BG11: =COUNTIF(G11:AK11,"*日*") -> 1 | BH11: =COUNTIF(G11:AK11,"L") -> 2 | BI11: {=SUMPRODUCT(1*ISNUMBER(FIND("R",G11:AK11)))} -> 4 | BJ11: {=SUMPRODUCT(1*ISNUMBER(FIND("r",G11:AK11)))} -> 5 | BK11: {=SUMPRODUCT(1*ISNUMBER(FIND("P",G11:AK11)))-SUMPRODUCT(1*ISNUMBER(FIND("午P",G11:AK11)))} -> 1 | BL11: =SUM(G11:AK11) -> 0 | BM11: {=SUMPRODUCT(1*ISNUMBER(FIND("R",D11:J11)))} -> 1 | BN11: {=SUMPRODUCT(1*ISNUMBER(FIND("R",K11:Q11)))} -> 1 | BO11: {=SUMPRODUCT(1*ISNUMBER(FIND("R",R11:X11)))} -> 1 | BP11: {=SUMPRODUCT(1*ISNUMBER(FIND("R",Y11:AE11)))} -> 1 | BQ11: {=SUMPRODUCT(1*ISNUMBER(FIND("R",AF11:AL11)))} -> 1 | BR11: =SUM(AZ11:BK11) -> 31 | BT11: 10 | BU11: {=SUMPRODUCT(1*ISNUMBER(FIND("P",K11:AL11)))-SUMPRODUCT(1*ISNUMBER(FIND("午P",K11:AL11)))} -> 0
B12: T02776 | C12: 陳怡臻 | D12: 01早B2(跟) | E12: 01早B1(跟) | F12: 01午M | G12: 01午m | H12: 01午m | I12: R | J12: 01午B2 | K12: 01夜B1 | L12: 01夜B2 | M12: r' | N12: r' | O12: 01午m | P12: 01午M | Q12: R | R12: R | S12: r' | T12: 01早m | U12: 01早B2 | V12: 01早M | W12: 01早B2 | X12: 01中A | Y12: 01早M | Z12: R | AA12: r' | AB12: 01早m加(AFC訓) | AC12: 01早m | AD12: 01早M | AE12: 01夜B2 | AF12: 01夜B1 | AG12: r' | AH12: R | AI12: 01午m | AJ12: 01午B1 | AK12: 01午M | AL12: 01午m | AM12: =BT12+BU12 -> 10 | AN12: 2 | AO12: 2 | AP12: 3 | AQ12: 4 | AR12: =COUNTIF(K12:X12,"r'*") -> 3 | AS12: =COUNTIF(K12:X12,"R") -> 2 | AT12: =8-AN12-AP12-AR12 -> 0 | AU12: =8-AO12-AQ12-AS12 -> 0 | AV12: =COUNTIF(Y12:AL12,"r'*") -> 2 | AW12: =COUNTIF(Y12:AL12,"R") -> 2 | AX12: =COUNTIF(Y12:AL12,"r'*") -> 2 | AY12: =COUNTIF(Y12:AL12,"R") -> 2 | AZ12: =COUNTIF(G12:AK12,"*早*")-BA12 -> 8 | BA12: =COUNTIF(G12:AK12,"*早A") -> 0 | BB12: =COUNTIF(G12:AK12,"*中*") -> 1 | BC12: =COUNTIF(G12:AK12,"*午*")-BD12 -> 8 | BD12: =COUNTIF(G12:AK12,"*午F") -> 0 | BE12: =COUNTIF(G12:AK12,"*夜*") -> 4 | BF12: =COUNTIF(G12:AK12,"*T*") -> 0 | BG12: =COUNTIF(G12:AK12,"*日*") -> 0 | BH12: =COUNTIF(G12:AK12,"L") -> 0 | BI12: {=SUMPRODUCT(1*ISNUMBER(FIND("R",G12:AK12)))} -> 5 | BJ12: {=SUMPRODUCT(1*ISNUMBER(FIND("r",G12:AK12)))} -> 5 | BK12: {=SUMPRODUCT(1*ISNUMBER(FIND("P",G12:AK12)))-SUMPRODUCT(1*ISNUMBER(FIND("午P",G12:AK12)))} -> 0 | BL12: =SUM(G12:AK12) -> 0 | BM12: {=SUMPRODUCT(1*ISNUMBER(FIND("R",D12:J12)))} -> 1 | BN12: {=SUMPRODUCT(1*ISNUMBER(FIND("R",K12:Q12)))} -> 1 | BO12: {=SUMPRODUCT(1*ISNUMBER(FIND("R",R12:X12)))} -> 1 | BP12: {=SUMPRODUCT(1*ISNUMBER(FIND("R",Y12:AE12)))} -> 1 | BQ12: {=SUMPRODUCT(1*ISNUMBER(FIND("R",AF12:AL12)))} -> 1 | BR12: =SUM(AZ12:BK12) -> 31 | BT12: 10 | BU12: {=SUMPRODUCT(1*ISNUMBER(FIND("P",K12:AL12)))-SUMPRODUCT(1*ISNUMBER(FIND("午P",K12:AL12)))} -> 0
B13: T02777 | C13: 彭裕涵 | D13: 01午m | E13: 01午B1 | F13: r' | G13: R | H13: r' | I13: 01早B1(跟) | J13: 01早B2 | K13: 01早M | L13: r' | M13: 01早M | N13: 01早m | O13: 01午M | P13: 01午m | Q13: R | R13: R | S13: 01早M | T13: r' | U13: 01早M | V13: 01早m | W13: 01早M | X13: r' | Y13: 01夜B1 | Z13: 01夜B2 | AA13: 01夜B1 | AB13: r' | AC13: R | AD13: 01午m | AE13: 01午M | AF13: 01午m | AG13: 01夜B1 | AH13: r' | AI13: R | AJ13: 01早m | AK13: 01中A | AL13: 01早M | AM13: =BT13+BU13 -> 10 | AN13: 2 | AO13: 2 | AP13: 3 | AQ13: 4 | AR13: =COUNTIF(K13:X13,"r'*") -> 3 | AS13: =COUNTIF(K13:X13,"R") -> 2 | AT13: =8-AN13-AP13-AR13 -> 0 | AU13: =8-AO13-AQ13-AS13 -> 0 | AV13: =COUNTIF(Y13:AL13,"r'*") -> 2 | AW13: =COUNTIF(Y13:AL13,"R") -> 2 | AX13: =COUNTIF(Y13:AL13,"r'*") -> 2 | AY13: =COUNTIF(Y13:AL13,"R") -> 2 | AZ13: =COUNTIF(G13:AK13,"*早*")-BA13 -> 10 | BA13: =COUNTIF(G13:AK13,"*早A") -> 0 | BB13: =COUNTIF(G13:AK13,"*中*") -> 1 | BC13: =COUNTIF(G13:AK13,"*午*")-BD13 -> 5 | BD13: =COUNTIF(G13:AK13,"*午F") -> 0 | BE13: =COUNTIF(G13:AK13,"*夜*") -> 4 | BF13: =COUNTIF(G13:AK13,"*T*") -> 0 | BG13: =COUNTIF(G13:AK13,"*日*") -> 0 | BH13: =COUNTIF(G13:AK13,"L") -> 0 | BI13: {=SUMPRODUCT(1*ISNUMBER(FIND("R",G13:AK13)))} -> 5 | BJ13: {=SUMPRODUCT(1*ISNUMBER(FIND("r",G13:AK13)))} -> 6 | BK13: {=SUMPRODUCT(1*ISNUMBER(FIND("P",G13:AK13)))-SUMPRODUCT(1*ISNUMBER(FIND("午P",G13:AK13)))} -> 0 | BL13: =SUM(G13:AK13) -> 0 | BM13: {=SUMPRODUCT(1*ISNUMBER(FIND("R",D13:J13)))} -> 1 | BN13: {=SUMPRODUCT(1*ISNUMBER(FIND("R",K13:Q13)))} -> 1 | BO13: {=SUMPRODUCT(1*ISNUMBER(FIND("R",R13:X13)))} -> 1 | BP13: {=SUMPRODUCT(1*ISNUMBER(FIND("R",Y13:AE13)))} -> 1 | BQ13: {=SUMPRODUCT(1*ISNUMBER(FIND("R",AF13:AL13)))} -> 1 | BR13: =SUM(AZ13:BK13) -> 31 | BT13: 10 | BU13: {=SUMPRODUCT(1*ISNUMBER(FIND("P",K13:AL13)))-SUMPRODUCT(1*ISNUMBER(FIND("午P",K13:AL13)))} -> 0
B14: T00557 | C14: 陳志明 | D14: 01早B2 | E14: r' | F14: L | G14: R | H14: 01早B1 | I14: 01早B1 | J14: r' | K14: 01早B2 | L14: 01早B1 | M14: 01早B2 | N14: 01早B1 | O14: 01早B2 | P14: L | Q14: R | R14: R | S14: 01早B1 | T14: 01午B2 | U14: 01午B1 | V14: 01中A | W14: r' | X14: r' | Y14: 01午B1 | Z14: R | AA14: 01午B1 | AB14: 日 | AC14: r' | AD14: r' | AE14: 01午B2 | AF14: 01午B1 | AG14: 01中A | AH14: R | AI14: 01早B2(身心減壓) | AJ14: 01早B2 | AK14: P | AL14: 01午B2 | AM14: =BT14+BU14 -> 9 | AN14: 2 | AO14: 2 | AP14: 4 | AQ14: 4 | AR14: =COUNTIF(K14:X14,"r'*") -> 2 | AS14: =COUNTIF(K14:X14,"R") -> 2 | AT14: =8-AN14-AP14-AR14 -> 0 | AU14: =8-AO14-AQ14-AS14 -> 0 | AV14: =COUNTIF(Y14:AL14,"r'*") -> 2 | AW14: =COUNTIF(Y14:AL14,"R") -> 2 | AX14: =COUNTIF(Y14:AL14,"r'*") -> 2 | AY14: =COUNTIF(Y14:AL14,"R") -> 2 | AZ14: =COUNTIF(G14:AK14,"*早*")-BA14 -> 10 | BA14: =COUNTIF(G14:AK14,"*早A") -> 0 | BB14: =COUNTIF(G14:AK14,"*中*") -> 2 | BC14: =COUNTIF(G14:AK14,"*午*")-BD14 -> 6 | BD14: =COUNTIF(G14:AK14,"*午F") -> 0 | BE14: =COUNTIF(G14:AK14,"*夜*") -> 0 | BF14: =COUNTIF(G14:AK14,"*T*") -> 0 | BG14: =COUNTIF(G14:AK14,"*日*") -> 1 | BH14: =COUNTIF(G14:AK14,"L") -> 1 | BI14: {=SUMPRODUCT(1*ISNUMBER(FIND("R",G14:AK14)))} -> 5 | BJ14: {=SUMPRODUCT(1*ISNUMBER(FIND("r",G14:AK14)))} -> 5 | BK14: {=SUMPRODUCT(1*ISNUMBER(FIND("P",G14:AK14)))-SUMPRODUCT(1*ISNUMBER(FIND("午P",G14:AK14)))} -> 1 | BL14: =SUM(G14:AK14) -> 0 | BM14: {=SUMPRODUCT(1*ISNUMBER(FIND("R",D14:J14)))} -> 1 | BN14: {=SUMPRODUCT(1*ISNUMBER(FIND("R",K14:Q14)))} -> 1 | BO14: {=SUMPRODUCT(1*ISNUMBER(FIND("R",R14:X14)))} -> 1 | BP14: {=SUMPRODUCT(1*ISNUMBER(FIND("R",Y14:AE14)))} -> 1 | BQ14: {=SUMPRODUCT(1*ISNUMBER(FIND("R",AF14:AL14)))} -> 1 | BR14: =SUM(AZ14:BK14) -> 31 | BT14: 8 | BU14: {=SUMPRODUCT(1*ISNUMBER(FIND("P",K14:AL14)))-SUMPRODUCT(1*ISNUMBER(FIND("午P",K14:AL14)))} -> 1
B15: T00929 | C15: 簡婉蓁 | D15: 01午B1 | E15: 01午B2 | F15: R | G15: 01早B1 | H15: 01早B2 | I15: 01中A | J15: r' | K15: r' | L15: R | M15: P | N15: P | O15: P | P15: P | Q15: r' | R15: R | S15: 01早B2 | T15: 01早B1 | U15: 01早B2 | V15: 01早B1 | W15: 01中A | X15: 01早B1 | Y15: R | Z15: 01早B2 | AA15: 01早B1 | AB15: 01早B1加(AFC訓) | AC15: 日 | AD15: r' | AE15: r' | AF15: 01早B1 | AG15: 01早B2 | AH15: 01早B1 | AI15: 01早B2(身心減壓) | AJ15: 01早B1 | AK15: R | AL15: 01早B2 | AM15: =BT15+BU15 -> 10 | AN15: 2 | AO15: 2 | AP15: 4 | AQ15: 4 | AR15: =COUNTIF(K15:X15,"r'*") -> 2 | AS15: =COUNTIF(K15:X15,"R") -> 2 | AT15: =8-AN15-AP15-AR15 -> 0 | AU15: =8-AO15-AQ15-AS15 -> 0 | AV15: =COUNTIF(Y15:AL15,"r'*") -> 2 | AW15: =COUNTIF(Y15:AL15,"R") -> 2 | AX15: =COUNTIF(Y15:AL15,"r'*") -> 2 | AY15: =COUNTIF(Y15:AL15,"R") -> 2 | AZ15: =COUNTIF(G15:AK15,"*早*")-BA15 -> 15 | BA15: =COUNTIF(G15:AK15,"*早A") -> 0 | BB15: =COUNTIF(G15:AK15,"*中*") -> 2 | BC15: =COUNTIF(G15:AK15,"*午*")-BD15 -> 0 | BD15: =COUNTIF(G15:AK15,"*午F") -> 0 | BE15: =COUNTIF(G15:AK15,"*夜*") -> 0 | BF15: =COUNTIF(G15:AK15,"*T*") -> 0 | BG15: =COUNTIF(G15:AK15,"*日*") -> 1 | BH15: =COUNTIF(G15:AK15,"L") -> 0 | BI15: {=SUMPRODUCT(1*ISNUMBER(FIND("R",G15:AK15)))} -> 4 | BJ15: {=SUMPRODUCT(1*ISNUMBER(FIND("r",G15:AK15)))} -> 5 | BK15: {=SUMPRODUCT(1*ISNUMBER(FIND("P",G15:AK15)))-SUMPRODUCT(1*ISNUMBER(FIND("午P",G15:AK15)))} -> 4 | BL15: =SUM(G15:AK15) -> 0 | BM15: {=SUMPRODUCT(1*ISNUMBER(FIND("R",D15:J15)))} -> 1 | BN15: {=SUMPRODUCT(1*ISNUMBER(FIND("R",K15:Q15)))} -> 1 | BO15: {=SUMPRODUCT(1*ISNUMBER(FIND("R",R15:X15)))} -> 1 | BP15: {=SUMPRODUCT(1*ISNUMBER(FIND("R",Y15:AE15)))} -> 1 | BQ15: {=SUMPRODUCT(1*ISNUMBER(FIND("R",AF15:AL15)))} -> 1 | BR15: =SUM(AZ15:BK15) -> 31 | BT15: 6 | BU15: {=SUMPRODUCT(1*ISNUMBER(FIND("P",K15:AL15)))-SUMPRODUCT(1*ISNUMBER(FIND("午P",K15:AL15)))} -> 4
... B26: T02769 | C26: 吳東翰 | D26: r' | E26: r' | F26: 01午B2(跟) | G26: 01午B1(跟) | H26: 01午B2 | I26: 01午B1 | J26: R | K26: 01午B1 | L26: 01午B2 | M26: 01午B1 | N26: 01午B2 | O26: 01午B1 | P26: r' | Q26: R | R26: R | S26: r' | T26: 01早B2 | U26: 01早B1 | V26: r' | W26: 01早B1 | X26: 01早B2 | Y26: 01中A | Z26: 01早B2 | AA26: R | AB26: 01午B1 | AC26: R | AD26: 01早B2 | AE26: 01早B1 | AF26: 01早B2 | AG26: 01午B1 | AH26: r' | AI26: 01午B2 | AJ26: r' | AK26: 日 | AL26: 01午B2 | AM26: =BT26+BU26 -> 10 | AN26: 2 | AO26: 2 | AP26: 3 | AQ26: 4 | AR26: =COUNTIF(K26:X26,"r'*") -> 3 | AS26: =COUNTIF(K26:X26,"R") -> 2 | AT26: =8-AN26-AP26-AR26 -> 0 | AU26: =8-AO26-AQ26-AS26 -> 0 | AV26: =COUNTIF(Y26:AL26,"r'*") -> 2 | AW26: =COUNTIF(Y26:AL26,"R") -> 2 | AX26: =COUNTIF(Y26:AL26,"r'*") -> 2 | AY26: =COUNTIF(Y26:AL26,"R") -> 2 | AZ26: =COUNTIF(G26:AK26,"*早*")-BA26 -> 8 | BA26: =COUNTIF(G26:AK26,"*早A") -> 0 | BB26: =COUNTIF(G26:AK26,"*中*") -> 1 | BC26: =COUNTIF(G26:AK26,"*午*")-BD26 -> 11 | BD26: =COUNTIF(G26:AK26,"*午F") -> 0 | BE26: =COUNTIF(G26:AK26,"*夜*") -> 0 | BF26: =COUNTIF(G26:AK26,"*T*") -> 0 | BG26: =COUNTIF(G26:AK26,"*日*") -> 1 | BH26: =COUNTIF(G26:AK26,"L") -> 0 | BI26: {=SUMPRODUCT(1*ISNUMBER(FIND("R",G26:AK26)))} -> 5 | BJ26: {=SUMPRODUCT(1*ISNUMBER(FIND("r",G26:AK26)))} -> 5 | BK26: {=SUMPRODUCT(1*ISNUMBER(FIND("P",G26:AK26)))-SUMPRODUCT(1*ISNUMBER(FIND("午P",G26:AK26)))} -> 0 | BL26: =SUM(G26:AK26) -> 0 | BM26: {=SUMPRODUCT(1*ISNUMBER(FIND("R",D26:J26)))} -> 1 | BN26: {=SUMPRODUCT(1*ISNUMBER(FIND("R",K26:Q26)))} -> 1 | BO26: {=SUMPRODUCT(1*ISNUMBER(FIND("R",R26:X26)))} -> 1 | BP26: {=SUMPRODUCT(1*ISNUMBER(FIND("R",Y26:AE26)))} -> 2 | BQ26: {=SUMPRODUCT(1*ISNUMBER(FIND("R",AF26:AL26)))} -> 0 | BR26: =SUM(AZ26:BK26) -> 31 | BT26: 10 | BU26: {=SUMPRODUCT(1*ISNUMBER(FIND("P",K26:AL26)))-SUMPRODUCT(1*ISNUMBER(FIND("午P",K26:AL26)))} -> 0
C27: 班別代號: OO早A：0620~1520(9hr) OO早：0630~1430(8hr) OO早G：0730~1530(8hr) OO早Q：0930~1730(8hr) OO中A：1100~1900(8hr) OO午P：1400~2200(8hr) OO午：1410~2210(8hr) OO午F：1500~2400(9hr) OO夜：2150~0650(9hr) OO代表車站、段辦(例如：A17早班，代碼17早。A17正常班，代碼17日。中心正常班，代碼日。北段段辦正常班，代號41日。中段段辦正常班，代號42日。南段段辦正常班，代號43日。) T：訓練 0830~1730 日：0830~1730 R：例假 L：其他休假 r：休假 P：國定假日
A28: 備註
B34: 員編 ID No. | C34: 日期 星期 姓名 | D34: =D1 -> 46201 | E34: =E1 -> 46202 | F34: =F1 -> 46203 | G34: =G1 -> 46204 | H34: =H1 -> 46205 | I34: =I1 -> 46206 | J34: =J1 -> 46207 | K34: =K1 -> 46208 | ... AL34: =AL1 -> 46235
D35: =D2 -> a | E35: =E2 -> a | F35: =F2 -> a | G35: =G2 -> a | H35: =H2 -> a | I35: =I2 -> a | J35: =J2 -> a | K35: =K2 -> a | ... AL35: =AL2 -> a | AM35: 01早B2c
C36: 41早 | D36: =COUNTIF(D$3:D$26,"41早") -> 0 | E36: =COUNTIF(E$3:E$26,"41早") -> 0 | F36: =COUNTIF(F$3:F$26,"41早") -> 0 | G36: =COUNTIF(G$3:G$26,"41早") -> 0 | H36: =COUNTIF(H$3:H$26,"41早") -> 0 | I36: =COUNTIF(I$3:I$26,"41早") -> 0 | J36: =COUNTIF(J$3:J$26,"41早") -> 0 | K36: =COUNTIF(K$3:K$26,"41早") -> 0 | ... P36: =COUNTIF(P$3:P$26,"41早") -> 0 | Q36: =COUNTIF(Q$3:Q$26,"41早*") -> 0 | R36: =COUNTIF(R$3:R$26,"41早") -> 0 | S36: =COUNTIF(S$3:S$26,"41早") -> 0 | T36: =COUNTIF(T$3:T$26,"41早") -> 0 | U36: =COUNTIF(U$3:U$26,"41早") -> 0 | V36: =COUNTIF(V$3:V$26,"41早") -> 0 | W36: =COUNTIF(W$3:W$26,"41早") -> 0 | X36: =COUNTIF(X$3:X$26,"41早") -> 0 | Y36: =COUNTIF(Y$3:Y$26,"41早") -> 0 | ... AL36: =COUNTIF(AL$3:AL$26,"41早") -> 0
C37: 41午 | D37: =COUNTIF(D$3:D$26,"41午") -> 0 | E37: =COUNTIF(E$3:E$26,"41午") -> 0 | F37: =COUNTIF(F$3:F$26,"41午") -> 0 | G37: =COUNTIF(G$3:G$26,"41午") -> 0 | H37: =COUNTIF(H$3:H$26,"41午") -> 0 | I37: =COUNTIF(I$3:I$26,"41午") -> 0 | J37: =COUNTIF(J$3:J$26,"41午") -> 0 | K37: =COUNTIF(K$3:K$26,"41午") -> 0 | L37: =COUNTIF(L$3:L$26,"41午*") -> 0 | M37: =COUNTIF(M$3:M$26,"41午") -> 0 | N37: =COUNTIF(N$3:N$26,"41午") -> 0 | O37: =COUNTIF(O$3:O$26,"41午") -> 0 | P37: =COUNTIF(P$3:P$26,"41午") -> 0 | Q37: =COUNTIF(Q$3:Q$26,"41午") -> 0 | R37: =COUNTIF(R$3:R$26,"41午") -> 0 | S37: =COUNTIF(S$3:S$26,"41午") -> 0 | T37: =COUNTIF(T$3:T$26,"41午") -> 0 | ... AL37: =COUNTIF(AL$3:AL$26,"41午") -> 0
C38: 41夜 | D38: =COUNTIF(D$3:D$26,"41夜*") -> 0 | E38: =COUNTIF(E$3:E$26,"41夜*") -> 0 | F38: =COUNTIF(F$3:F$26,"41夜*") -> 0 | G38: =COUNTIF(G$3:G$26,"41夜*") -> 0 | H38: =COUNTIF(H$3:H$26,"41夜*") -> 0 | I38: =COUNTIF(I$3:I$26,"41夜*") -> 0 | J38: =COUNTIF(J$3:J$26,"41夜*") -> 0 | K38: =COUNTIF(K$3:K$26,"41夜*") -> 0 | ... AL38: =COUNTIF(AL$3:AL$26,"41夜*") -> 0
C39: A1早 | D39: =COUNTIF(D$3:D$26,"01早*") -> 8 | E39: =COUNTIF(E$3:E$26,"01早*") -> 7 | F39: =COUNTIF(F$3:F$26,"01早*") -> 6 | G39: =COUNTIF(G$3:G$26,"01早*") -> 6 | H39: =COUNTIF(H$3:H$26,"01早*") -> 6 | I39: =COUNTIF(I$3:I$26,"01早*") -> 7 | J39: =COUNTIF(J$3:J$26,"01早*") -> 6 | K39: =COUNTIF(K$3:K$26,"01早*") -> 6 | ... AL39: =COUNTIF(AL$3:AL$26,"01早*") -> 6
C40: A1中A | D40: =COUNTIF(D$3:D$26,"01中A*") -> 1 | E40: =COUNTIF(E$3:E$26,"01中A*") -> 1 | F40: =COUNTIF(F$3:F$26,"01中A*") -> 1 | G40: =COUNTIF(G$3:G$26,"01中A*") -> 1 | H40: =COUNTIF(H$3:H$26,"01中A*") -> 1 | I40: =COUNTIF(I$3:I$26,"01中A*") -> 1 | J40: =COUNTIF(J$3:J$26,"01中A*") -> 0 | K40: =COUNTIF(K$3:K$26,"01中A*") -> 0 | ... AL40: =COUNTIF(AL$3:AL$26,"01中A*") -> 1
C41: A1午 | D41: =COUNTIF(D$3:D$26,"01午*") -> 7 | E41: =COUNTIF(E$3:E$26,"01午*") -> 7 | F41: =COUNTIF(F$3:F$26,"01午*") -> 7 | G41: =COUNTIF(G$3:G$26,"01午*") -> 6 | H41: =COUNTIF(H$3:H$26,"01午*") -> 8 | I41: =COUNTIF(I$3:I$26,"01午*") -> 7 | J41: =COUNTIF(J$3:J$26,"01午*") -> 7 | K41: =COUNTIF(K$3:K$26,"01午*") -> 6 | ... AL41: =COUNTIF(AL$3:AL$26,"01午*") -> 6
C42: A1夜 | D42: =COUNTIF(D$3:D$26,"01夜*") -> 2 | E42: =COUNTIF(E$3:E$26,"01夜*") -> 2 | F42: =COUNTIF(F$3:F$26,"01夜*") -> 2 | G42: =COUNTIF(G$3:G$26,"01夜*") -> 2 | H42: =COUNTIF(H$3:H$26,"01夜*") -> 2 | I42: =COUNTIF(I$3:I$26,"01夜*") -> 2 | J42: =COUNTIF(J$3:J$26,"01夜*") -> 2 | K42: =COUNTIF(K$3:K$26,"01夜*") -> 2 | ... AL42: =COUNTIF(AL$3:AL$26,"01夜*") -> 2
C43: A2早 | D43: =COUNTIF(D$3:D$26,"**02早*") -> 0 | E43: =COUNTIF(E$3:E$26,"**02早*") -> 0 | F43: =COUNTIF(F$3:F$26,"**02早*") -> 0 | G43: =COUNTIF(G$3:G$26,"**02早*") -> 0 | H43: =COUNTIF(H$3:H$26,"**02早*") -> 0 | I43: =COUNTIF(I$3:I$26,"**02早*") -> 0 | J43: =COUNTIF(J$3:J$26,"**02早*") -> 0 | K43: =COUNTIF(K$3:K$26,"**02早*") -> 0 | ... AL43: =COUNTIF(AL$3:AL$26,"**02早*") -> 0
C44: A2中A | D44: =COUNTIF(D$3:D$26,"02中A*") -> 0 | E44: =COUNTIF(E$3:E$26,"02中A*") -> 0 | F44: =COUNTIF(F$3:F$26,"02中A*") -> 0 | G44: =COUNTIF(G$3:G$26,"02中A*") -> 0 | H44: =COUNTIF(H$3:H$26,"02中A*") -> 0 | I44: =COUNTIF(I$3:I$26,"02中A*") -> 0 | J44: =COUNTIF(J$3:J$26,"02中A*") -> 0 | K44: =COUNTIF(K$3:K$26,"02中A*") -> 0 | ... AL44: =COUNTIF(AL$3:AL$26,"02中A*") -> 0
C45: A2午 | D45: =COUNTIF(D$3:D$26,"*02午*") -> 0 | E45: =COUNTIF(E$3:E$26,"*02午*") -> 0 | F45: =COUNTIF(F$3:F$26,"*02午*") -> 0 | G45: =COUNTIF(G$3:G$26,"*02午*") -> 0 | H45: =COUNTIF(H$3:H$26,"*02午*") -> 0 | I45: =COUNTIF(I$3:I$26,"*02午*") -> 0 | J45: =COUNTIF(J$3:J$26,"*02午*") -> 0 | K45: =COUNTIF(K$3:K$26,"*02午*") -> 0 | ... AL45: =COUNTIF(AL$3:AL$26,"*02午*") -> 0
C46: A2夜 | D46: =COUNTIF(D$3:D$26,"02夜*") -> 0 | E46: =COUNTIF(E$3:E$26,"02夜*") -> 0 | F46: =COUNTIF(F$3:F$26,"02夜*") -> 0 | G46: =COUNTIF(G$3:G$26,"02夜*") -> 0 | H46: =COUNTIF(H$3:H$26,"02夜*") -> 0 | I46: =COUNTIF(I$3:I$26,"02夜*") -> 0 | J46: =COUNTIF(J$3:J$26,"02夜*") -> 0 | K46: =COUNTIF(K$3:K$26,"02夜*") -> 0 | ... AL46: =COUNTIF(AL$3:AL$26,"02夜*") -> 0
C47: A3早 | D47: =COUNTIF(D$3:D$26,"*03早*")-D48 -> 0 | E47: =COUNTIF(E$3:E$26,"*03早*")-E48 -> 0 | F47: =COUNTIF(F$3:F$26,"*03早*")-F48 -> 0 | G47: =COUNTIF(G$3:G$26,"*03早*")-G48 -> 0 | H47: =COUNTIF(H$3:H$26,"*03早*")-H48 -> 0 | I47: =COUNTIF(I$3:I$26,"*03早*")-I48 -> 0 | J47: =COUNTIF(J$3:J$26,"*03早*")-J48 -> 0 | K47: =COUNTIF(K$3:K$26,"*03早*")-K48 -> 0 | ... AL47: =COUNTIF(AL$3:AL$26,"*03早*")-AL48 -> 0
C48: A3早A | D48: =COUNTIF(D$3:D$26,"*03早A*") -> 0 | E48: =COUNTIF(E$3:E$26,"*03早A*") -> 0 | F48: =COUNTIF(F$3:F$26,"*03早A*") -> 0 | G48: =COUNTIF(G$3:G$26,"*03早A*") -> 0 | H48: =COUNTIF(H$3:H$26,"*03早A*") -> 0 | I48: =COUNTIF(I$3:I$26,"*03早A*") -> 0 | J48: =COUNTIF(J$3:J$26,"*03早A*") -> 0 | K48: =COUNTIF(K$3:K$26,"*03早A*") -> 0 | ... AL48: =COUNTIF(AL$3:AL$26,"*03早A*") -> 0
C49: A3中A | D49: =COUNTIF(D$3:D$26,"03中A*") -> 0 | E49: =COUNTIF(E$3:E$26,"03中A*") -> 0 | F49: =COUNTIF(F$3:F$26,"03中A*") -> 0 | G49: =COUNTIF(G$3:G$26,"03中A*") -> 0 | H49: =COUNTIF(H$3:H$26,"03中A*") -> 0 | I49: =COUNTIF(I$3:I$26,"03中A*") -> 0 | J49: =COUNTIF(J$3:J$26,"03中A*") -> 0 | K49: =COUNTIF(K$3:K$26,"03中A*") -> 0 | ... AL49: =COUNTIF(AL$3:AL$26,"03中A*") -> 0
C50: A3午 | D50: =COUNTIF(D$3:D$26,"*03午*")-D51 -> 0 | E50: =COUNTIF(E$3:E$26,"*03午*")-E51 -> 0 | F50: =COUNTIF(F$3:F$26,"*03午*")-F51 -> 0 | G50: =COUNTIF(G$3:G$26,"*03午*")-G51 -> 0 | H50: =COUNTIF(H$3:H$26,"*03午*")-H51 -> 0 | I50: =COUNTIF(I$3:I$26,"*03午*")-I51 -> 0 | J50: =COUNTIF(J$3:J$26,"*03午*")-J51 -> 0 | K50: =COUNTIF(K$3:K$26,"*03午*")-K51 -> 0 | ... AL50: =COUNTIF(AL$3:AL$26,"*03午*")-AL51 -> 0
C51: A3午F | D51: =COUNTIF(D$3:D$26,"*03午F*") -> 0 | E51: =COUNTIF(E$3:E$26,"*03午F*") -> 0 | F51: =COUNTIF(F$3:F$26,"*03午F*") -> 0 | G51: =COUNTIF(G$3:G$26,"*03午F*") -> 0 | H51: =COUNTIF(H$3:H$26,"*03午F*") -> 0 | I51: =COUNTIF(I$3:I$26,"*03午F*") -> 0 | J51: =COUNTIF(J$3:J$26,"*03午F*") -> 0 | K51: =COUNTIF(K$3:K$26,"*03午F*") -> 0 | ... AL51: =COUNTIF(AL$3:AL$26,"*03午F*") -> 0
C52: A3夜 | D52: =COUNTIF(D$3:D$26,"03夜") -> 0 | E52: =COUNTIF(E$3:E$26,"03夜") -> 0 | F52: =COUNTIF(F$3:F$26,"03夜") -> 0 | G52: =COUNTIF(G$3:G$26,"03夜") -> 0 | H52: =COUNTIF(H$3:H$26,"03夜") -> 0 | I52: =COUNTIF(I$3:I$26,"03夜") -> 0 | J52: =COUNTIF(J$3:J$26,"03夜") -> 0 | K52: =COUNTIF(K$3:K$26,"03夜") -> 0 | ... AL52: =COUNTIF(AL$3:AL$26,"03夜") -> 0
C53: A4早 | D53: =COUNTIF(D$3:D$26,"*04早*") -> 0 | E53: =COUNTIF(E$3:E$26,"*04早*") -> 0 | F53: =COUNTIF(F$3:F$26,"*04早*") -> 0 | G53: =COUNTIF(G$3:G$26,"*04早*") -> 0 | H53: =COUNTIF(H$3:H$26,"*04早*") -> 0 | I53: =COUNTIF(I$3:I$26,"*04早*") -> 0 | J53: =COUNTIF(J$3:J$26,"*04早*") -> 0 | K53: =COUNTIF(K$3:K$26,"*04早*") -> 0 | ... AL53: =COUNTIF(AL$3:AL$26,"*04早*") -> 0
C54: A4中A | D54: =COUNTIF(D$3:D$26,"*04中A*") -> 0 | E54: =COUNTIF(E$3:E$26,"*04中A*") -> 0 | F54: =COUNTIF(F$3:F$26,"*04中A*") -> 0 | G54: =COUNTIF(G$3:G$26,"*04中A*") -> 0 | H54: =COUNTIF(H$3:H$26,"*04中A*") -> 0 | I54: =COUNTIF(I$3:I$26,"*04中A*") -> 0 | J54: =COUNTIF(J$3:J$26,"*04中A*") -> 0 | K54: =COUNTIF(K$3:K$26,"*04中A*") -> 0 | ... AL54: =COUNTIF(AL$3:AL$26,"*04中A*") -> 0
C55: A4午 | D55: =COUNTIF(D$3:D$26,"*04午*") -> 0 | E55: =COUNTIF(E$3:E$26,"*04午*") -> 0 | F55: =COUNTIF(F$3:F$26,"*04午*") -> 0 | G55: =COUNTIF(G$3:G$26,"*04午*") -> 0 | H55: =COUNTIF(H$3:H$26,"*04午*") -> 0 | I55: =COUNTIF(I$3:I$26,"*04午*") -> 0 | J55: =COUNTIF(J$3:J$26,"*04午*") -> 0 | K55: =COUNTIF(K$3:K$26,"*04午*") -> 0 | ... AL55: =COUNTIF(AL$3:AL$26,"*04午*") -> 0
C56: A4夜 | D56: =COUNTIF(D$3:D$26,"*04夜*") -> 0 | E56: =COUNTIF(E$3:E$26,"*04夜*") -> 0 | F56: =COUNTIF(F$3:F$26,"*04夜*") -> 0 | G56: =COUNTIF(G$3:G$26,"*04夜*") -> 0 | H56: =COUNTIF(H$3:H$26,"*04夜*") -> 0 | I56: =COUNTIF(I$3:I$26,"*04夜*") -> 0 | J56: =COUNTIF(J$3:J$26,"*04夜*") -> 0 | K56: =COUNTIF(K$3:K$26,"*04夜*") -> 0 | ... AL56: =COUNTIF(AL$3:AL$26,"*04夜*") -> 0
C57: A5早 | D57: =COUNTIF(D$3:D$26,"*05早*") -> 0 | E57: =COUNTIF(E$3:E$26,"*05早*") -> 0 | F57: =COUNTIF(F$3:F$26,"*05早*") -> 0 | G57: =COUNTIF(G$3:G$26,"*05早*") -> 0 | H57: =COUNTIF(H$3:H$26,"*05早*") -> 0 | I57: =COUNTIF(I$3:I$26,"*05早*") -> 0 | J57: =COUNTIF(J$3:J$26,"*05早*") -> 0 | K57: =COUNTIF(K$3:K$26,"*05早*") -> 0 | ... U57: =COUNTIF(U$3:U$26,"*05早*") -> 0 | V57: =COUNTIF(V$3:V$26,"*05早") -> 0 | W57: =COUNTIF(W$3:W$26,"*05早*") -> 0 | X57: =COUNTIF(X$3:X$26,"*05早*") -> 0 | Y57: =COUNTIF(Y$3:Y$26,"*05早*") -> 0 | Z57: =COUNTIF(Z$3:Z$26,"*05早*") -> 0 | AA57: =COUNTIF(AA$3:AA$26,"*05早*") -> 0 | AB57: =COUNTIF(AB$3:AB$26,"*05早*") -> 0 | AC57: =COUNTIF(AC$3:AC$26,"*05早*") -> 0 | AD57: =COUNTIF(AD$3:AD$26,"*05早*") -> 0 | ... AL57: =COUNTIF(AL$3:AL$26,"*05早*") -> 0
C58: A5中A | D58: =COUNTIF(D$3:D$26,"05中A*") -> 0 | E58: =COUNTIF(E$3:E$26,"05中A*") -> 0 | F58: =COUNTIF(F$3:F$26,"05中A*") -> 0 | G58: =COUNTIF(G$3:G$26,"05中A*") -> 0 | H58: =COUNTIF(H$3:H$26,"05中A*") -> 0 | I58: =COUNTIF(I$3:I$26,"05中A*") -> 0 | J58: =COUNTIF(J$3:J$26,"05中A*") -> 0 | K58: =COUNTIF(K$3:K$26,"05中A*") -> 0 | ... AL58: =COUNTIF(AL$3:AL$26,"05中A*") -> 0
C59: A5午 | D59: =COUNTIF(D$3:D$26,"*05午*") -> 0 | E59: =COUNTIF(E$3:E$26,"*05午*") -> 0 | F59: =COUNTIF(F$3:F$26,"*05午*") -> 0 | G59: =COUNTIF(G$3:G$26,"*05午*") -> 0 | H59: =COUNTIF(H$3:H$26,"*05午*") -> 0 | I59: =COUNTIF(I$3:I$26,"*05午*") -> 0 | J59: =COUNTIF(J$3:J$26,"*05午*") -> 0 | K59: =COUNTIF(K$3:K$26,"*05午*") -> 0 | ... AL59: =COUNTIF(AL$3:AL$26,"*05午*") -> 0
C60: A5夜 | D60: =COUNTIF(D$3:D$26,"05夜*") -> 0 | E60: =COUNTIF(E$3:E$26,"05夜*") -> 0 | F60: =COUNTIF(F$3:F$26,"05夜*") -> 0 | G60: =COUNTIF(G$3:G$26,"05夜*") -> 0 | H60: =COUNTIF(H$3:H$26,"05夜*") -> 0 | I60: =COUNTIF(I$3:I$26,"05夜*") -> 0 | J60: =COUNTIF(J$3:J$26,"05夜*") -> 0 | K60: =COUNTIF(K$3:K$26,"05夜*") -> 0 | ... AL60: =COUNTIF(AL$3:AL$26,"05夜*") -> 0
C61: A6早 | D61: =COUNTIF(D$3:D$26,"*06早*") -> 0 | E61: =COUNTIF(E$3:E$26,"*06早*") -> 0 | F61: =COUNTIF(F$3:F$26,"*06早*") -> 0 | G61: =COUNTIF(G$3:G$26,"*06早*") -> 0 | H61: =COUNTIF(H$3:H$26,"*06早*") -> 0 | I61: =COUNTIF(I$3:I$26,"*06早*") -> 0 | J61: =COUNTIF(J$3:J$26,"*06早*") -> 0 | K61: =COUNTIF(K$3:K$26,"*06早*") -> 0 | ... AL61: =COUNTIF(AL$3:AL$26,"*06早*") -> 0
C62: A6中A | D62: =COUNTIF(D$3:D$26,"*06中A*") -> 0 | E62: =COUNTIF(E$3:E$26,"*06中A*") -> 0 | F62: =COUNTIF(F$3:F$26,"*06中A*") -> 0 | G62: =COUNTIF(G$3:G$26,"*06中A*") -> 0 | H62: =COUNTIF(H$3:H$26,"*06中A*") -> 0 | I62: =COUNTIF(I$3:I$26,"*06中A*") -> 0 | J62: =COUNTIF(J$3:J$26,"*06中A*") -> 0 | K62: =COUNTIF(K$3:K$26,"*06中A*") -> 0 | ... AL62: =COUNTIF(AL$3:AL$26,"*06中A*") -> 0
C63: A6午 | D63: =COUNTIF(D$3:D$26,"*06午*") -> 0 | E63: =COUNTIF(E$3:E$26,"*06午*") -> 0 | F63: =COUNTIF(F$3:F$26,"*06午*") -> 0 | G63: =COUNTIF(G$3:G$26,"*06午*") -> 0 | H63: =COUNTIF(H$3:H$26,"*06午*") -> 0 | I63: =COUNTIF(I$3:I$26,"*06午*") -> 0 | J63: =COUNTIF(J$3:J$26,"*06午*") -> 0 | K63: =COUNTIF(K$3:K$26,"*06午*") -> 0 | ... AL63: =COUNTIF(AL$3:AL$26,"*06午*") -> 0
C64: A6夜 | D64: =COUNTIF(D$3:D$26,"*06夜*") -> 0 | E64: =COUNTIF(E$3:E$26,"*06夜*") -> 0 | F64: =COUNTIF(F$3:F$26,"*06夜*") -> 0 | G64: =COUNTIF(G$3:G$26,"*06夜*") -> 0 | H64: =COUNTIF(H$3:H$26,"*06夜*") -> 0 | I64: =COUNTIF(I$3:I$26,"*06夜*") -> 0 | J64: =COUNTIF(J$3:J$26,"*06夜*") -> 0 | K64: =COUNTIF(K$3:K$26,"*06夜*") -> 0 | ... AL64: =COUNTIF(AL$3:AL$26,"*06夜*") -> 0

Sheet 北段 (人資版)
B1: 員編 ID No. | C1: 日期 星期 姓名 | D1: 46143 | E1: =D1+1 -> 46144 | F1: =E1+1 -> 46145 | G1: =F1+1 -> 46146 | H1: =G1+1 -> 46147 | I1: =H1+1 -> 46148 | J1: =I1+1 -> 46149 | K1: =J1+1 -> 46150 | L1: =K1+1 -> 46151 | ... AN1: =AM1+1 -> 46179
D2: =IFERROR(IF(WEEKDAY(D1,2)=7,"日",WEEKDAY(D1,2)),"") -> 5 | E2: =IFERROR(IF(WEEKDAY(E1,2)=7,"日",WEEKDAY(E1,2)),"") -> 6 | F2: =IFERROR(IF(WEEKDAY(F1,2)=7,"日",WEEKDAY(F1,2)),"") -> 日 | G2: =IFERROR(IF(WEEKDAY(G1,2)=7,"日",WEEKDAY(G1,2)),"") -> 1 | H2: =IFERROR(IF(WEEKDAY(H1,2)=7,"日",WEEKDAY(H1,2)),"") -> 2 | I2: =IFERROR(IF(WEEKDAY(I1,2)=7,"日",WEEKDAY(I1,2)),"") -> 3 | J2: =IFERROR(IF(WEEKDAY(J1,2)=7,"日",WEEKDAY(J1,2)),"") -> 4 | K2: =IFERROR(IF(WEEKDAY(K1,2)=7,"日",WEEKDAY(K1,2)),"") -> 5 | ... AN2: =IFERROR(IF(WEEKDAY(AN1,2)=7,"日",WEEKDAY(AN1,2)),"") -> 6
B3: =LEFT(#REF!,6) -> #REF! | C3: =VLOOKUP(B3,'北段'!B:C,2,FALSE) -> #REF! | D3: =LEFT(#REF!,4) -> #REF! | E3: =LEFT(#REF!,4) -> #REF! | F3: =LEFT(#REF!,4) -> #REF! | G3: =LEFT(#REF!,4) -> #REF! | H3: =LEFT(#REF!,4) -> #REF! | I3: =LEFT(#REF!,4) -> #REF! | J3: =LEFT(#REF!,4) -> #REF! | K3: =LEFT(#REF!,4) -> #REF! | ... AG3: =LEFT(#REF!,4) -> #REF! | AH3: =LEFT(北段!#REF!,4) -> #ERROR! | AI3: =LEFT(北段!#REF!,4) -> #ERROR! | AJ3: =LEFT(北段!#REF!,4) -> #ERROR! | AK3: =LEFT(北段!#REF!,4) -> #ERROR! | AL3: =LEFT(北段!#REF!,4) -> #ERROR! | AM3: =LEFT(北段!#REF!,4) -> #ERROR! | AN3: =LEFT(北段!#REF!,4) -> #ERROR!
B4: =LEFT(#REF!,6) -> #REF! | C4: =VLOOKUP(B4,'北段'!B:C,2,FALSE) -> #REF! | D4: =LEFT(#REF!,4) -> #REF! | E4: =LEFT(#REF!,4) -> #REF! | F4: =LEFT(#REF!,4) -> #REF! | G4: =LEFT(#REF!,4) -> #REF! | H4: =LEFT(#REF!,4) -> #REF! | I4: =LEFT(#REF!,4) -> #REF! | J4: =LEFT(#REF!,3) -> #REF! | K4: =LEFT(#REF!,4) -> #REF! | L4: =LEFT(#REF!,4) -> #REF! | M4: =LEFT(#REF!,4) -> #REF! | N4: =LEFT(#REF!,4) -> #REF! | O4: =LEFT(#REF!,4) -> #REF! | P4: =LEFT(#REF!,4) -> #REF! | Q4: =LEFT(#REF!,4) -> #REF! | R4: =LEFT(#REF!,4) -> #REF! | ... AG4: =LEFT(#REF!,4) -> #REF! | AH4: =LEFT(北段!#REF!,4) -> #ERROR! | AI4: =LEFT(北段!#REF!,4) -> #ERROR! | AJ4: =LEFT(北段!#REF!,4) -> #ERROR! | AK4: =LEFT(北段!#REF!,4) -> #ERROR! | AL4: =LEFT(北段!#REF!,4) -> #ERROR! | AM4: =LEFT(北段!#REF!,4) -> #ERROR! | AN4: =LEFT(北段!#REF!,4) -> #ERROR!
B5: =LEFT(#REF!,6) -> #REF! | C5: =VLOOKUP(B5,'北段'!B:C,2,FALSE) -> #REF! | D5: =LEFT(#REF!,4) -> #REF! | E5: =LEFT(#REF!,4) -> #REF! | F5: =LEFT(#REF!,4) -> #REF! | G5: =LEFT(#REF!,4) -> #REF! | H5: =LEFT(#REF!,4) -> #REF! | I5: =LEFT(#REF!,4) -> #REF! | J5: =LEFT(#REF!,4) -> #REF! | K5: =LEFT(#REF!,4) -> #REF! | ... X5: =LEFT(#REF!,4) -> #REF! | Y5: =LEFT(#REF!,3) -> #REF! | Z5: =LEFT(#REF!,4) -> #REF! | AA5: =LEFT(#REF!,4) -> #REF! | AB5: =LEFT(#REF!,4) -> #REF! | AC5: =LEFT(#REF!,4) -> #REF! | AD5: =LEFT(#REF!,4) -> #REF! | AE5: =LEFT(#REF!,4) -> #REF! | AF5: =LEFT(#REF!,4) -> #REF! | AG5: =LEFT(#REF!,4) -> #REF! | AH5: =LEFT(北段!#REF!,4) -> #ERROR! | AI5: =LEFT(北段!#REF!,4) -> #ERROR! | AJ5: =LEFT(北段!#REF!,4) -> #ERROR! | AK5: =LEFT(北段!#REF!,4) -> #ERROR! | AL5: =LEFT(北段!#REF!,4) -> #ERROR! | AM5: =LEFT(北段!#REF!,4) -> #ERROR! | AN5: =LEFT(北段!#REF!,4) -> #ERROR!
B6: =LEFT(#REF!,6) -> #REF! | C6: =VLOOKUP(B6,'北段'!B:C,2,FALSE) -> #REF! | D6: =LEFT(#REF!,4) -> #REF! | E6: =LEFT(#REF!,4) -> #REF! | F6: =LEFT(#REF!,4) -> #REF! | G6: =LEFT(#REF!,4) -> #REF! | H6: =LEFT(#REF!,4) -> #REF! | I6: =LEFT(#REF!,4) -> #REF! | J6: =LEFT(#REF!,4) -> #REF! | K6: =LEFT(#REF!,3) -> #REF! | L6: =LEFT(#REF!,4) -> #REF! | M6: =LEFT(#REF!,4) -> #REF! | N6: =LEFT(#REF!,4) -> #REF! | O6: =LEFT(#REF!,4) -> #REF! | P6: =LEFT(#REF!,4) -> #REF! | Q6: =LEFT(#REF!,3) -> #REF! | R6: =LEFT(#REF!,4) -> #REF! | S6: =LEFT(#REF!,4) -> #REF! | T6: =LEFT(#REF!,4) -> #REF! | U6: =LEFT(#REF!,4) -> #REF! | V6: =LEFT(#REF!,4) -> #REF! | W6: =LEFT(#REF!,4) -> #REF! | X6: =LEFT(#REF!,4) -> #REF! | Y6: =LEFT(#REF!,4) -> #REF! | ... AA6: =LEFT(#REF!,4) -> #REF! | AB6: =LEFT(#REF!,3) -> #REF! | AC6: =LEFT(#REF!,4) -> #REF! | AD6: =LEFT(#REF!,4) -> #REF! | AE6: =LEFT(#REF!,4) -> #REF! | AF6: =LEFT(#REF!,4) -> #REF! | AG6: =LEFT(#REF!,4) -> #REF! | AH6: =LEFT(北段!#REF!,4) -> #ERROR! | AI6: =LEFT(北段!#REF!,4) -> #ERROR! | AJ6: =LEFT(北段!#REF!,4) -> #ERROR! | AK6: =LEFT(北段!#REF!,4) -> #ERROR! | AL6: =LEFT(北段!#REF!,4) -> #ERROR! | AM6: =LEFT(北段!#REF!,4) -> #ERROR! | AN6: =LEFT(北段!#REF!,4) -> #ERROR!
B7: =LEFT(#REF!,6) -> #REF! | C7: =VLOOKUP(B7,'北段'!B:C,2,FALSE) -> #REF! | D7: =LEFT(#REF!,4) -> #REF! | E7: =LEFT(#REF!,4) -> #REF! | F7: =LEFT(#REF!,4) -> #REF! | G7: =LEFT(#REF!,4) -> #REF! | H7: =LEFT(#REF!,4) -> #REF! | I7: =LEFT(#REF!,4) -> #REF! | J7: =LEFT(#REF!,4) -> #REF! | K7: =LEFT(#REF!,4) -> #REF! | ... U7: =LEFT(#REF!,4) -> #REF! | V7: =LEFT(#REF!,3) -> #REF! | W7: =LEFT(#REF!,4) -> #REF! | X7: =LEFT(#REF!,4) -> #REF! | Y7: =LEFT(#REF!,4) -> #REF! | Z7: =LEFT(#REF!,4) -> #REF! | AA7: =LEFT(#REF!,4) -> #REF! | AB7: =LEFT(#REF!,4) -> #REF! | AC7: =LEFT(#REF!,4) -> #REF! | AD7: =LEFT(#REF!,4) -> #REF! | ... AG7: =LEFT(#REF!,4) -> #REF! | AH7: =LEFT(北段!#REF!,4) -> #ERROR! | AI7: =LEFT(北段!#REF!,4) -> #ERROR! | AJ7: =LEFT(北段!#REF!,4) -> #ERROR! | AK7: =LEFT(北段!#REF!,3) -> #ERROR! | AL7: =LEFT(北段!#REF!,4) -> #ERROR! | AM7: =LEFT(北段!#REF!,4) -> #ERROR! | AN7: =LEFT(北段!#REF!,4) -> #ERROR!
B8: =LEFT(#REF!,6) -> #REF! | C8: =VLOOKUP(B8,'北段'!B:C,2,FALSE) -> #REF! | D8: =LEFT(#REF!,4) -> #REF! | E8: =LEFT(#REF!,4) -> #REF! | F8: =LEFT(#REF!,4) -> #REF! | G8: =LEFT(#REF!,3) -> #REF! | H8: =LEFT(#REF!,4) -> #REF! | I8: =LEFT(#REF!,4) -> #REF! | J8: =LEFT(#REF!,4) -> #REF! | K8: =LEFT(#REF!,4) -> #REF! | L8: =LEFT(#REF!,4) -> #REF! | M8: =LEFT(#REF!,4) -> #REF! | N8: =LEFT(#REF!,4) -> #REF! | O8: =LEFT(#REF!,4) -> #REF! | ... W8: =LEFT(#REF!,4) -> #REF! | X8: =LEFT(#REF!,3) -> #REF! | Y8: =LEFT(#REF!,4) -> #REF! | Z8: =LEFT(#REF!,4) -> #REF! | AA8: =LEFT(#REF!,4) -> #REF! | AB8: =LEFT(#REF!,4) -> #REF! | AC8: =LEFT(#REF!,4) -> #REF! | AD8: =LEFT(#REF!,4) -> #REF! | AE8: =LEFT(#REF!,4) -> #REF! | AF8: =LEFT(#REF!,4) -> #REF! | AG8: =LEFT(#REF!,4) -> #REF! | AH8: =LEFT(北段!#REF!,4) -> #ERROR! | AI8: =LEFT(北段!#REF!,4) -> #ERROR! | AJ8: =LEFT(北段!#REF!,4) -> #ERROR! | AK8: =LEFT(北段!#REF!,4) -> #ERROR! | AL8: =LEFT(北段!#REF!,4) -> #ERROR! | AM8: =LEFT(北段!#REF!,4) -> #ERROR! | AN8: =LEFT(北段!#REF!,4) -> #ERROR!
B9: =LEFT(#REF!,6) -> #REF! | C9: =VLOOKUP(B9,'北段'!B:C,2,FALSE) -> #REF! | D9: =LEFT(#REF!,8) -> #REF! | E9: =LEFT(#REF!,8) -> #REF! | F9: =LEFT(#REF!,8) -> #REF! | G9: =LEFT(#REF!,8) -> #REF! | H9: =LEFT(#REF!,8) -> #REF! | I9: =LEFT(#REF!,8) -> #REF! | J9: =LEFT(#REF!,8) -> #REF! | K9: =LEFT(#REF!,8) -> #REF! | ... AG9: =LEFT(#REF!,8) -> #REF! | AH9: =LEFT(北段!#REF!,8) -> #ERROR! | AI9: =LEFT(北段!#REF!,8) -> #ERROR! | AJ9: =LEFT(北段!#REF!,8) -> #ERROR! | AK9: =LEFT(北段!#REF!,8) -> #ERROR! | AL9: =LEFT(北段!#REF!,8) -> #ERROR! | AM9: =LEFT(北段!#REF!,8) -> #ERROR! | AN9: =LEFT(北段!#REF!,8) -> #ERROR!
B10: =LEFT(#REF!,6) -> #REF! | C10: =VLOOKUP(B10,'北段'!B:C,2,FALSE) -> #REF! | D10: =LEFT(#REF!,4) -> #REF! | E10: =LEFT(#REF!,4) -> #REF! | F10: =LEFT(#REF!,4) -> #REF! | G10: =LEFT(#REF!,4) -> #REF! | H10: =LEFT(#REF!,4) -> #REF! | I10: =LEFT(#REF!,4) -> #REF! | J10: =LEFT(#REF!,4) -> #REF! | K10: =LEFT(#REF!,4) -> #REF! | ... U10: =LEFT(#REF!,4) -> #REF! | V10: =LEFT(#REF!,3) -> #REF! | W10: =LEFT(#REF!,4) -> #REF! | X10: =LEFT(#REF!,4) -> #REF! | Y10: =LEFT(#REF!,4) -> #REF! | Z10: =LEFT(#REF!,4) -> #REF! | AA10: =LEFT(#REF!,4) -> #REF! | AB10: =LEFT(#REF!,4) -> #REF! | AC10: =LEFT(#REF!,4) -> #REF! | AD10: =LEFT(#REF!,4) -> #REF! | ... AG10: =LEFT(#REF!,4) -> #REF! | AH10: =LEFT(北段!#REF!,4) -> #ERROR! | AI10: =LEFT(北段!#REF!,4) -> #ERROR! | AJ10: =LEFT(北段!#REF!,4) -> #ERROR! | AK10: =LEFT(北段!#REF!,4) -> #ERROR! | AL10: =LEFT(北段!#REF!,4) -> #ERROR! | AM10: =LEFT(北段!#REF!,4) -> #ERROR! | AN10: =LEFT(北段!#REF!,4) -> #ERROR!
B11: =LEFT(#REF!,6) -> #REF! | C11: =VLOOKUP(B11,'北段'!B:C,2,FALSE) -> #REF! | D11: =LEFT(#REF!,4) -> #REF! | E11: =LEFT(#REF!,4) -> #REF! | F11: =LEFT(#REF!,4) -> #REF! | G11: =LEFT(#REF!,4) -> #REF! | H11: =LEFT(#REF!,4) -> #REF! | I11: =LEFT(#REF!,4) -> #REF! | J11: =LEFT(#REF!,4) -> #REF! | K11: =LEFT(#REF!,4) -> #REF! | ... AG11: =LEFT(#REF!,4) -> #REF! | AH11: =LEFT(北段!#REF!,4) -> #ERROR! | AI11: =LEFT(北段!#REF!,4) -> #ERROR! | AJ11: =LEFT(北段!#REF!,4) -> #ERROR! | AK11: =LEFT(北段!#REF!,4) -> #ERROR! | AL11: =LEFT(北段!#REF!,4) -> #ERROR! | AM11: =LEFT(北段!#REF!,4) -> #ERROR! | AN11: =LEFT(北段!#REF!,4) -> #ERROR!
B12: =LEFT(#REF!,6) -> #REF! | C12: =VLOOKUP(B12,'北段'!B:C,2,FALSE) -> #REF! | D12: =LEFT(#REF!,4) -> #REF! | E12: =LEFT(#REF!,4) -> #REF! | F12: =LEFT(#REF!,4) -> #REF! | G12: =LEFT(#REF!,4) -> #REF! | H12: =LEFT(#REF!,4) -> #REF! | I12: =LEFT(#REF!,4) -> #REF! | J12: =LEFT(#REF!,4) -> #REF! | K12: =LEFT(#REF!,4) -> #REF! | ... AG12: =LEFT(#REF!,4) -> #REF! | AH12: =LEFT(北段!#REF!,4) -> #ERROR! | AI12: =LEFT(北段!#REF!,4) -> #ERROR! | AJ12: =LEFT(北段!#REF!,4) -> #ERROR! | AK12: =LEFT(北段!#REF!,4) -> #ERROR! | AL12: =LEFT(北段!#REF!,4) -> #ERROR! | AM12: =LEFT(北段!#REF!,4) -> #ERROR! | AN12: =LEFT(北段!#REF!,4) -> #ERROR!
B13: =LEFT(北段!#REF!,6) -> #ERROR! | C13: =VLOOKUP(B13,'北段'!B:C,2,FALSE) -> #ERROR! | D13: =LEFT(北段!#REF!,3) -> #ERROR! | E13: =LEFT(北段!#REF!,3) -> #ERROR! | F13: =LEFT(北段!#REF!,3) -> #ERROR! | G13: =LEFT(北段!#REF!,3) -> #ERROR! | H13: =LEFT(北段!#REF!,3) -> #ERROR! | I13: =LEFT(北段!#REF!,3) -> #ERROR! | J13: =LEFT(北段!#REF!,3) -> #ERROR! | K13: =LEFT(北段!#REF!,3) -> #ERROR! | ... AN13: =LEFT(北段!#REF!,3) -> #ERROR!
B14: =LEFT('北段'!B4,6) -> T00509 | C14: =VLOOKUP(B14,'北段'!B:C,2,FALSE) -> 郭秋儀 | D14: =LEFT('北段'!I4,3) -> 01午 | E14: =LEFT('北段'!J4,3) -> 01午 | F14: =LEFT('北段'!K4,3) -> R | G14: =LEFT('北段'!L4,4) -> 01早m | H14: =LEFT('北段'!M4,3) -> r' | I14: =LEFT('北段'!N4,3) -> 01早 | J14: =LEFT('北段'!O4,3) -> 01早 | K14: =LEFT('北段'!P4,3) -> 01早 | L14: =LEFT('北段'!Q4,3) -> r' | M14: =LEFT('北段'!R4,3) -> 01夜 | N14: =LEFT('北段'!S4,3) -> 01夜 | O14: =LEFT('北段'!T4,3) -> R | ... AD14: =LEFT('北段'!AI4,3) -> 01早 | AE14: =LEFT('北段'!AJ4,4) -> R | AF14: =LEFT('北段'!AK4,3) -> 01早 | AG14: =LEFT('北段'!AL4,3) -> 01早 | AH14: =LEFT(北段!#REF!,3) -> #ERROR! | AI14: =LEFT(北段!#REF!,3) -> #ERROR! | AJ14: =LEFT(北段!#REF!,3) -> #ERROR! | AK14: =LEFT(北段!#REF!,3) -> #ERROR! | AL14: =LEFT(北段!#REF!,3) -> #ERROR! | AM14: =LEFT(北段!#REF!,4) -> #ERROR! | AN14: =LEFT(北段!#REF!,3) -> #ERROR!
B15: =LEFT('北段'!B3,6) -> T01028 | C15: =VLOOKUP(B15,'北段'!B:C,2,FALSE) -> 林金緗 | D15: =LEFT('北段'!I3,3) -> 01夜 | E15: =LEFT('北段'!J3,3) -> 01夜 | F15: =LEFT('北段'!K3,3) -> r' | G15: =LEFT('北段'!L3,3) -> r' | H15: =LEFT('北段'!M3,4) -> 01午M | I15: =LEFT('北段'!N3,3) -> 01午 | J15: =LEFT('北段'!O3,3) -> R | K15: =LEFT('北段'!P3,3) -> 01午 | L15: =LEFT('北段'!Q3,3) -> 01午 | M15: =LEFT('北段'!R3,3) -> 01午 | N15: =LEFT('北段'!S3,3) -> R | O15: =LEFT('北段'!T3,3) -> 01午 | P15: =LEFT('北段'!U3,3) -> 01午 | Q15: =LEFT('北段'!V3,4) -> 01午m | R15: =LEFT('北段'!W3,3) -> 01午 | S15: =LEFT('北段'!X3,3) -> 01午 | T15: =LEFT('北段'!Y3,3) -> R | U15: =LEFT('北段'!Z3,3) -> 01午 | V15: =LEFT('北段'!AA3,3) -> 01午 | W15: =LEFT('北段'!AB3,3) -> r' | X15: =LEFT('北段'!AC3,4) -> 01午m | Y15: =LEFT('北段'!AD3,3) -> 01午 | Z15: =LEFT('北段'!AE3,3) -> 01午 | AA15: =LEFT('北段'!AF3,3) -> 01午 | AB15: =LEFT('北段'!AG3,3) -> R | AC15: =LEFT('北段'!AH3,3) -> L | AD15: =LEFT('北段'!AI3,3) -> L | AE15: =LEFT('北段'!AJ3,3) -> r' | AF15: =LEFT('北段'!AK3,3) -> 日 | AG15: =LEFT('北段'!AL3,3) -> 01午 | AH15: =LEFT(北段!#REF!,3) -> #ERROR! | AI15: =LEFT(北段!#REF!,3) -> #ERROR! | AJ15: =LEFT(北段!#REF!,3) -> #ERROR! | AK15: =LEFT(北段!#REF!,3) -> #ERROR! | AL15: =LEFT(北段!#REF!,3) -> #ERROR! | AM15: =LEFT(北段!#REF!,3) -> #ERROR! | AN15: =LEFT(北段!#REF!,3) -> #ERROR!
B16: =LEFT('北段'!B5,6) -> T01029 | C16: =VLOOKUP(B16,'北段'!B:C,2,FALSE) -> 林雯琳 | D16: =LEFT('北段'!I5,3) -> 01午 | E16: =LEFT('北段'!J5,3) -> 01午 | F16: =LEFT('北段'!K5,3) -> R | G16: =LEFT('北段'!L5,3) -> 01午 | H16: =LEFT('北段'!M5,3) -> 01午 | I16: =LEFT('北段'!N5,3) -> 01午 | J16: =LEFT('北段'!O5,3) -> r' | K16: =LEFT('北段'!P5,3) -> r' | ... P16: =LEFT('北段'!U5,3) -> L | Q16: =LEFT('北段'!V5,4) -> L | R16: =LEFT('北段'!W5,3) -> 01夜 | S16: =LEFT('北段'!X5,3) -> 01夜 | T16: =LEFT('北段'!Y5,3) -> R | U16: =LEFT('北段'!Z5,3) -> r' | V16: =LEFT('北段'!AA5,3) -> 01午 | W16: =LEFT('北段'!AB5,3) -> 01午 | X16: =LEFT('北段'!AC5,3) -> 01午 | Y16: =LEFT('北段'!AD5,3) -> 01中 | ... AG16: =LEFT('北段'!AL5,3) -> 01夜 | AH16: =LEFT(北段!#REF!,3) -> #ERROR! | AI16: =LEFT(北段!#REF!,3) -> #ERROR! | AJ16: =LEFT(北段!#REF!,3) -> #ERROR! | AK16: =LEFT(北段!#REF!,3) -> #ERROR! | AL16: =LEFT(北段!#REF!,3) -> #ERROR! | AM16: =LEFT(北段!#REF!,3) -> #ERROR! | AN16: =LEFT(北段!#REF!,3) -> #ERROR!
B17: =LEFT('北段'!B6,6) -> T01734 | C17: =VLOOKUP(B17,'北段'!B:C,2,FALSE) -> 黃冠銘 | D17: =LEFT('北段'!I6,3) -> 01早 | E17: =LEFT('北段'!J6,3) -> 01早 | F17: =LEFT('北段'!K6,3) -> r' | G17: =LEFT('北段'!L6,3) -> R | H17: =LEFT('北段'!M6,3) -> L | I17: =LEFT('北段'!N6,3) -> L | J17: =LEFT('北段'!O6,3) -> L | K17: =LEFT('北段'!P6,3) -> 01早 | ... AG17: =LEFT('北段'!AL6,3) -> 01早 | AH17: =LEFT(北段!#REF!,3) -> #ERROR! | AI17: =LEFT(北段!#REF!,3) -> #ERROR! | AJ17: =LEFT(北段!#REF!,3) -> #ERROR! | AK17: =LEFT(北段!#REF!,3) -> #ERROR! | AL17: =LEFT(北段!#REF!,3) -> #ERROR! | AM17: =LEFT(北段!#REF!,3) -> #ERROR! | AN17: =LEFT(北段!#REF!,3) -> #ERROR!
B18: =LEFT('北段'!B7,6) -> T02287 | C18: =VLOOKUP(B18,'北段'!B:C,2,FALSE) -> 林江玉 | D18: =LEFT('北段'!I7,3) -> 01早 | E18: =LEFT('北段'!J7,3) -> r' | F18: =LEFT('北段'!K7,3) -> R | G18: =LEFT('北段'!L7,3) -> L | H18: =LEFT('北段'!M7,3) -> L | I18: =LEFT('北段'!N7,3) -> L | J18: =LEFT('北段'!O7,3) -> L | K18: =LEFT('北段'!P7,3) -> L | ... AG18: =LEFT('北段'!AL7,3) -> 01夜 | AH18: =LEFT(北段!#REF!,3) -> #ERROR! | AI18: =LEFT(北段!#REF!,3) -> #ERROR! | AJ18: =LEFT(北段!#REF!,3) -> #ERROR! | AK18: =LEFT(北段!#REF!,3) -> #ERROR! | AL18: =LEFT(北段!#REF!,3) -> #ERROR! | AM18: =LEFT(北段!#REF!,3) -> #ERROR! | AN18: =LEFT(北段!#REF!,3) -> #ERROR!
B19: =LEFT('北段'!B8,6) -> T02359 | C19: =VLOOKUP(B19,'北段'!B:C,2,FALSE) -> 陳佳婷 | D19: =LEFT('北段'!I8,3) -> r' | E19: =LEFT('北段'!J8,3) -> 01早 | F19: =LEFT('北段'!K8,3) -> 01早 | G19: =LEFT('北段'!L8,3) -> 01早 | H19: =LEFT('北段'!M8,3) -> 01早 | I19: =LEFT('北段'!N8,3) -> R | J19: =LEFT('北段'!O8,3) -> 01早 | K19: =LEFT('北段'!P8,3) -> r' | ... AC19: =LEFT('北段'!AH8,3) -> 01早 | AD19: =LEFT('北段'!AI8,4) -> 01早m | AE19: =LEFT('北段'!AJ8,3) -> 01夜 | AF19: =LEFT('北段'!AK8,3) -> 01夜 | AG19: =LEFT('北段'!AL8,3) -> r' | AH19: =LEFT(北段!#REF!,3) -> #ERROR! | AI19: =LEFT(北段!#REF!,3) -> #ERROR! | AJ19: =LEFT(北段!#REF!,3) -> #ERROR! | AK19: =LEFT(北段!#REF!,3) -> #ERROR! | AL19: =LEFT(北段!#REF!,3) -> #ERROR! | AM19: =LEFT(北段!#REF!,3) -> #ERROR! | AN19: =LEFT(北段!#REF!,3) -> #ERROR!
B20: =LEFT('北段'!B9,6) -> T02363 | C20: =VLOOKUP(B20,'北段'!B:C,2,FALSE) -> 林孟錡 | D20: =LEFT('北段'!I9,3) -> 01夜 | E20: =LEFT('北段'!J9,3) -> 01夜 | F20: =LEFT('北段'!K9,3) -> 01夜 | G20: =LEFT('北段'!L9,3) -> 01夜 | H20: =LEFT('北段'!M9,3) -> 01夜 | I20: =LEFT('北段'!N9,3) -> R | J20: =LEFT('北段'!O9,3) -> r' | K20: =LEFT('北段'!P9,3) -> r' | ... AG20: =LEFT('北段'!AL9,3) -> r' | AH20: =LEFT(北段!#REF!,3) -> #ERROR! | AI20: =LEFT(北段!#REF!,3) -> #ERROR! | AJ20: =LEFT(北段!#REF!,3) -> #ERROR! | AK20: =LEFT(北段!#REF!,3) -> #ERROR! | AL20: =LEFT(北段!#REF!,3) -> #ERROR! | AM20: =LEFT(北段!#REF!,3) -> #ERROR! | AN20: =LEFT(北段!#REF!,3) -> #ERROR!
B21: =LEFT('北段'!B10,6) -> T02504 | C21: =VLOOKUP(B21,'北段'!B:C,2,FALSE) -> 潘元浩 | D21: =LEFT('北段'!I10,3) -> 01午 | E21: =LEFT('北段'!J10,3) -> 01午 | F21: =LEFT('北段'!K10,3) -> 01午 | G21: =LEFT('北段'!L10,3) -> R | H21: =LEFT('北段'!M10,3) -> 01夜 | I21: =LEFT('北段'!N10,3) -> 01夜 | J21: =LEFT('北段'!O10,3) -> 01夜 | K21: =LEFT('北段'!P10,3) -> 01夜 | ... AG21: =LEFT('北段'!AL10,3) -> R | AH21: =LEFT(北段!#REF!,4) -> #ERROR! | AI21: =LEFT(北段!#REF!,3) -> #ERROR! | AJ21: =LEFT(北段!#REF!,3) -> #ERROR! | AK21: =LEFT(北段!#REF!,3) -> #ERROR! | AL21: =LEFT(北段!#REF!,3) -> #ERROR! | AM21: =LEFT(北段!#REF!,3) -> #ERROR! | AN21: =LEFT(北段!#REF!,3) -> #ERROR!
B22: =LEFT('北段'!B11,6) -> T02505 | C22: =VLOOKUP(B22,'北段'!B:C,2,FALSE) -> 李慧盺 | D22: =LEFT('北段'!I11,3) -> P | E22: =LEFT('北段'!J11,3) -> r' | F22: =LEFT('北段'!K11,3) -> 01午 | G22: =LEFT('北段'!L11,3) -> 01午 | H22: =LEFT('北段'!M11,3) -> R | I22: =LEFT('北段'!N11,3) -> 01夜 | J22: =LEFT('北段'!O11,3) -> 01夜 | K22: =LEFT('北段'!P11,3) -> 01夜 | ... AE22: =LEFT('北段'!AJ11,3) -> 01午 | AF22: =LEFT('北段'!AK11,4) -> 01午B | AG22: =LEFT('北段'!AL11,3) -> R | AH22: =LEFT(北段!#REF!,3) -> #ERROR! | AI22: =LEFT(北段!#REF!,3) -> #ERROR! | AJ22: =LEFT(北段!#REF!,3) -> #ERROR! | AK22: =LEFT(北段!#REF!,3) -> #ERROR! | AL22: =LEFT(北段!#REF!,3) -> #ERROR! | AM22: =LEFT(北段!#REF!,3) -> #ERROR! | AN22: =LEFT(北段!#REF!,3) -> #ERROR!
B23: =LEFT('北段'!B14,6) -> T00557 | C23: =VLOOKUP(B23,'北段'!B:C,2,FALSE) -> 陳志明 | D23: =LEFT('北段'!I14,3) -> 01早 | E23: =LEFT('北段'!J14,3) -> r' | F23: =LEFT('北段'!K14,3) -> 01早 | G23: =LEFT('北段'!L14,4) -> 01早B | H23: =LEFT('北段'!M14,3) -> 01早 | I23: =LEFT('北段'!N14,3) -> 01早 | J23: =LEFT('北段'!O14,3) -> 01早 | K23: =LEFT('北段'!P14,3) -> L | L23: =LEFT('北段'!Q14,3) -> R | M23: =LEFT('北段'!R14,3) -> R | N23: =LEFT('北段'!S14,3) -> 01早 | O23: =LEFT('北段'!T14,3) -> 01午 | ... AF23: =LEFT('北段'!AK14,3) -> P | AG23: =LEFT('北段'!AL14,4) -> 01午B | AH23: =LEFT(北段!#REF!,3) -> #ERROR! | AI23: =LEFT(北段!#REF!,3) -> #ERROR! | AJ23: =LEFT(北段!#REF!,3) -> #ERROR! | AK23: =LEFT(北段!#REF!,3) -> #ERROR! | AL23: =LEFT(北段!#REF!,3) -> #ERROR! | AM23: =LEFT(北段!#REF!,3) -> #ERROR! | AN23: =LEFT(北段!#REF!,3) -> #ERROR!
B24: =LEFT('北段'!B15,6) -> T00929 | C24: =VLOOKUP(B24,'北段'!B:C,2,FALSE) -> 簡婉蓁 | D24: =LEFT('北段'!I15,3) -> 01中 | E24: =LEFT('北段'!J15,3) -> r' | F24: =LEFT('北段'!K15,3) -> r' | G24: =LEFT('北段'!L15,3) -> R | H24: =LEFT('北段'!M15,3) -> P | I24: =LEFT('北段'!N15,3) -> P | J24: =LEFT('北段'!O15,3) -> P | K24: =LEFT('北段'!P15,3) -> P | ... AG24: =LEFT('北段'!AL15,3) -> 01早 | AH24: =LEFT(北段!#REF!,3) -> #ERROR! | AI24: =LEFT(北段!#REF!,3) -> #ERROR! | AJ24: =LEFT(北段!#REF!,3) -> #ERROR! | AK24: =LEFT(北段!#REF!,3) -> #ERROR! | AL24: =LEFT(北段!#REF!,3) -> #ERROR! | AM24: =LEFT(北段!#REF!,3) -> #ERROR! | AN24: =LEFT(北段!#REF!,3) -> #ERROR!
B25: =LEFT('北段'!B16,6) -> T01459 | C25: =VLOOKUP(B25,'北段'!B:C,2,FALSE) -> 林禹丞 | D25: =LEFT('北段'!I16,3) -> 01午 | E25: =LEFT('北段'!J16,3) -> 01午 | F25: =LEFT('北段'!K16,3) -> R | G25: =LEFT('北段'!L16,3) -> r' | H25: =LEFT('北段'!M16,3) -> 01早 | I25: =LEFT('北段'!N16,3) -> 01早 | J25: =LEFT('北段'!O16,3) -> 01早 | K25: =LEFT('北段'!P16,3) -> 01早 | ... O25: =LEFT('北段'!T16,3) -> 01早 | P25: =LEFT('北段'!U16,4) -> 01中A | Q25: =LEFT('北段'!V16,3) -> 01早 | R25: =LEFT('北段'!W16,3) -> r' | S25: =LEFT('北段'!X16,3) -> 01早 | T25: =LEFT('北段'!Y16,3) -> R | U25: =LEFT('北段'!Z16,3) -> r' | V25: =LEFT('北段'!AA16,4) -> 01早B | W25: =LEFT('北段'!AB16,3) -> 日 | X25: =LEFT('北段'!AC16,3) -> 01早 | Y25: =LEFT('北段'!AD16,3) -> 01早 | Z25: =LEFT('北段'!AE16,3) -> 01早 | AA25: =LEFT('北段'!AF16,3) -> R | AB25: =LEFT('北段'!AG16,3) -> L | AC25: =LEFT('北段'!AH16,3) -> 01早 | AD25: =LEFT('北段'!AI16,3) -> r' | ... AG25: =LEFT('北段'!AL16,3) -> 01早 | AH25: =LEFT(北段!#REF!,3) -> #ERROR! | AI25: =LEFT(北段!#REF!,3) -> #ERROR! | AJ25: =LEFT(北段!#REF!,4) -> #ERROR! | AK25: =LEFT(北段!#REF!,3) -> #ERROR! | AL25: =LEFT(北段!#REF!,3) -> #ERROR! | AM25: =LEFT(北段!#REF!,3) -> #ERROR! | AN25: =LEFT(北段!#REF!,3) -> #ERROR!
B26: =LEFT('北段'!B17,6) -> T01600 | C26: =VLOOKUP(B26,'北段'!B:C,2,FALSE) -> 陳奎羽 | D26: =LEFT('北段'!I17,3) -> 01早 | E26: =LEFT('北段'!J17,3) -> r' | F26: =LEFT('北段'!K17,3) -> 01早 | G26: =LEFT('北段'!L17,3) -> 01早 | H26: =LEFT('北段'!M17,4) -> 01早B | I26: =LEFT('北段'!N17,3) -> 01早 | J26: =LEFT('北段'!O17,3) -> 01早 | K26: =LEFT('北段'!P17,3) -> R | L26: =LEFT('北段'!Q17,3) -> 01早 | M26: =LEFT('北段'!R17,3) -> 01早 | N26: =LEFT('北段'!S17,3) -> 01早 | O26: =LEFT('北段'!T17,3) -> 01早 | P26: =LEFT('北段'!U17,3) -> r' | ... AG26: =LEFT('北段'!AL17,3) -> L | AH26: =LEFT(北段!#REF!,3) -> #ERROR! | AI26: =LEFT(北段!#REF!,3) -> #ERROR! | AJ26: =LEFT(北段!#REF!,3) -> #ERROR! | AK26: =LEFT(北段!#REF!,3) -> #ERROR! | AL26: =LEFT(北段!#REF!,3) -> #ERROR! | AM26: =LEFT(北段!#REF!,3) -> #ERROR! | AN26: =LEFT(北段!#REF!,3) -> #ERROR!
B27: =LEFT('北段'!B18,6) -> T01795 | C27: =VLOOKUP(B27,'北段'!B:C,2,FALSE) -> 黃羿綾 | D27: =LEFT('北段'!I18,3) -> R | E27: =LEFT('北段'!J18,3) -> r' | F27: =LEFT('北段'!K18,3) -> r' | G27: =LEFT('北段'!L18,3) -> R | H27: =LEFT('北段'!M18,3) -> 01午 | I27: =LEFT('北段'!N18,3) -> 01午 | J27: =LEFT('北段'!O18,3) -> 01午 | K27: =LEFT('北段'!P18,3) -> r' | ... T27: =LEFT('北段'!Y18,3) -> R | U27: =LEFT('北段'!Z18,4) -> 01午B | V27: =LEFT('北段'!AA18,3) -> 01午 | W27: =LEFT('北段'!AB18,3) -> 01午 | X27: =LEFT('北段'!AC18,3) -> 01午 | Y27: =LEFT('北段'!AD18,3) -> 01午 | Z27: =LEFT('北段'!AE18,3) -> 01午 | AA27: =LEFT('北段'!AF18,3) -> r' | AB27: =LEFT('北段'!AG18,3) -> 日 | AC27: =LEFT('北段'!AH18,4) -> 01午B | AD27: =LEFT('北段'!AI18,3) -> 01午 | AE27: =LEFT('北段'!AJ18,3) -> 01中 | AF27: =LEFT('北段'!AK18,3) -> R | AG27: =LEFT('北段'!AL18,3) -> r' | AH27: =LEFT(北段!#REF!,3) -> #ERROR! | AI27: =LEFT(北段!#REF!,3) -> #ERROR! | AJ27: =LEFT(北段!#REF!,3) -> #ERROR! | AK27: =LEFT(北段!#REF!,3) -> #ERROR! | AL27: =LEFT(北段!#REF!,3) -> #ERROR! | AM27: =LEFT(北段!#REF!,3) -> #ERROR! | AN27: =LEFT(北段!#REF!,3) -> #ERROR!
B28: =LEFT('北段'!B19,6) -> T02222 | C28: =VLOOKUP(B28,'北段'!B:C,2,FALSE) -> 𡍼文妤 | D28: =LEFT('北段'!I19,3) -> R | E28: =LEFT('北段'!J19,3) -> 01早 | F28: =LEFT('北段'!K19,3) -> 01早 | G28: =LEFT('北段'!L19,3) -> 01早 | H28: =LEFT('北段'!M19,3) -> R | I28: =LEFT('北段'!N19,3) -> r' | J28: =LEFT('北段'!O19,3) -> 01早 | K28: =LEFT('北段'!P19,3) -> 01早 | ... V28: =LEFT('北段'!AA19,3) -> 01中 | W28: =LEFT('北段'!AB19,4) -> 01早B | X28: =LEFT('北段'!AC19,3) -> 01早 | Y28: =LEFT('北段'!AD19,3) -> 01早 | Z28: =LEFT('北段'!AE19,3) -> 01早 | AA28: =LEFT('北段'!AF19,3) -> R | AB28: =LEFT('北段'!AG19,3) -> r' | AC28: =LEFT('北段'!AH19,3) -> 01早 | AD28: =LEFT('北段'!AI19,3) -> r' | AE28: =LEFT('北段'!AJ19,3) -> 01早 | ... AG28: =LEFT('北段'!AL19,3) -> 日 | AH28: =LEFT(北段!#REF!,3) -> #ERROR! | AI28: =LEFT(北段!#REF!,3) -> #ERROR! | AJ28: =LEFT(北段!#REF!,3) -> #ERROR! | AK28: =LEFT(北段!#REF!,3) -> #ERROR! | AL28: =LEFT(北段!#REF!,4) -> #ERROR! | AM28: =LEFT(北段!#REF!,3) -> #ERROR! | AN28: =LEFT(北段!#REF!,3) -> #ERROR!
B29: =LEFT('北段'!B20,6) -> T02233 | C29: =VLOOKUP(B29,'北段'!B:C,2,FALSE) -> 簡悅如 | D29: =LEFT('北段'!I20,3) -> 01早 | E29: =LEFT('北段'!J20,3) -> 01早 | F29: =LEFT('北段'!K20,3) -> 01早 | G29: =LEFT('北段'!L20,3) -> r' | H29: =LEFT('北段'!M20,3) -> L | I29: =LEFT('北段'!N20,3) -> 01早 | J29: =LEFT('北段'!O20,3) -> R | K29: =LEFT('北段'!P20,3) -> 01早 | ... Y29: =LEFT('北段'!AD20,3) -> r' | Z29: =LEFT('北段'!AE20,4) -> 01早B | AA29: =LEFT('北段'!AF20,3) -> 01早 | AB29: =LEFT('北段'!AG20,3) -> 01早 | AC29: =LEFT('北段'!AH20,3) -> R | AD29: =LEFT('北段'!AI20,3) -> 01早 | AE29: =LEFT('北段'!AJ20,3) -> 日 | AF29: =LEFT('北段'!AK20,1) -> 0 | AG29: =LEFT('北段'!AL20,3) -> 01早 | AH29: =LEFT(北段!#REF!,3) -> #ERROR! | AI29: =LEFT(北段!#REF!,3) -> #ERROR! | AJ29: =LEFT(北段!#REF!,3) -> #ERROR! | AK29: =LEFT(北段!#REF!,3) -> #ERROR! | AL29: =LEFT(北段!#REF!,4) -> #ERROR! | AM29: =LEFT(北段!#REF!,1) -> #ERROR! | AN29: =LEFT(北段!#REF!,3) -> #ERROR!
B30: =LEFT('北段'!B21,6) -> T02498 | C30: =VLOOKUP(B30,'北段'!B:C,2,FALSE) -> 張芯瑜 | D30: =LEFT('北段'!I21,3) -> 01午 | E30: =LEFT('北段'!J21,3) -> R | F30: =LEFT('北段'!K21,3) -> R | G30: =LEFT('北段'!L21,3) -> r' | H30: =LEFT('北段'!M21,3) -> L | I30: =LEFT('北段'!N21,3) -> L | J30: =LEFT('北段'!O21,3) -> P | K30: =LEFT('北段'!P21,3) -> r' | ... M30: =LEFT('北段'!R21,3) -> 01午 | N30: =LEFT('北段'!S21,4) -> 01午B | O30: =LEFT('北段'!T21,3) -> 01午 | P30: =LEFT('北段'!U21,3) -> 01午 | Q30: =LEFT('北段'!V21,3) -> R | R30: =LEFT('北段'!W21,3) -> 01午 | S30: =LEFT('北段'!X21,3) -> 01午 | T30: =LEFT('北段'!Y21,3) -> 01午 | U30: =LEFT('北段'!Z21,3) -> R | V30: =LEFT('北段'!AA21,3) -> 01早 | ... X30: =LEFT('北段'!AC21,3) -> 01午 | Y30: =LEFT('北段'!AD21,4) -> 01午B | Z30: =LEFT('北段'!AE21,3) -> 01午 | AA30: =LEFT('北段'!AF21,3) -> r' | AB30: =LEFT('北段'!AG21,3) -> 日 | AC30: =LEFT('北段'!AH21,3) -> 01午 | AD30: =LEFT('北段'!AI21,3) -> r' | AE30: =LEFT('北段'!AJ21,3) -> 01午 | AF30: =LEFT('北段'!AK21,3) -> 01午 | AG30: =LEFT('北段'!AL21,3) -> R | AH30: =LEFT(北段!#REF!,3) -> #ERROR! | AI30: =LEFT(北段!#REF!,3) -> #ERROR! | AJ30: =LEFT(北段!#REF!,3) -> #ERROR! | AK30: =LEFT(北段!#REF!,3) -> #ERROR! | AL30: =LEFT(北段!#REF!,3) -> #ERROR! | AM30: =LEFT(北段!#REF!,3) -> #ERROR! | AN30: =LEFT(北段!#REF!,3) -> #ERROR!
B31: =LEFT(#REF!,6) -> #REF! | C31: =VLOOKUP(B31,'北段'!B:C,2,FALSE) -> #REF! | D31: =LEFT(#REF!,3) -> #REF! | E31: =LEFT(#REF!,3) -> #REF! | F31: =LEFT(#REF!,3) -> #REF! | G31: =LEFT(#REF!,3) -> #REF! | H31: =LEFT(#REF!,3) -> #REF! | I31: =LEFT(#REF!,3) -> #REF! | J31: =LEFT(#REF!,3) -> #REF! | K31: =LEFT(#REF!,3) -> #REF! | ... P31: =LEFT(#REF!,3) -> #REF! | Q31: =LEFT(#REF!,4) -> #REF! | R31: =LEFT(#REF!,4) -> #REF! | S31: =LEFT(#REF!,3) -> #REF! | T31: =LEFT(#REF!,3) -> #REF! | U31: =LEFT(#REF!,3) -> #REF! | V31: =LEFT(#REF!,3) -> #REF! | W31: =LEFT(#REF!,3) -> #REF! | X31: =LEFT(#REF!,3) -> #REF! | Y31: =LEFT(#REF!,3) -> #REF! | Z31: =LEFT(#REF!,3) -> #REF! | AA31: =LEFT(#REF!,4) -> #REF! | AB31: =LEFT(#REF!,3) -> #REF! | AC31: =LEFT(#REF!,3) -> #REF! | AD31: =LEFT(#REF!,3) -> #REF! | AE31: =LEFT(#REF!,3) -> #REF! | AF31: =LEFT(#REF!,3) -> #REF! | AG31: =LEFT(#REF!,3) -> #REF! | AH31: =LEFT(北段!#REF!,3) -> #ERROR! | AI31: =LEFT(北段!#REF!,4) -> #ERROR! | AJ31: =LEFT(北段!#REF!,3) -> #ERROR! | AK31: =LEFT(北段!#REF!,3) -> #ERROR! | AL31: =LEFT(北段!#REF!,3) -> #ERROR! | AM31: =LEFT(北段!#REF!,3) -> #ERROR! | AN31: =LEFT(北段!#REF!,3) -> #ERROR!
B32: =LEFT('北段'!B22,6) -> T02613 | C32: =VLOOKUP(B32,'北段'!B:C,2,FALSE) -> 張雅荃 | D32: =LEFT('北段'!I22,3) -> r' | E32: =LEFT('北段'!J22,3) -> 01午 | F32: =LEFT('北段'!K22,3) -> 01午 | G32: =LEFT('北段'!L22,3) -> 01午 | H32: =LEFT('北段'!M22,3) -> 01午 | I32: =LEFT('北段'!N22,3) -> R | J32: =LEFT('北段'!O22,3) -> 01午 | K32: =LEFT('北段'!P22,3) -> 01午 | ... P32: =LEFT('北段'!U22,3) -> R | Q32: =LEFT('北段'!V22,4) -> 01午B | R32: =LEFT('北段'!W22,3) -> r' | S32: =LEFT('北段'!X22,4) -> 01午B | T32: =LEFT('北段'!Y22,3) -> 01午 | U32: =LEFT('北段'!Z22,3) -> 01午 | V32: =LEFT('北段'!AA22,3) -> R | W32: =LEFT('北段'!AB22,3) -> 01午 | X32: =LEFT('北段'!AC22,3) -> 01午 | Y32: =LEFT('北段'!AD22,3) -> 01午 | Z32: =LEFT('北段'!AE22,3) -> r' | AA32: =LEFT('北段'!AF22,3) -> r' | ... AG32: =LEFT('北段'!AL22,3) -> 日 | AH32: =LEFT(北段!#REF!,3) -> #ERROR! | AI32: =LEFT(北段!#REF!,3) -> #ERROR! | AJ32: =LEFT(北段!#REF!,3) -> #ERROR! | AK32: =LEFT(北段!#REF!,3) -> #ERROR! | AL32: =LEFT(北段!#REF!,3) -> #ERROR! | AM32: =LEFT(北段!#REF!,3) -> #ERROR! | AN32: =LEFT(北段!#REF!,3) -> #ERROR!
B33: =LEFT(#REF!,6) -> #REF! | C33: =VLOOKUP(B33,'北段'!B:C,2,FALSE) -> #REF! | D33: =LEFT(#REF!,4) -> #REF! | E33: =LEFT(#REF!,4) -> #REF! | F33: =LEFT(#REF!,4) -> #REF! | G33: =LEFT(#REF!,4) -> #REF! | H33: =LEFT(#REF!,4) -> #REF! | I33: =LEFT(#REF!,4) -> #REF! | J33: =LEFT(#REF!,3) -> #REF! | K33: =LEFT(#REF!,4) -> #REF! | L33: =LEFT(#REF!,3) -> #REF! | M33: =LEFT(#REF!,4) -> #REF! | N33: =LEFT(#REF!,4) -> #REF! | O33: =LEFT(#REF!,4) -> #REF! | P33: =LEFT(#REF!,4) -> #REF! | Q33: =LEFT(#REF!,3) -> #REF! | R33: =LEFT(#REF!,4) -> #REF! | S33: =LEFT(#REF!,4) -> #REF! | T33: =LEFT(#REF!,4) -> #REF! | U33: =LEFT(#REF!,4) -> #REF! | V33: =LEFT(#REF!,4) -> #REF! | W33: =LEFT(#REF!,4) -> #REF! | X33: =LEFT(#REF!,4) -> #REF! | Y33: =LEFT(#REF!,3) -> #REF! | Z33: =LEFT(#REF!,4) -> #REF! | AA33: =LEFT(#REF!,4) -> #REF! | AB33: =LEFT(#REF!,4) -> #REF! | AC33: =LEFT(#REF!,4) -> #REF! | AD33: =LEFT(#REF!,8) -> #REF! | AE33: =LEFT(#REF!,4) -> #REF! | AF33: =LEFT(#REF!,4) -> #REF! | AG33: =LEFT(#REF!,4) -> #REF! | AH33: =LEFT(北段!#REF!,4) -> #ERROR! | AI33: =LEFT(北段!#REF!,4) -> #ERROR! | AJ33: =LEFT(北段!#REF!,4) -> #ERROR! | AK33: =LEFT(北段!#REF!,4) -> #ERROR! | AL33: =LEFT(北段!#REF!,4) -> #ERROR! | AM33: =LEFT(北段!#REF!,4) -> #ERROR! | AN33: =LEFT(北段!#REF!,4) -> #ERROR!
B34: =LEFT(#REF!,6) -> #REF! | C34: =VLOOKUP(B34,'北段'!B:C,2,FALSE) -> #REF! | D34: =LEFT(#REF!,4) -> #REF! | E34: =LEFT(#REF!,4) -> #REF! | F34: =LEFT(#REF!,4) -> #REF! | G34: =LEFT(#REF!,3) -> #REF! | H34: =LEFT(#REF!,3) -> #REF! | I34: =LEFT(#REF!,4) -> #REF! | J34: =LEFT(#REF!,4) -> #REF! | K34: =LEFT(#REF!,4) -> #REF! | L34: =LEFT(#REF!,4) -> #REF! | M34: =LEFT(#REF!,4) -> #REF! | N34: =LEFT(#REF!,4) -> #REF! | O34: =LEFT(#REF!,3) -> #REF! | P34: =LEFT(#REF!,4) -> #REF! | Q34: =LEFT(#REF!,4) -> #REF! | R34: =LEFT(#REF!,4) -> #REF! | S34: =LEFT(#REF!,4) -> #REF! | T34: =LEFT(#REF!,4) -> #REF! | U34: =LEFT(#REF!,4) -> #REF! | V34: =LEFT(#REF!,4) -> #REF! | W34: =LEFT(#REF!,4) -> #REF! | ... AG34: =LEFT(#REF!,4) -> #REF! | AH34: =LEFT(北段!#REF!,4) -> #ERROR! | AI34: =LEFT(北段!#REF!,4) -> #ERROR! | AJ34: =LEFT(北段!#REF!,4) -> #ERROR! | AK34: =LEFT(北段!#REF!,4) -> #ERROR! | AL34: =LEFT(北段!#REF!,4) -> #ERROR! | AM34: =LEFT(北段!#REF!,4) -> #ERROR! | AN34: =LEFT(北段!#REF!,4) -> #ERROR!
B35: =LEFT(#REF!,6) -> #REF! | C35: =VLOOKUP(B35,'北段'!B:C,2,FALSE) -> #REF! | D35: =LEFT(#REF!,4) -> #REF! | E35: =LEFT(#REF!,4) -> #REF! | F35: =LEFT(#REF!,4) -> #REF! | G35: =LEFT(#REF!,4) -> #REF! | H35: =LEFT(#REF!,4) -> #REF! | I35: =LEFT(#REF!,4) -> #REF! | J35: =LEFT(#REF!,3) -> #REF! | K35: =LEFT(#REF!,4) -> #REF! | L35: =LEFT(#REF!,3) -> #REF! | M35: =LEFT(#REF!,4) -> #REF! | N35: =LEFT(#REF!,4) -> #REF! | O35: =LEFT(#REF!,4) -> #REF! | P35: =LEFT(#REF!,4) -> #REF! | Q35: =LEFT(#REF!,4) -> #REF! | R35: =LEFT(#REF!,4) -> #REF! | S35: =LEFT(#REF!,4) -> #REF! | T35: =LEFT(#REF!,4) -> #REF! | ... X35: =LEFT(#REF!,4) -> #REF! | Y35: =LEFT(#REF!,3) -> #REF! | Z35: =LEFT(#REF!,3) -> #REF! | AA35: =LEFT(#REF!,4) -> #REF! | AB35: =LEFT(#REF!,4) -> #REF! | AC35: =LEFT(#REF!,4) -> #REF! | AD35: =LEFT(#REF!,4) -> #REF! | AE35: =LEFT(#REF!,4) -> #REF! | AF35: =LEFT(#REF!,4) -> #REF! | AG35: =LEFT(#REF!,4) -> #REF! | AH35: =LEFT(北段!#REF!,4) -> #ERROR! | AI35: =LEFT(北段!#REF!,4) -> #ERROR! | AJ35: =LEFT(北段!#REF!,4) -> #ERROR! | AK35: =LEFT(北段!#REF!,4) -> #ERROR! | AL35: =LEFT(北段!#REF!,4) -> #ERROR! | AM35: =LEFT(北段!#REF!,4) -> #ERROR! | AN35: =LEFT(北段!#REF!,4) -> #ERROR!
B36: =LEFT(#REF!,6) -> #REF! | C36: =VLOOKUP(B36,'北段'!B:C,2,FALSE) -> #REF! | D36: =LEFT(#REF!,4) -> #REF! | E36: =LEFT(#REF!,4) -> #REF! | F36: =LEFT(#REF!,4) -> #REF! | G36: =LEFT(#REF!,4) -> #REF! | H36: =LEFT(#REF!,4) -> #REF! | I36: =LEFT(#REF!,4) -> #REF! | J36: =LEFT(#REF!,4) -> #REF! | K36: =LEFT(#REF!,4) -> #REF! | ... N36: =LEFT(#REF!,4) -> #REF! | O36: =LEFT(#REF!,3) -> #REF! | P36: =LEFT(#REF!,4) -> #REF! | Q36: =LEFT(#REF!,4) -> #REF! | R36: =LEFT(#REF!,1) -> #REF! | S36: =LEFT(#REF!,4) -> #REF! | T36: =LEFT(#REF!,4) -> #REF! | U36: =LEFT(#REF!,4) -> #REF! | V36: =LEFT(#REF!,4) -> #REF! | W36: =LEFT(#REF!,4) -> #REF! | X36: =LEFT(#REF!,4) -> #REF! | Y36: =LEFT(#REF!,4) -> #REF! | Z36: =LEFT(#REF!,3) -> #REF! | AA36: =LEFT(#REF!,3) -> #REF! | AB36: =LEFT(#REF!,4) -> #REF! | AC36: =LEFT(#REF!,4) -> #REF! | AD36: =LEFT(#REF!,4) -> #REF! | AE36: =LEFT(#REF!,4) -> #REF! | AF36: =LEFT(#REF!,4) -> #REF! | AG36: =LEFT(#REF!,4) -> #REF! | AH36: =LEFT(北段!#REF!,4) -> #ERROR! | AI36: =LEFT(北段!#REF!,4) -> #ERROR! | AJ36: =LEFT(北段!#REF!,4) -> #ERROR! | AK36: =LEFT(北段!#REF!,4) -> #ERROR! | AL36: =LEFT(北段!#REF!,4) -> #ERROR! | AM36: =LEFT(北段!#REF!,4) -> #ERROR! | AN36: =LEFT(北段!#REF!,4) -> #ERROR!
B37: =LEFT(#REF!,6) -> #REF! | C37: =VLOOKUP(B37,'北段'!B:C,2,FALSE) -> #REF! | D37: =LEFT(#REF!,4) -> #REF! | E37: =LEFT(#REF!,4) -> #REF! | F37: =LEFT(#REF!,4) -> #REF! | G37: =LEFT(#REF!,3) -> #REF! | H37: =LEFT(#REF!,3) -> #REF! | I37: =LEFT(#REF!,4) -> #REF! | J37: =LEFT(#REF!,4) -> #REF! | K37: =LEFT(#REF!,4) -> #REF! | L37: =LEFT(#REF!,4) -> #REF! | M37: =LEFT(#REF!,4) -> #REF! | N37: =LEFT(#REF!,4) -> #REF! | O37: =LEFT(#REF!,4) -> #REF! | P37: =LEFT(#REF!,4) -> #REF! | ... X37: =LEFT(#REF!,4) -> #REF! | Y37: =LEFT(#REF!,3) -> #REF! | Z37: =LEFT(#REF!,4) -> #REF! | AA37: =LEFT(#REF!,4) -> #REF! | AB37: =LEFT(#REF!,4) -> #REF! | AC37: =LEFT(#REF!,4) -> #REF! | AD37: =LEFT(#REF!,4) -> #REF! | AE37: =LEFT(#REF!,4) -> #REF! | AF37: =LEFT(#REF!,4) -> #REF! | AG37: =LEFT(#REF!,4) -> #REF! | AH37: =LEFT(北段!#REF!,4) -> #ERROR! | AI37: =LEFT(北段!#REF!,4) -> #ERROR! | AJ37: =LEFT(北段!#REF!,4) -> #ERROR! | AK37: =LEFT(北段!#REF!,4) -> #ERROR! | AL37: =LEFT(北段!#REF!,4) -> #ERROR! | AM37: =LEFT(北段!#REF!,4) -> #ERROR! | AN37: =LEFT(北段!#REF!,4) -> #ERROR!
B38: =LEFT(#REF!,6) -> #REF! | C38: =VLOOKUP(B38,'北段'!B:C,2,FALSE) -> #REF! | D38: =LEFT(#REF!,4) -> #REF! | E38: =LEFT(#REF!,4) -> #REF! | F38: =LEFT(#REF!,4) -> #REF! | G38: =LEFT(#REF!,4) -> #REF! | H38: =LEFT(#REF!,4) -> #REF! | I38: =LEFT(#REF!,4) -> #REF! | J38: =LEFT(#REF!,4) -> #REF! | K38: =LEFT(#REF!,4) -> #REF! | ... AG38: =LEFT(#REF!,4) -> #REF! | AH38: =LEFT(北段!#REF!,4) -> #ERROR! | AI38: =LEFT(北段!#REF!,4) -> #ERROR! | AJ38: =LEFT(北段!#REF!,4) -> #ERROR! | AK38: =LEFT(北段!#REF!,4) -> #ERROR! | AL38: =LEFT(北段!#REF!,4) -> #ERROR! | AM38: =LEFT(北段!#REF!,4) -> #ERROR! | AN38: =LEFT(北段!#REF!,4) -> #ERROR!
B39: =LEFT(#REF!,6) -> #REF! | C39: =VLOOKUP(B39,'北段'!B:C,2,FALSE) -> #REF! | D39: =LEFT(#REF!,4) -> #REF! | E39: =LEFT(#REF!,4) -> #REF! | F39: =LEFT(#REF!,4) -> #REF! | G39: =LEFT(#REF!,4) -> #REF! | H39: =LEFT(#REF!,4) -> #REF! | I39: =LEFT(#REF!,4) -> #REF! | J39: =LEFT(#REF!,8) -> #REF! | K39: =LEFT(#REF!,4) -> #REF! | L39: =LEFT(#REF!,4) -> #REF! | M39: =LEFT(#REF!,4) -> #REF! | N39: =LEFT(#REF!,4) -> #REF! | O39: =LEFT(#REF!,4) -> #REF! | P39: =LEFT(#REF!,4) -> #REF! | Q39: =LEFT(#REF!,4) -> #REF! | R39: =LEFT(#REF!,4) -> #REF! | ... AG39: =LEFT(#REF!,4) -> #REF! | AH39: =LEFT(北段!#REF!,4) -> #ERROR! | AI39: =LEFT(北段!#REF!,4) -> #ERROR! | AJ39: =LEFT(北段!#REF!,4) -> #ERROR! | AK39: =LEFT(北段!#REF!,4) -> #ERROR! | AL39: =LEFT(北段!#REF!,4) -> #ERROR! | AM39: =LEFT(北段!#REF!,4) -> #ERROR! | AN39: =LEFT(北段!#REF!,4) -> #ERROR!
B40: =LEFT(#REF!,6) -> #REF! | C40: =VLOOKUP(B40,'北段'!B:C,2,FALSE) -> #REF! | D40: =LEFT(#REF!,4) -> #REF! | E40: =LEFT(#REF!,4) -> #REF! | F40: =LEFT(#REF!,4) -> #REF! | G40: =LEFT(#REF!,4) -> #REF! | H40: =LEFT(#REF!,4) -> #REF! | I40: =LEFT(#REF!,4) -> #REF! | J40: =LEFT(#REF!,4) -> #REF! | K40: =LEFT(#REF!,4) -> #REF! | ... M40: =LEFT(#REF!,4) -> #REF! | N40: =LEFT(#REF!,3) -> #REF! | O40: =LEFT(#REF!,4) -> #REF! | P40: =LEFT(#REF!,4) -> #REF! | Q40: =LEFT(#REF!,4) -> #REF! | R40: =LEFT(#REF!,4) -> #REF! | S40: =LEFT(#REF!,4) -> #REF! | T40: =LEFT(#REF!,4) -> #REF! | U40: =LEFT(#REF!,4) -> #REF! | V40: =LEFT(#REF!,4) -> #REF! | ... AG40: =LEFT(#REF!,4) -> #REF! | AH40: =LEFT(北段!#REF!,4) -> #ERROR! | AI40: =LEFT(北段!#REF!,4) -> #ERROR! | AJ40: =LEFT(北段!#REF!,4) -> #ERROR! | AK40: =LEFT(北段!#REF!,4) -> #ERROR! | AL40: =LEFT(北段!#REF!,4) -> #ERROR! | AM40: =LEFT(北段!#REF!,4) -> #ERROR! | AN40: =LEFT(北段!#REF!,4) -> #ERROR!
B41: =LEFT(#REF!,6) -> #REF! | C41: =VLOOKUP(B41,'北段'!B:C,2,FALSE) -> #REF! | D41: =LEFT(#REF!,4) -> #REF! | E41: =LEFT(#REF!,4) -> #REF! | F41: =LEFT(#REF!,4) -> #REF! | G41: =LEFT(#REF!,4) -> #REF! | H41: =LEFT(#REF!,4) -> #REF! | I41: =LEFT(#REF!,4) -> #REF! | J41: =LEFT(#REF!,4) -> #REF! | K41: =LEFT(#REF!,3) -> #REF! | L41: =LEFT(#REF!,4) -> #REF! | M41: =LEFT(#REF!,4) -> #REF! | N41: =LEFT(#REF!,4) -> #REF! | O41: =LEFT(#REF!,4) -> #REF! | P41: =LEFT(#REF!,4) -> #REF! | Q41: =LEFT(#REF!,4) -> #REF! | R41: =LEFT(#REF!,8) -> #REF! | S41: =LEFT(#REF!,4) -> #REF! | T41: =LEFT(#REF!,4) -> #REF! | U41: =LEFT(#REF!,4) -> #REF! | V41: =LEFT(#REF!,4) -> #REF! | W41: =LEFT(#REF!,4) -> #REF! | X41: =LEFT(#REF!,4) -> #REF! | Y41: =LEFT(#REF!,4) -> #REF! | Z41: =LEFT(#REF!,4) -> #REF! | ... AG41: =LEFT(#REF!,4) -> #REF! | AH41: =LEFT(北段!#REF!,4) -> #ERROR! | AI41: =LEFT(北段!#REF!,4) -> #ERROR! | AJ41: =LEFT(北段!#REF!,4) -> #ERROR! | AK41: =LEFT(北段!#REF!,4) -> #ERROR! | AL41: =LEFT(北段!#REF!,4) -> #ERROR! | AM41: =LEFT(北段!#REF!,4) -> #ERROR! | AN41: =LEFT(北段!#REF!,4) -> #ERROR!
B42: =LEFT(#REF!,6) -> #REF! | C42: =VLOOKUP(B42,'北段'!B:C,2,FALSE) -> #REF! | D42: =LEFT(#REF!,4) -> #REF! | E42: =LEFT(#REF!,4) -> #REF! | F42: =LEFT(#REF!,4) -> #REF! | G42: =LEFT(#REF!,3) -> #REF! | H42: =LEFT(#REF!,4) -> #REF! | I42: =LEFT(#REF!,7) -> #REF! | J42: =LEFT(#REF!,8) -> #REF! | K42: =LEFT(#REF!,8) -> #REF! | L42: =LEFT(#REF!,3) -> #REF! | M42: =LEFT(#REF!,4) -> #REF! | N42: =LEFT(#REF!,4) -> #REF! | O42: =LEFT(#REF!,3) -> #REF! | P42: =LEFT(#REF!,3) -> #REF! | Q42: =LEFT(#REF!,3) -> #REF! | R42: =LEFT(#REF!,3) -> #REF! | S42: =LEFT(#REF!,4) -> #REF! | T42: =LEFT(#REF!,4) -> #REF! | U42: =LEFT(#REF!,4) -> #REF! | V42: =LEFT(#REF!,4) -> #REF! | W42: =LEFT(#REF!,4) -> #REF! | X42: =LEFT(#REF!,4) -> #REF! | Y42: =LEFT(#REF!,3) -> #REF! | Z42: =LEFT(#REF!,8) -> #REF! | AA42: =LEFT(#REF!,4) -> #REF! | AB42: =LEFT(#REF!,4) -> #REF! | AC42: =LEFT(#REF!,4) -> #REF! | AD42: =LEFT(#REF!,4) -> #REF! | AE42: =LEFT(#REF!,4) -> #REF! | AF42: =LEFT(#REF!,4) -> #REF! | AG42: =LEFT(#REF!,4) -> #REF! | AH42: =LEFT(北段!#REF!,4) -> #ERROR! | AI42: =LEFT(北段!#REF!,4) -> #ERROR! | AJ42: =LEFT(北段!#REF!,4) -> #ERROR! | AK42: =LEFT(北段!#REF!,4) -> #ERROR! | AL42: =LEFT(北段!#REF!,4) -> #ERROR! | AM42: =LEFT(北段!#REF!,4) -> #ERROR! | AN42: =LEFT(北段!#REF!,4) -> #ERROR!
B43: =LEFT(#REF!,6) -> #REF! | C43: =VLOOKUP(B43,'北段'!B:C,2,FALSE) -> #REF! | D43: =LEFT(#REF!,7) -> #REF! | E43: =LEFT(#REF!,4) -> #REF! | F43: =LEFT(#REF!,4) -> #REF! | G43: =LEFT(#REF!,3) -> #REF! | H43: =LEFT(#REF!,4) -> #REF! | I43: =LEFT(#REF!,4) -> #REF! | J43: =LEFT(#REF!,4) -> #REF! | K43: =LEFT(#REF!,4) -> #REF! | L43: =LEFT(#REF!,4) -> #REF! | M43: =LEFT(#REF!,4) -> #REF! | N43: =LEFT(#REF!,4) -> #REF! | O43: =LEFT(#REF!,4) -> #REF! | ... X43: =LEFT(#REF!,4) -> #REF! | Y43: =LEFT(#REF!,3) -> #REF! | Z43: =LEFT(#REF!,4) -> #REF! | AA43: =LEFT(#REF!,4) -> #REF! | AB43: =LEFT(#REF!,4) -> #REF! | AC43: =LEFT(#REF!,4) -> #REF! | AD43: =LEFT(#REF!,4) -> #REF! | AE43: =LEFT(#REF!,4) -> #REF! | AF43: =LEFT(#REF!,4) -> #REF! | AG43: =LEFT(#REF!,4) -> #REF! | AH43: =LEFT(北段!#REF!,4) -> #ERROR! | AI43: =LEFT(北段!#REF!,4) -> #ERROR! | AJ43: =LEFT(北段!#REF!,4) -> #ERROR! | AK43: =LEFT(北段!#REF!,4) -> #ERROR! | AL43: =LEFT(北段!#REF!,4) -> #ERROR! | AM43: =LEFT(北段!#REF!,4) -> #ERROR! | AN43: =LEFT(北段!#REF!,4) -> #ERROR!
B44: =LEFT(#REF!,6) -> #REF! | C44: =VLOOKUP(B44,'北段'!B:C,2,FALSE) -> #REF! | D44: =LEFT(#REF!,4) -> #REF! | E44: =LEFT(#REF!,4) -> #REF! | F44: =LEFT(#REF!,4) -> #REF! | G44: =LEFT(#REF!,3) -> #REF! | H44: =LEFT(#REF!,4) -> #REF! | I44: =LEFT(#REF!,4) -> #REF! | J44: =LEFT(#REF!,3) -> #REF! | K44: =LEFT(#REF!,4) -> #REF! | L44: =LEFT(#REF!,3) -> #REF! | M44: =LEFT(#REF!,4) -> #REF! | N44: =LEFT(#REF!,4) -> #REF! | O44: =LEFT(#REF!,4) -> #REF! | P44: =LEFT(#REF!,4) -> #REF! | Q44: =LEFT(#REF!,4) -> #REF! | R44: =LEFT(#REF!,4) -> #REF! | S44: =LEFT(#REF!,8) -> #REF! | T44: =LEFT(#REF!,4) -> #REF! | U44: =LEFT(#REF!,4) -> #REF! | V44: =LEFT(#REF!,4) -> #REF! | W44: =LEFT(#REF!,4) -> #REF! | X44: =LEFT(#REF!,4) -> #REF! | Y44: =LEFT(#REF!,4) -> #REF! | Z44: =LEFT(#REF!,4) -> #REF! | AA44: =LEFT(#REF!,4) -> #REF! | ... AG44: =LEFT(#REF!,4) -> #REF! | AH44: =LEFT(北段!#REF!,4) -> #ERROR! | AI44: =LEFT(北段!#REF!,4) -> #ERROR! | AJ44: =LEFT(北段!#REF!,4) -> #ERROR! | AK44: =LEFT(北段!#REF!,4) -> #ERROR! | AL44: =LEFT(北段!#REF!,4) -> #ERROR! | AM44: =LEFT(北段!#REF!,4) -> #ERROR! | AN44: =LEFT(北段!#REF!,4) -> #ERROR!
B45: =LEFT(#REF!,6) -> #REF! | C45: =VLOOKUP(B45,'北段'!B:C,2,FALSE) -> #REF! | D45: =LEFT(#REF!,4) -> #REF! | E45: =LEFT(#REF!,4) -> #REF! | F45: =LEFT(#REF!,4) -> #REF! | G45: =LEFT(#REF!,4) -> #REF! | H45: =LEFT(#REF!,4) -> #REF! | I45: =LEFT(#REF!,4) -> #REF! | J45: =LEFT(#REF!,4) -> #REF! | K45: =LEFT(#REF!,4) -> #REF! | ... O45: =LEFT(#REF!,4) -> #REF! | P45: =LEFT(#REF!,3) -> #REF! | Q45: =LEFT(#REF!,4) -> #REF! | R45: =LEFT(#REF!,4) -> #REF! | S45: =LEFT(#REF!,4) -> #REF! | T45: =LEFT(#REF!,4) -> #REF! | U45: =LEFT(#REF!,4) -> #REF! | V45: =LEFT(#REF!,4) -> #REF! | W45: =LEFT(#REF!,4) -> #REF! | X45: =LEFT(#REF!,4) -> #REF! | Y45: =LEFT(#REF!,4) -> #REF! | Z45: =LEFT(#REF!,3) -> #REF! | AA45: =LEFT(#REF!,4) -> #REF! | AB45: =LEFT(#REF!,4) -> #REF! | AC45: =LEFT(#REF!,4) -> #REF! | AD45: =LEFT(#REF!,4) -> #REF! | AE45: =LEFT(#REF!,4) -> #REF! | AF45: =LEFT(#REF!,4) -> #REF! | AG45: =LEFT(#REF!,4) -> #REF! | AH45: =LEFT(北段!#REF!,4) -> #ERROR! | AI45: =LEFT(北段!#REF!,4) -> #ERROR! | AJ45: =LEFT(北段!#REF!,4) -> #ERROR! | AK45: =LEFT(北段!#REF!,4) -> #ERROR! | AL45: =LEFT(北段!#REF!,4) -> #ERROR! | AM45: =LEFT(北段!#REF!,4) -> #ERROR! | AN45: =LEFT(北段!#REF!,4) -> #ERROR!
B46: =LEFT(#REF!,6) -> #REF! | C46: =VLOOKUP(B46,'北段'!B:C,2,FALSE) -> #REF! | D46: =LEFT(#REF!,4) -> #REF! | E46: =LEFT(#REF!,4) -> #REF! | F46: =LEFT(#REF!,4) -> #REF! | G46: =LEFT(#REF!,4) -> #REF! | H46: =LEFT(#REF!,3) -> #REF! | I46: =LEFT(#REF!,4) -> #REF! | J46: =LEFT(#REF!,4) -> #REF! | K46: =LEFT(#REF!,4) -> #REF! | L46: =LEFT(#REF!,4) -> #REF! | M46: =LEFT(#REF!,4) -> #REF! | N46: =LEFT(#REF!,4) -> #REF! | O46: =LEFT(#REF!,4) -> #REF! | P46: =LEFT(#REF!,4) -> #REF! | ... Z46: =LEFT(#REF!,4) -> #REF! | AA46: =LEFT(#REF!,3) -> #REF! | AB46: =LEFT(#REF!,4) -> #REF! | AC46: =LEFT(#REF!,4) -> #REF! | AD46: =LEFT(#REF!,4) -> #REF! | AE46: =LEFT(#REF!,4) -> #REF! | AF46: =LEFT(#REF!,4) -> #REF! | AG46: =LEFT(#REF!,4) -> #REF! | AH46: =LEFT(北段!#REF!,4) -> #ERROR! | AI46: =LEFT(北段!#REF!,4) -> #ERROR! | AJ46: =LEFT(北段!#REF!,4) -> #ERROR! | AK46: =LEFT(北段!#REF!,4) -> #ERROR! | AL46: =LEFT(北段!#REF!,4) -> #ERROR! | AM46: =LEFT(北段!#REF!,4) -> #ERROR! | AN46: =LEFT(北段!#REF!,4) -> #ERROR!
B47: =LEFT(#REF!,6) -> #REF! | C47: =VLOOKUP(B47,'北段'!B:C,2,FALSE) -> #REF! | D47: =LEFT(#REF!,4) -> #REF! | E47: =LEFT(#REF!,4) -> #REF! | F47: =LEFT(#REF!,4) -> #REF! | G47: =LEFT(#REF!,4) -> #REF! | H47: =LEFT(#REF!,4) -> #REF! | I47: =LEFT(#REF!,4) -> #REF! | J47: =LEFT(#REF!,4) -> #REF! | K47: =LEFT(#REF!,4) -> #REF! | ... P47: =LEFT(#REF!,4) -> #REF! | Q47: =LEFT(#REF!,3) -> #REF! | R47: =LEFT(#REF!,1) -> #REF! | S47: =LEFT(#REF!,4) -> #REF! | T47: =LEFT(#REF!,4) -> #REF! | U47: =LEFT(#REF!,4) -> #REF! | V47: =LEFT(#REF!,4) -> #REF! | W47: =LEFT(#REF!,4) -> #REF! | X47: =LEFT(#REF!,4) -> #REF! | Y47: =LEFT(#REF!,4) -> #REF! | Z47: =LEFT(#REF!,4) -> #REF! | ... AG47: =LEFT(#REF!,4) -> #REF! | AH47: =LEFT(北段!#REF!,4) -> #ERROR! | AI47: =LEFT(北段!#REF!,4) -> #ERROR! | AJ47: =LEFT(北段!#REF!,4) -> #ERROR! | AK47: =LEFT(北段!#REF!,4) -> #ERROR! | AL47: =LEFT(北段!#REF!,4) -> #ERROR! | AM47: =LEFT(北段!#REF!,4) -> #ERROR! | AN47: =LEFT(北段!#REF!,4) -> #ERROR!
B48: =LEFT(#REF!,6) -> #REF! | C48: =VLOOKUP(B48,'北段'!B:C,2,FALSE) -> #REF! | D48: =LEFT(#REF!,4) -> #REF! | E48: =LEFT(#REF!,4) -> #REF! | F48: =LEFT(#REF!,4) -> #REF! | G48: =LEFT(#REF!,3) -> #REF! | H48: =LEFT(#REF!,4) -> #REF! | I48: =LEFT(#REF!,4) -> #REF! | J48: =LEFT(#REF!,4) -> #REF! | K48: =LEFT(#REF!,4) -> #REF! | L48: =LEFT(#REF!,4) -> #REF! | M48: =LEFT(#REF!,4) -> #REF! | N48: =LEFT(#REF!,4) -> #REF! | O48: =LEFT(#REF!,4) -> #REF! | ... U48: =LEFT(#REF!,4) -> #REF! | V48: =LEFT(#REF!,3) -> #REF! | W48: =LEFT(#REF!,4) -> #REF! | X48: =LEFT(#REF!,4) -> #REF! | Y48: =LEFT(#REF!,4) -> #REF! | Z48: =LEFT(#REF!,4) -> #REF! | AA48: =LEFT(#REF!,4) -> #REF! | AB48: =LEFT(#REF!,4) -> #REF! | AC48: =LEFT(#REF!,4) -> #REF! | AD48: =LEFT(#REF!,4) -> #REF! | ... AG48: =LEFT(#REF!,4) -> #REF! | AH48: =LEFT(北段!#REF!,4) -> #ERROR! | AI48: =LEFT(北段!#REF!,4) -> #ERROR! | AJ48: =LEFT(北段!#REF!,4) -> #ERROR! | AK48: =LEFT(北段!#REF!,4) -> #ERROR! | AL48: =LEFT(北段!#REF!,4) -> #ERROR! | AM48: =LEFT(北段!#REF!,4) -> #ERROR! | AN48: =LEFT(北段!#REF!,4) -> #ERROR!
B49: =LEFT(#REF!,6) -> #REF! | C49: =VLOOKUP(B49,'北段'!B:C,2,FALSE) -> #REF! | D49: =LEFT(#REF!,4) -> #REF! | E49: =LEFT(#REF!,4) -> #REF! | F49: =LEFT(#REF!,4) -> #REF! | G49: =LEFT(#REF!,4) -> #REF! | H49: =LEFT(#REF!,3) -> #REF! | I49: =LEFT(#REF!,4) -> #REF! | J49: =LEFT(#REF!,3) -> #REF! | K49: =LEFT(#REF!,4) -> #REF! | L49: =LEFT(#REF!,4) -> #REF! | M49: =LEFT(#REF!,4) -> #REF! | N49: =LEFT(#REF!,4) -> #REF! | O49: =LEFT(#REF!,4) -> #REF! | P49: =LEFT(#REF!,4) -> #REF! | Q49: =LEFT(#REF!,4) -> #REF! | R49: =LEFT(#REF!,4) -> #REF! | ... AG49: =LEFT(#REF!,4) -> #REF! | AH49: =LEFT(北段!#REF!,4) -> #ERROR! | AI49: =LEFT(北段!#REF!,4) -> #ERROR! | AJ49: =LEFT(北段!#REF!,4) -> #ERROR! | AK49: =LEFT(北段!#REF!,4) -> #ERROR! | AL49: =LEFT(北段!#REF!,4) -> #ERROR! | AM49: =LEFT(北段!#REF!,4) -> #ERROR! | AN49: =LEFT(北段!#REF!,4) -> #ERROR!
B50: =LEFT(#REF!,6) -> #REF! | C50: =VLOOKUP(B50,'北段'!B:C,2,FALSE) -> #REF! | D50: =LEFT(#REF!,4) -> #REF! | E50: =LEFT(#REF!,4) -> #REF! | F50: =LEFT(#REF!,4) -> #REF! | G50: =LEFT(#REF!,4) -> #REF! | H50: =LEFT(#REF!,4) -> #REF! | I50: =LEFT(#REF!,4) -> #REF! | J50: =LEFT(#REF!,4) -> #REF! | K50: =LEFT(#REF!,4) -> #REF! | ... AG50: =LEFT(#REF!,4) -> #REF! | AH50: =LEFT(北段!#REF!,4) -> #ERROR! | AI50: =LEFT(北段!#REF!,4) -> #ERROR! | AJ50: =LEFT(北段!#REF!,4) -> #ERROR! | AK50: =LEFT(北段!#REF!,4) -> #ERROR! | AL50: =LEFT(北段!#REF!,4) -> #ERROR! | AM50: =LEFT(北段!#REF!,4) -> #ERROR! | AN50: =LEFT(北段!#REF!,4) -> #ERROR!
B51: =LEFT(#REF!,6) -> #REF! | C51: =VLOOKUP(B51,'北段'!B:C,2,FALSE) -> #REF! | D51: =LEFT(#REF!,4) -> #REF! | E51: =LEFT(#REF!,4) -> #REF! | F51: =LEFT(#REF!,4) -> #REF! | G51: =LEFT(#REF!,4) -> #REF! | H51: =LEFT(#REF!,4) -> #REF! | I51: =LEFT(#REF!,4) -> #REF! | J51: =LEFT(#REF!,2) -> #REF! | K51: =LEFT(#REF!,4) -> #REF! | L51: =LEFT(#REF!,4) -> #REF! | M51: =LEFT(#REF!,4) -> #REF! | N51: =LEFT(#REF!,4) -> #REF! | O51: =LEFT(#REF!,4) -> #REF! | P51: =LEFT(#REF!,4) -> #REF! | Q51: =LEFT(#REF!,4) -> #REF! | R51: =LEFT(#REF!,4) -> #REF! | ... U51: =LEFT(#REF!,4) -> #REF! | V51: =LEFT(#REF!,3) -> #REF! | W51: =LEFT(#REF!,4) -> #REF! | X51: =LEFT(#REF!,4) -> #REF! | Y51: =LEFT(#REF!,4) -> #REF! | Z51: =LEFT(#REF!,4) -> #REF! | AA51: =LEFT(#REF!,4) -> #REF! | AB51: =LEFT(#REF!,4) -> #REF! | AC51: =LEFT(#REF!,4) -> #REF! | AD51: =LEFT(#REF!,4) -> #REF! | ... AG51: =LEFT(#REF!,4) -> #REF! | AH51: =LEFT(北段!#REF!,4) -> #ERROR! | AI51: =LEFT(北段!#REF!,4) -> #ERROR! | AJ51: =LEFT(北段!#REF!,4) -> #ERROR! | AK51: =LEFT(北段!#REF!,4) -> #ERROR! | AL51: =LEFT(北段!#REF!,4) -> #ERROR! | AM51: =LEFT(北段!#REF!,4) -> #ERROR! | AN51: =LEFT(北段!#REF!,4) -> #ERROR!
B52: =LEFT(#REF!,6) -> #REF! | C52: =VLOOKUP(B52,'北段'!B:C,2,FALSE) -> #REF! | D52: =LEFT(#REF!,4) -> #REF! | E52: =LEFT(#REF!,7) -> #REF! | F52: =LEFT(#REF!,4) -> #REF! | G52: =LEFT(#REF!,4) -> #REF! | H52: =LEFT(#REF!,3) -> #REF! | I52: =LEFT(#REF!,4) -> #REF! | J52: =LEFT(#REF!,7) -> #REF! | K52: =LEFT(#REF!,4) -> #REF! | L52: =LEFT(#REF!,3) -> #REF! | M52: =LEFT(#REF!,4) -> #REF! | N52: =LEFT(#REF!,4) -> #REF! | O52: =LEFT(#REF!,4) -> #REF! | P52: =LEFT(#REF!,7) -> #REF! | Q52: =LEFT(#REF!,3) -> #REF! | R52: =LEFT(#REF!,2) -> #REF! | S52: =LEFT(#REF!,4) -> #REF! | T52: =LEFT(#REF!,4) -> #REF! | U52: =LEFT(#REF!,4) -> #REF! | V52: =LEFT(#REF!,4) -> #REF! | W52: =LEFT(#REF!,4) -> #REF! | X52: =LEFT(#REF!,4) -> #REF! | Y52: =LEFT(#REF!,4) -> #REF! | Z52: =LEFT(#REF!,8) -> #REF! | AA52: =LEFT(#REF!,8) -> #REF! | AB52: =LEFT(#REF!,4) -> #REF! | AC52: =LEFT(#REF!,4) -> #REF! | AD52: =LEFT(#REF!,8) -> #REF! | AE52: =LEFT(#REF!,8) -> #REF! | AF52: =LEFT(#REF!,4) -> #REF! | AG52: =LEFT(#REF!,4) -> #REF! | AH52: =LEFT(北段!#REF!,4) -> #ERROR! | AI52: =LEFT(北段!#REF!,4) -> #ERROR! | AJ52: =LEFT(北段!#REF!,4) -> #ERROR! | AK52: =LEFT(北段!#REF!,4) -> #ERROR! | AL52: =LEFT(北段!#REF!,8) -> #ERROR! | AM52: =LEFT(北段!#REF!,4) -> #ERROR! | AN52: =LEFT(北段!#REF!,4) -> #ERROR!
B53: =LEFT(#REF!,6) -> #REF! | C53: =VLOOKUP(B53,'北段'!B:C,2,FALSE) -> #REF! | D53: =LEFT(#REF!,4) -> #REF! | E53: =LEFT(#REF!,4) -> #REF! | F53: =LEFT(#REF!,4) -> #REF! | G53: =LEFT(#REF!,3) -> #REF! | H53: =LEFT(#REF!,4) -> #REF! | I53: =LEFT(#REF!,4) -> #REF! | J53: =LEFT(#REF!,4) -> #REF! | K53: =LEFT(#REF!,4) -> #REF! | L53: =LEFT(#REF!,4) -> #REF! | M53: =LEFT(#REF!,4) -> #REF! | N53: =LEFT(#REF!,4) -> #REF! | O53: =LEFT(#REF!,4) -> #REF! | ... AG53: =LEFT(#REF!,4) -> #REF! | AH53: =LEFT(北段!#REF!,4) -> #ERROR! | AI53: =LEFT(北段!#REF!,4) -> #ERROR! | AJ53: =LEFT(北段!#REF!,4) -> #ERROR! | AK53: =LEFT(北段!#REF!,4) -> #ERROR! | AL53: =LEFT(北段!#REF!,4) -> #ERROR! | AM53: =LEFT(北段!#REF!,4) -> #ERROR! | AN53: =LEFT(北段!#REF!,4) -> #ERROR!
B54: =LEFT(#REF!,6) -> #REF! | C54: =VLOOKUP(B54,'北段'!B:C,2,FALSE) -> #REF! | D54: =LEFT(#REF!,4) -> #REF! | E54: =LEFT(#REF!,4) -> #REF! | F54: =LEFT(#REF!,4) -> #REF! | G54: =LEFT(#REF!,4) -> #REF! | H54: =LEFT(#REF!,4) -> #REF! | I54: =LEFT(#REF!,4) -> #REF! | J54: =LEFT(#REF!,3) -> #REF! | K54: =LEFT(#REF!,4) -> #REF! | L54: =LEFT(#REF!,4) -> #REF! | M54: =LEFT(#REF!,4) -> #REF! | N54: =LEFT(#REF!,4) -> #REF! | O54: =LEFT(#REF!,4) -> #REF! | P54: =LEFT(#REF!,4) -> #REF! | Q54: =LEFT(#REF!,4) -> #REF! | R54: =LEFT(#REF!,4) -> #REF! | ... AG54: =LEFT(#REF!,4) -> #REF! | AH54: =LEFT(北段!#REF!,4) -> #ERROR! | AI54: =LEFT(北段!#REF!,4) -> #ERROR! | AJ54: =LEFT(北段!#REF!,4) -> #ERROR! | AK54: =LEFT(北段!#REF!,4) -> #ERROR! | AL54: =LEFT(北段!#REF!,4) -> #ERROR! | AM54: =LEFT(北段!#REF!,4) -> #ERROR! | AN54: =LEFT(北段!#REF!,4) -> #ERROR!
B55: =LEFT(#REF!,6) -> #REF! | C55: =VLOOKUP(B55,'北段'!B:C,2,FALSE) -> #REF! | D55: =LEFT(#REF!,4) -> #REF! | E55: =LEFT(#REF!,4) -> #REF! | F55: =LEFT(#REF!,4) -> #REF! | G55: =LEFT(#REF!,3) -> #REF! | H55: =LEFT(#REF!,4) -> #REF! | I55: =LEFT(#REF!,4) -> #REF! | J55: =LEFT(#REF!,4) -> #REF! | K55: =LEFT(#REF!,4) -> #REF! | L55: =LEFT(#REF!,3) -> #REF! | M55: =LEFT(#REF!,4) -> #REF! | N55: =LEFT(#REF!,4) -> #REF! | O55: =LEFT(#REF!,3) -> #REF! | P55: =LEFT(#REF!,4) -> #REF! | Q55: =LEFT(#REF!,3) -> #REF! | R55: =LEFT(#REF!,4) -> #REF! | S55: =LEFT(#REF!,4) -> #REF! | T55: =LEFT(#REF!,4) -> #REF! | U55: =LEFT(#REF!,4) -> #REF! | V55: =LEFT(#REF!,4) -> #REF! | W55: =LEFT(#REF!,4) -> #REF! | X55: =LEFT(#REF!,4) -> #REF! | Y55: =LEFT(#REF!,4) -> #REF! | Z55: =LEFT(#REF!,3) -> #REF! | AA55: =LEFT(#REF!,4) -> #REF! | AB55: =LEFT(#REF!,4) -> #REF! | AC55: =LEFT(#REF!,4) -> #REF! | AD55: =LEFT(#REF!,4) -> #REF! | AE55: =LEFT(#REF!,4) -> #REF! | AF55: =LEFT(#REF!,4) -> #REF! | AG55: =LEFT(#REF!,4) -> #REF! | AH55: =LEFT(北段!#REF!,4) -> #ERROR! | AI55: =LEFT(北段!#REF!,4) -> #ERROR! | AJ55: =LEFT(北段!#REF!,4) -> #ERROR! | AK55: =LEFT(北段!#REF!,4) -> #ERROR! | AL55: =LEFT(北段!#REF!,4) -> #ERROR! | AM55: =LEFT(北段!#REF!,4) -> #ERROR! | AN55: =LEFT(北段!#REF!,4) -> #ERROR!
B56: =LEFT(#REF!,6) -> #REF! | C56: =VLOOKUP(B56,'北段'!B:C,2,FALSE) -> #REF! | D56: =LEFT(#REF!,4) -> #REF! | E56: =LEFT(#REF!,4) -> #REF! | F56: =LEFT(#REF!,4) -> #REF! | G56: =LEFT(#REF!,4) -> #REF! | H56: =LEFT(#REF!,4) -> #REF! | I56: =LEFT(#REF!,4) -> #REF! | J56: =LEFT(#REF!,1) -> #REF! | K56: =LEFT(#REF!,4) -> #REF! | L56: =LEFT(#REF!,4) -> #REF! | M56: =LEFT(#REF!,4) -> #REF! | N56: =LEFT(#REF!,4) -> #REF! | O56: =LEFT(#REF!,4) -> #REF! | P56: =LEFT(#REF!,4) -> #REF! | Q56: =LEFT(#REF!,4) -> #REF! | R56: =LEFT(#REF!,4) -> #REF! | ... AG56: =LEFT(#REF!,4) -> #REF! | AH56: =LEFT(北段!#REF!,4) -> #ERROR! | AI56: =LEFT(北段!#REF!,4) -> #ERROR! | AJ56: =LEFT(北段!#REF!,4) -> #ERROR! | AK56: =LEFT(北段!#REF!,4) -> #ERROR! | AL56: =LEFT(北段!#REF!,4) -> #ERROR! | AM56: =LEFT(北段!#REF!,4) -> #ERROR! | AN56: =LEFT(北段!#REF!,4) -> #ERROR!
B57: =LEFT(#REF!,6) -> #REF! | C57: =VLOOKUP(B57,'北段'!B:C,2,FALSE) -> #REF! | D57: =LEFT(#REF!,4) -> #REF! | E57: =LEFT(#REF!,4) -> #REF! | F57: =LEFT(#REF!,4) -> #REF! | G57: =LEFT(#REF!,4) -> #REF! | H57: =LEFT(#REF!,4) -> #REF! | I57: =LEFT(#REF!,4) -> #REF! | J57: =LEFT(#REF!,4) -> #REF! | K57: =LEFT(#REF!,4) -> #REF! | ... AG57: =LEFT(#REF!,4) -> #REF! | AH57: =LEFT(北段!#REF!,4) -> #ERROR! | AI57: =LEFT(北段!#REF!,4) -> #ERROR! | AJ57: =LEFT(北段!#REF!,4) -> #ERROR! | AK57: =LEFT(北段!#REF!,4) -> #ERROR! | AL57: =LEFT(北段!#REF!,4) -> #ERROR! | AM57: =LEFT(北段!#REF!,4) -> #ERROR! | AN57: =LEFT(北段!#REF!,4) -> #ERROR!
B58: =LEFT(#REF!,6) -> #REF! | C58: =VLOOKUP(B58,'北段'!B:C,2,FALSE) -> #REF! | D58: =LEFT(#REF!,4) -> #REF! | E58: =LEFT(#REF!,4) -> #REF! | F58: =LEFT(#REF!,4) -> #REF! | G58: =LEFT(#REF!,4) -> #REF! | H58: =LEFT(#REF!,4) -> #REF! | I58: =LEFT(#REF!,4) -> #REF! | J58: =LEFT(#REF!,3) -> #REF! | K58: =LEFT(#REF!,4) -> #REF! | L58: =LEFT(#REF!,4) -> #REF! | M58: =LEFT(#REF!,4) -> #REF! | N58: =LEFT(#REF!,4) -> #REF! | O58: =LEFT(#REF!,4) -> #REF! | P58: =LEFT(#REF!,4) -> #REF! | Q58: =LEFT(#REF!,3) -> #REF! | R58: =LEFT(#REF!,4) -> #REF! | S58: =LEFT(#REF!,4) -> #REF! | T58: =LEFT(#REF!,4) -> #REF! | U58: =LEFT(#REF!,4) -> #REF! | V58: =LEFT(#REF!,4) -> #REF! | W58: =LEFT(#REF!,4) -> #REF! | X58: =LEFT(#REF!,4) -> #REF! | Y58: =LEFT(#REF!,4) -> #REF! | ... AG58: =LEFT(#REF!,4) -> #REF! | AH58: =LEFT(北段!#REF!,4) -> #ERROR! | AI58: =LEFT(北段!#REF!,4) -> #ERROR! | AJ58: =LEFT(北段!#REF!,4) -> #ERROR! | AK58: =LEFT(北段!#REF!,4) -> #ERROR! | AL58: =LEFT(北段!#REF!,4) -> #ERROR! | AM58: =LEFT(北段!#REF!,4) -> #ERROR! | AN58: =LEFT(北段!#REF!,4) -> #ERROR!
B59: =LEFT(#REF!,6) -> #REF! | C59: =VLOOKUP(B59,'北段'!B:C,2,FALSE) -> #REF! | D59: =LEFT(#REF!,4) -> #REF! | E59: =LEFT(#REF!,4) -> #REF! | F59: =LEFT(#REF!,4) -> #REF! | G59: =LEFT(#REF!,4) -> #REF! | H59: =LEFT(#REF!,4) -> #REF! | I59: =LEFT(#REF!,4) -> #REF! | J59: =LEFT(#REF!,4) -> #REF! | K59: =LEFT(#REF!,4) -> #REF! | ... AG59: =LEFT(#REF!,4) -> #REF! | AH59: =LEFT(北段!#REF!,4) -> #ERROR! | AI59: =LEFT(北段!#REF!,4) -> #ERROR! | AJ59: =LEFT(北段!#REF!,4) -> #ERROR! | AK59: =LEFT(北段!#REF!,4) -> #ERROR! | AL59: =LEFT(北段!#REF!,4) -> #ERROR! | AM59: =LEFT(北段!#REF!,4) -> #ERROR! | AN59: =LEFT(北段!#REF!,4) -> #ERROR!
B60: =LEFT(#REF!,6) -> #REF! | C60: =VLOOKUP(B60,'北段'!B:C,2,FALSE) -> #REF! | D60: =LEFT(#REF!,4) -> #REF! | E60: =LEFT(#REF!,4) -> #REF! | F60: =LEFT(#REF!,4) -> #REF! | G60: =LEFT(#REF!,3) -> #REF! | H60: =LEFT(#REF!,4) -> #REF! | I60: =LEFT(#REF!,4) -> #REF! | J60: =LEFT(#REF!,4) -> #REF! | K60: =LEFT(#REF!,4) -> #REF! | L60: =LEFT(#REF!,4) -> #REF! | M60: =LEFT(#REF!,4) -> #REF! | N60: =LEFT(#REF!,4) -> #REF! | O60: =LEFT(#REF!,4) -> #REF! | ... AG60: =LEFT(#REF!,4) -> #REF! | AH60: =LEFT(北段!#REF!,4) -> #ERROR! | AI60: =LEFT(北段!#REF!,4) -> #ERROR! | AJ60: =LEFT(北段!#REF!,4) -> #ERROR! | AK60: =LEFT(北段!#REF!,4) -> #ERROR! | AL60: =LEFT(北段!#REF!,8) -> #ERROR! | AM60: =LEFT(北段!#REF!,4) -> #ERROR! | AN60: =LEFT(北段!#REF!,4) -> #ERROR!
B61: =LEFT(#REF!,6) -> #REF! | C61: =VLOOKUP(B61,'北段'!B:C,2,FALSE) -> #REF! | D61: =LEFT(#REF!,4) -> #REF! | E61: =LEFT(#REF!,4) -> #REF! | F61: =LEFT(#REF!,4) -> #REF! | G61: =LEFT(#REF!,3) -> #REF! | H61: =LEFT(#REF!,4) -> #REF! | I61: =LEFT(#REF!,4) -> #REF! | J61: =LEFT(#REF!,4) -> #REF! | K61: =LEFT(#REF!,4) -> #REF! | L61: =LEFT(#REF!,4) -> #REF! | M61: =LEFT(#REF!,8) -> #REF! | N61: =LEFT(#REF!,4) -> #REF! | O61: =LEFT(#REF!,4) -> #REF! | P61: =LEFT(#REF!,4) -> #REF! | Q61: =LEFT(#REF!,4) -> #REF! | R61: =LEFT(#REF!,4) -> #REF! | S61: =LEFT(#REF!,4) -> #REF! | T61: =LEFT(#REF!,4) -> #REF! | U61: =LEFT(#REF!,4) -> #REF! | ... AG61: =LEFT(#REF!,4) -> #REF! | AH61: =LEFT(北段!#REF!,4) -> #ERROR! | AI61: =LEFT(北段!#REF!,4) -> #ERROR! | AJ61: =LEFT(北段!#REF!,4) -> #ERROR! | AK61: =LEFT(北段!#REF!,4) -> #ERROR! | AL61: =LEFT(北段!#REF!,4) -> #ERROR! | AM61: =LEFT(北段!#REF!,4) -> #ERROR! | AN61: =LEFT(北段!#REF!,4) -> #ERROR!
B62: =LEFT(#REF!,6) -> #REF! | C62: =VLOOKUP(B62,'北段'!B:C,2,FALSE) -> #REF! | D62: =LEFT(#REF!,4) -> #REF! | E62: =LEFT(#REF!,4) -> #REF! | F62: =LEFT(#REF!,4) -> #REF! | G62: =LEFT(#REF!,4) -> #REF! | H62: =LEFT(#REF!,4) -> #REF! | I62: =LEFT(#REF!,4) -> #REF! | J62: =LEFT(#REF!,4) -> #REF! | K62: =LEFT(#REF!,4) -> #REF! | ... AG62: =LEFT(#REF!,4) -> #REF! | AH62: =LEFT(北段!#REF!,4) -> #ERROR! | AI62: =LEFT(北段!#REF!,4) -> #ERROR! | AJ62: =LEFT(北段!#REF!,4) -> #ERROR! | AK62: =LEFT(北段!#REF!,4) -> #ERROR! | AL62: =LEFT(北段!#REF!,4) -> #ERROR! | AM62: =LEFT(北段!#REF!,4) -> #ERROR! | AN62: =LEFT(北段!#REF!,4) -> #ERROR!
B63: =LEFT(#REF!,6) -> #REF! | C63: =VLOOKUP(B63,'北段'!B:C,2,FALSE) -> #REF! | D63: =LEFT(#REF!,4) -> #REF! | E63: =LEFT(#REF!,4) -> #REF! | F63: =LEFT(#REF!,4) -> #REF! | G63: =LEFT(#REF!,4) -> #REF! | H63: =LEFT(#REF!,4) -> #REF! | I63: =LEFT(#REF!,4) -> #REF! | J63: =LEFT(#REF!,4) -> #REF! | K63: =LEFT(#REF!,4) -> #REF! | ... AG63: =LEFT(#REF!,4) -> #REF! | AH63: =LEFT(北段!#REF!,4) -> #ERROR! | AI63: =LEFT(北段!#REF!,4) -> #ERROR! | AJ63: =LEFT(北段!#REF!,4) -> #ERROR! | AK63: =LEFT(北段!#REF!,4) -> #ERROR! | AL63: =LEFT(北段!#REF!,4) -> #ERROR! | AM63: =LEFT(北段!#REF!,4) -> #ERROR! | AN63: =LEFT(北段!#REF!,4) -> #ERROR!
B64: =LEFT(#REF!,6) -> #REF! | C64: =VLOOKUP(B64,'北段'!B:C,2,FALSE) -> #REF! | D64: =LEFT(#REF!,4) -> #REF! | E64: =LEFT(#REF!,4) -> #REF! | F64: =LEFT(#REF!,4) -> #REF! | G64: =LEFT(#REF!,4) -> #REF! | H64: =LEFT(#REF!,3) -> #REF! | I64: =LEFT(#REF!,4) -> #REF! | J64: =LEFT(#REF!,4) -> #REF! | K64: =LEFT(#REF!,4) -> #REF! | L64: =LEFT(#REF!,4) -> #REF! | M64: =LEFT(#REF!,4) -> #REF! | N64: =LEFT(#REF!,4) -> #REF! | O64: =LEFT(#REF!,4) -> #REF! | P64: =LEFT(#REF!,4) -> #REF! | ... U64: =LEFT(#REF!,4) -> #REF! | V64: =LEFT(#REF!,3) -> #REF! | W64: =LEFT(#REF!,4) -> #REF! | X64: =LEFT(#REF!,4) -> #REF! | Y64: =LEFT(#REF!,4) -> #REF! | Z64: =LEFT(#REF!,4) -> #REF! | AA64: =LEFT(#REF!,4) -> #REF! | AB64: =LEFT(#REF!,4) -> #REF! | AC64: =LEFT(#REF!,4) -> #REF! | AD64: =LEFT(#REF!,4) -> #REF! | ... AG64: =LEFT(#REF!,4) -> #REF! | AH64: =LEFT(北段!#REF!,4) -> #ERROR! | AI64: =LEFT(北段!#REF!,4) -> #ERROR! | AJ64: =LEFT(北段!#REF!,4) -> #ERROR! | AK64: =LEFT(北段!#REF!,4) -> #ERROR! | AL64: =LEFT(北段!#REF!,4) -> #ERROR! | AM64: =LEFT(北段!#REF!,4) -> #ERROR! | AN64: =LEFT(北段!#REF!,4) -> #ERROR!
B65: =LEFT(#REF!,6) -> #REF! | C65: =VLOOKUP(B65,'北段'!B:C,2,FALSE) -> #REF! | D65: =LEFT(#REF!,4) -> #REF! | E65: =LEFT(#REF!,4) -> #REF! | F65: =LEFT(#REF!,4) -> #REF! | G65: =LEFT(#REF!,4) -> #REF! | H65: =LEFT(#REF!,3) -> #REF! | I65: =LEFT(#REF!,4) -> #REF! | J65: =LEFT(#REF!,4) -> #REF! | K65: =LEFT(#REF!,4) -> #REF! | L65: =LEFT(#REF!,4) -> #REF! | M65: =LEFT(#REF!,4) -> #REF! | N65: =LEFT(#REF!,4) -> #REF! | O65: =LEFT(#REF!,4) -> #REF! | P65: =LEFT(#REF!,4) -> #REF! | ... U65: =LEFT(#REF!,4) -> #REF! | V65: =LEFT(#REF!,3) -> #REF! | W65: =LEFT(#REF!,4) -> #REF! | X65: =LEFT(#REF!,4) -> #REF! | Y65: =LEFT(#REF!,4) -> #REF! | Z65: =LEFT(#REF!,4) -> #REF! | AA65: =LEFT(#REF!,4) -> #REF! | AB65: =LEFT(#REF!,4) -> #REF! | AC65: =LEFT(#REF!,4) -> #REF! | AD65: =LEFT(#REF!,4) -> #REF! | ... AG65: =LEFT(#REF!,4) -> #REF! | AH65: =LEFT(北段!#REF!,4) -> #ERROR! | AI65: =LEFT(北段!#REF!,4) -> #ERROR! | AJ65: =LEFT(北段!#REF!,4) -> #ERROR! | AK65: =LEFT(北段!#REF!,4) -> #ERROR! | AL65: =LEFT(北段!#REF!,4) -> #ERROR! | AM65: =LEFT(北段!#REF!,4) -> #ERROR! | AN65: =LEFT(北段!#REF!,4) -> #ERROR!
B66: =LEFT(#REF!,6) -> #REF! | C66: =VLOOKUP(B66,'北段'!B:C,2,FALSE) -> #REF! | D66: =LEFT(#REF!,4) -> #REF! | E66: =LEFT(#REF!,4) -> #REF! | F66: =LEFT(#REF!,4) -> #REF! | G66: =LEFT(#REF!,3) -> #REF! | H66: =LEFT(#REF!,3) -> #REF! | I66: =LEFT(#REF!,4) -> #REF! | J66: =LEFT(#REF!,2) -> #REF! | K66: =LEFT(#REF!,4) -> #REF! | L66: =LEFT(#REF!,3) -> #REF! | M66: =LEFT(#REF!,4) -> #REF! | N66: =LEFT(#REF!,4) -> #REF! | O66: =LEFT(#REF!,3) -> #REF! | P66: =LEFT(#REF!,4) -> #REF! | Q66: =LEFT(#REF!,3) -> #REF! | R66: =LEFT(#REF!,4) -> #REF! | S66: =LEFT(#REF!,4) -> #REF! | T66: =LEFT(#REF!,4) -> #REF! | U66: =LEFT(#REF!,4) -> #REF! | V66: =LEFT(#REF!,3) -> #REF! | W66: =LEFT(#REF!,4) -> #REF! | X66: =LEFT(#REF!,4) -> #REF! | Y66: =LEFT(#REF!,4) -> #REF! | Z66: =LEFT(#REF!,4) -> #REF! | AA66: =LEFT(#REF!,4) -> #REF! | AB66: =LEFT(#REF!,4) -> #REF! | AC66: =LEFT(#REF!,4) -> #REF! | AD66: =LEFT(#REF!,4) -> #REF! | ... AG66: =LEFT(#REF!,4) -> #REF! | AH66: =LEFT(北段!#REF!,4) -> #ERROR! | AI66: =LEFT(北段!#REF!,4) -> #ERROR! | AJ66: =LEFT(北段!#REF!,4) -> #ERROR! | AK66: =LEFT(北段!#REF!,4) -> #ERROR! | AL66: =LEFT(北段!#REF!,4) -> #ERROR! | AM66: =LEFT(北段!#REF!,4) -> #ERROR! | AN66: =LEFT(北段!#REF!,4) -> #ERROR!
B67: =LEFT(#REF!,6) -> #REF! | C67: =VLOOKUP(B67,'北段'!B:C,2,FALSE) -> #REF! | D67: =LEFT(#REF!,4) -> #REF! | E67: =LEFT(#REF!,4) -> #REF! | F67: =LEFT(#REF!,4) -> #REF! | G67: =LEFT(#REF!,4) -> #REF! | H67: =LEFT(#REF!,4) -> #REF! | I67: =LEFT(#REF!,4) -> #REF! | J67: =LEFT(#REF!,4) -> #REF! | K67: =LEFT(#REF!,4) -> #REF! | L67: =LEFT(#REF!,3) -> #REF! | M67: =LEFT(#REF!,4) -> #REF! | N67: =LEFT(#REF!,4) -> #REF! | O67: =LEFT(#REF!,3) -> #REF! | P67: =LEFT(#REF!,4) -> #REF! | Q67: =LEFT(#REF!,4) -> #REF! | R67: =LEFT(#REF!,3) -> #REF! | S67: =LEFT(#REF!,4) -> #REF! | T67: =LEFT(#REF!,4) -> #REF! | U67: =LEFT(#REF!,4) -> #REF! | V67: =LEFT(#REF!,4) -> #REF! | W67: =LEFT(#REF!,4) -> #REF! | X67: =LEFT(#REF!,4) -> #REF! | Y67: =LEFT(#REF!,3) -> #REF! | Z67: =LEFT(#REF!,3) -> #REF! | AA67: =LEFT(#REF!,4) -> #REF! | AB67: =LEFT(#REF!,4) -> #REF! | AC67: =LEFT(#REF!,4) -> #REF! | AD67: =LEFT(#REF!,4) -> #REF! | AE67: =LEFT(#REF!,4) -> #REF! | AF67: =LEFT(#REF!,4) -> #REF! | AG67: =LEFT(#REF!,4) -> #REF! | AH67: =LEFT(北段!#REF!,4) -> #ERROR! | AI67: =LEFT(北段!#REF!,4) -> #ERROR! | AJ67: =LEFT(北段!#REF!,4) -> #ERROR! | AK67: =LEFT(北段!#REF!,4) -> #ERROR! | AL67: =LEFT(北段!#REF!,4) -> #ERROR! | AM67: =LEFT(北段!#REF!,4) -> #ERROR! | AN67: =LEFT(北段!#REF!,4) -> #ERROR!
B68: =LEFT(#REF!,6) -> #REF! | C68: =VLOOKUP(B68,'北段'!B:C,2,FALSE) -> #REF! | D68: =LEFT(#REF!,4) -> #REF! | E68: =LEFT(#REF!,4) -> #REF! | F68: =LEFT(#REF!,4) -> #REF! | G68: =LEFT(#REF!,3) -> #REF! | H68: =LEFT(#REF!,4) -> #REF! | I68: =LEFT(#REF!,4) -> #REF! | J68: =LEFT(#REF!,4) -> #REF! | K68: =LEFT(#REF!,4) -> #REF! | L68: =LEFT(#REF!,4) -> #REF! | M68: =LEFT(#REF!,4) -> #REF! | N68: =LEFT(#REF!,4) -> #REF! | O68: =LEFT(#REF!,4) -> #REF! | ... X68: =LEFT(#REF!,4) -> #REF! | Y68: =LEFT(#REF!,3) -> #REF! | Z68: =LEFT(#REF!,4) -> #REF! | AA68: =LEFT(#REF!,4) -> #REF! | AB68: =LEFT(#REF!,4) -> #REF! | AC68: =LEFT(#REF!,4) -> #REF! | AD68: =LEFT(#REF!,4) -> #REF! | AE68: =LEFT(#REF!,4) -> #REF! | AF68: =LEFT(#REF!,4) -> #REF! | AG68: =LEFT(#REF!,4) -> #REF! | AH68: =LEFT(北段!#REF!,4) -> #ERROR! | AI68: =LEFT(北段!#REF!,4) -> #ERROR! | AJ68: =LEFT(北段!#REF!,4) -> #ERROR! | AK68: =LEFT(北段!#REF!,4) -> #ERROR! | AL68: =LEFT(北段!#REF!,4) -> #ERROR! | AM68: =LEFT(北段!#REF!,4) -> #ERROR! | AN68: =LEFT(北段!#REF!,4) -> #ERROR!
B69: =LEFT(#REF!,6) -> #REF! | C69: =VLOOKUP(B69,'北段'!B:C,2,FALSE) -> #REF! | D69: =LEFT(#REF!,4) -> #REF! | E69: =LEFT(#REF!,4) -> #REF! | F69: =LEFT(#REF!,4) -> #REF! | G69: =LEFT(#REF!,4) -> #REF! | H69: =LEFT(#REF!,4) -> #REF! | I69: =LEFT(#REF!,4) -> #REF! | J69: =LEFT(#REF!,3) -> #REF! | K69: =LEFT(#REF!,4) -> #REF! | L69: =LEFT(#REF!,4) -> #REF! | M69: =LEFT(#REF!,4) -> #REF! | N69: =LEFT(#REF!,4) -> #REF! | O69: =LEFT(#REF!,4) -> #REF! | P69: =LEFT(#REF!,4) -> #REF! | Q69: =LEFT(#REF!,4) -> #REF! | R69: =LEFT(#REF!,4) -> #REF! | ... U69: =LEFT(#REF!,4) -> #REF! | V69: =LEFT(#REF!,3) -> #REF! | W69: =LEFT(#REF!,4) -> #REF! | X69: =LEFT(#REF!,4) -> #REF! | Y69: =LEFT(#REF!,4) -> #REF! | Z69: =LEFT(#REF!,4) -> #REF! | AA69: =LEFT(#REF!,4) -> #REF! | AB69: =LEFT(#REF!,4) -> #REF! | AC69: =LEFT(#REF!,4) -> #REF! | AD69: =LEFT(#REF!,4) -> #REF! | ... AG69: =LEFT(#REF!,4) -> #REF! | AH69: =LEFT(北段!#REF!,4) -> #ERROR! | AI69: =LEFT(北段!#REF!,4) -> #ERROR! | AJ69: =LEFT(北段!#REF!,4) -> #ERROR! | AK69: =LEFT(北段!#REF!,4) -> #ERROR! | AL69: =LEFT(北段!#REF!,4) -> #ERROR! | AM69: =LEFT(北段!#REF!,4) -> #ERROR! | AN69: =LEFT(北段!#REF!,4) -> #ERROR!
B70: =LEFT(北段!#REF!,6) -> #ERROR! | C70: =VLOOKUP(B70,'北段'!B:C,2,FALSE) -> #ERROR! | D70: =LEFT(北段!#REF!,4) -> #ERROR! | E70: =LEFT(北段!#REF!,4) -> #ERROR! | F70: =LEFT(北段!#REF!,4) -> #ERROR! | G70: =LEFT(北段!#REF!,4) -> #ERROR! | H70: =LEFT(北段!#REF!,3) -> #ERROR! | I70: =LEFT(北段!#REF!,4) -> #ERROR! | J70: =LEFT(北段!#REF!,4) -> #ERROR! | K70: =LEFT(北段!#REF!,4) -> #ERROR! | L70: =LEFT(北段!#REF!,4) -> #ERROR! | M70: =LEFT(北段!#REF!,4) -> #ERROR! | N70: =LEFT(北段!#REF!,4) -> #ERROR! | O70: =LEFT(北段!#REF!,4) -> #ERROR! | P70: =LEFT(北段!#REF!,4) -> #ERROR! | ... T70: =LEFT(北段!#REF!,4) -> #ERROR! | U70: =LEFT(北段!#REF!,3) -> #ERROR! | V70: =LEFT(北段!#REF!,4) -> #ERROR! | W70: =LEFT(北段!#REF!,4) -> #ERROR! | X70: =LEFT(北段!#REF!,4) -> #ERROR! | Y70: =LEFT(北段!#REF!,4) -> #ERROR! | Z70: =LEFT(北段!#REF!,4) -> #ERROR! | AA70: =LEFT(北段!#REF!,4) -> #ERROR! | AB70: =LEFT(北段!#REF!,4) -> #ERROR! | AC70: =LEFT(北段!#REF!,4) -> #ERROR! | ... AN70: =LEFT(北段!#REF!,4) -> #ERROR!
B71: =LEFT(#REF!,6) -> #REF! | C71: =VLOOKUP(B71,'北段'!B:C,2,FALSE) -> #REF! | D71: =LEFT(#REF!,4) -> #REF! | E71: =LEFT(#REF!,4) -> #REF! | F71: =LEFT(#REF!,4) -> #REF! | G71: =LEFT(#REF!,4) -> #REF! | H71: =LEFT(#REF!,4) -> #REF! | I71: =LEFT(#REF!,4) -> #REF! | J71: =LEFT(#REF!,4) -> #REF! | K71: =LEFT(#REF!,4) -> #REF! | ... AG71: =LEFT(#REF!,4) -> #REF! | AH71: =LEFT(北段!#REF!,4) -> #ERROR! | AI71: =LEFT(北段!#REF!,4) -> #ERROR! | AJ71: =LEFT(北段!#REF!,4) -> #ERROR! | AK71: =LEFT(北段!#REF!,4) -> #ERROR! | AL71: =LEFT(北段!#REF!,4) -> #ERROR! | AM71: =LEFT(北段!#REF!,4) -> #ERROR! | AN71: =LEFT(北段!#REF!,4) -> #ERROR!
B72: =LEFT(#REF!,6) -> #REF! | C72: =VLOOKUP(B72,'北段'!B:C,2,FALSE) -> #REF! | D72: =LEFT(#REF!,4) -> #REF! | E72: =LEFT(#REF!,4) -> #REF! | F72: =LEFT(#REF!,4) -> #REF! | G72: =LEFT(#REF!,4) -> #REF! | H72: =LEFT(#REF!,4) -> #REF! | I72: =LEFT(#REF!,4) -> #REF! | J72: =LEFT(#REF!,4) -> #REF! | K72: =LEFT(#REF!,4) -> #REF! | ... N72: =LEFT(#REF!,4) -> #REF! | O72: =LEFT(#REF!,8) -> #REF! | P72: =LEFT(#REF!,4) -> #REF! | Q72: =LEFT(#REF!,4) -> #REF! | R72: =LEFT(#REF!,4) -> #REF! | S72: =LEFT(#REF!,4) -> #REF! | T72: =LEFT(#REF!,4) -> #REF! | U72: =LEFT(#REF!,4) -> #REF! | V72: =LEFT(#REF!,4) -> #REF! | W72: =LEFT(#REF!,4) -> #REF! | ... AG72: =LEFT(#REF!,4) -> #REF! | AH72: =LEFT(北段!#REF!,4) -> #ERROR! | AI72: =LEFT(北段!#REF!,4) -> #ERROR! | AJ72: =LEFT(北段!#REF!,4) -> #ERROR! | AK72: =LEFT(北段!#REF!,4) -> #ERROR! | AL72: =LEFT(北段!#REF!,4) -> #ERROR! | AM72: =LEFT(北段!#REF!,4) -> #ERROR! | AN72: =LEFT(北段!#REF!,4) -> #ERROR!
B73: =LEFT(#REF!,6) -> #REF! | C73: =VLOOKUP(B73,'北段'!B:C,2,FALSE) -> #REF! | D73: =LEFT(#REF!,4) -> #REF! | E73: =LEFT(#REF!,4) -> #REF! | F73: =LEFT(#REF!,4) -> #REF! | G73: =LEFT(#REF!,4) -> #REF! | H73: =LEFT(#REF!,4) -> #REF! | I73: =LEFT(#REF!,4) -> #REF! | J73: =LEFT(#REF!,4) -> #REF! | K73: =LEFT(#REF!,4) -> #REF! | ... Q73: =LEFT(#REF!,4) -> #REF! | R73: =LEFT(#REF!,3) -> #REF! | S73: =LEFT(#REF!,4) -> #REF! | T73: =LEFT(#REF!,4) -> #REF! | U73: =LEFT(#REF!,4) -> #REF! | V73: =LEFT(#REF!,4) -> #REF! | W73: =LEFT(#REF!,4) -> #REF! | X73: =LEFT(#REF!,4) -> #REF! | Y73: =LEFT(#REF!,4) -> #REF! | Z73: =LEFT(#REF!,4) -> #REF! | ... AG73: =LEFT(#REF!,4) -> #REF! | AH73: =LEFT(北段!#REF!,4) -> #ERROR! | AI73: =LEFT(北段!#REF!,4) -> #ERROR! | AJ73: =LEFT(北段!#REF!,4) -> #ERROR! | AK73: =LEFT(北段!#REF!,4) -> #ERROR! | AL73: =LEFT(北段!#REF!,4) -> #ERROR! | AM73: =LEFT(北段!#REF!,4) -> #ERROR! | AN73: =LEFT(北段!#REF!,4) -> #ERROR!
C84: 41早 | D84: =COUNTIF(D$3:D$70,"41早") -> 0 | E84: =COUNTIF(E$3:E$70,"41早") -> 0 | F84: =COUNTIF(F$3:F$73,"41早") -> 0 | G84: =COUNTIF(G$3:G$73,"41早") -> 0 | H84: =COUNTIF(H$3:H$73,"41早") -> 0 | I84: =COUNTIF(I$3:I$73,"41早") -> 0 | J84: =COUNTIF(J$3:J$73,"41早") -> 0 | K84: =COUNTIF(K$3:K$73,"41早") -> 0 | L84: =COUNTIF(L$3:L$73,"41早") -> 0 | M84: =COUNTIF(M$3:M$73,"41早") -> 0 | ... AN84: =COUNTIF(AN$3:AN$73,"41早") -> 0
C85: 41午 | D85: =COUNTIF(D$3:D$70,"41午") -> 0 | E85: =COUNTIF(E$3:E$70,"41午") -> 0 | F85: =COUNTIF(F$3:F$73,"41午") -> 0 | G85: =COUNTIF(G$3:G$73,"41午") -> 0 | H85: =COUNTIF(H$3:H$73,"41午") -> 0 | I85: =COUNTIF(I$3:I$73,"41午") -> 0 | J85: =COUNTIF(J$3:J$73,"41午") -> 0 | K85: =COUNTIF(K$3:K$73,"41午") -> 0 | L85: =COUNTIF(L$3:L$73,"41午") -> 0 | M85: =COUNTIF(M$3:M$73,"41午") -> 0 | ... AN85: =COUNTIF(AN$3:AN$73,"41午") -> 0
C86: 41夜 | D86: =COUNTIF(D$3:D$70,"41夜*") -> 0 | E86: =COUNTIF(E$3:E$70,"41夜*") -> 0 | F86: =COUNTIF(F$3:F$73,"41夜*") -> 0 | G86: =COUNTIF(G$3:G$73,"41夜*") -> 0 | H86: =COUNTIF(H$3:H$73,"41夜*") -> 0 | I86: =COUNTIF(I$3:I$73,"41夜*") -> 0 | J86: =COUNTIF(J$3:J$73,"41夜*") -> 0 | K86: =COUNTIF(K$3:K$73,"41夜*") -> 0 | L86: =COUNTIF(L$3:L$73,"41夜*") -> 0 | M86: =COUNTIF(M$3:M$73,"41夜*") -> 0 | ... AN86: =COUNTIF(AN$3:AN$73,"41夜*") -> 0
C87: A1早 | D87: =COUNTIF(D$3:D$70,"01早*") -> 5 | E87: =COUNTIF(E$3:E$70,"01早*") -> 4 | F87: =COUNTIF(F$3:F$73,"01早*") -> 5 | G87: =COUNTIF(G$3:G$73,"01早*") -> 5 | H87: =COUNTIF(H$3:H$73,"01早*") -> 4 | I87: =COUNTIF(I$3:I$73,"01早*") -> 5 | J87: =COUNTIF(J$3:J$73,"01早*") -> 6 | K87: =COUNTIF(K$3:K$73,"01早*") -> 5 | L87: =COUNTIF(L$3:L$73,"01早*") -> 6 | M87: =COUNTIF(M$3:M$73,"01早*") -> 5 | ... AN87: =COUNTIF(AN$3:AN$73,"01早*") -> 0
C88: A1中A | D88: =COUNTIF(D$3:D$70,"01中A*") -> 0 | E88: =COUNTIF(E$3:E$70,"01中A*") -> 0 | F88: =COUNTIF(F$3:F$73,"01中A*") -> 0 | G88: =COUNTIF(G$3:G$73,"01中A*") -> 0 | H88: =COUNTIF(H$3:H$73,"01中A*") -> 0 | I88: =COUNTIF(I$3:I$73,"01中A*") -> 0 | J88: =COUNTIF(J$3:J$73,"01中A*") -> 0 | K88: =COUNTIF(K$3:K$73,"01中A*") -> 0 | L88: =COUNTIF(L$3:L$73,"01中A*") -> 0 | M88: =COUNTIF(M$3:M$73,"01中A*") -> 0 | ... AN88: =COUNTIF(AN$3:AN$73,"01中A*") -> 0
C89: A1午 | D89: =COUNTIF(D$3:D$65,"01午*") -> 5 | E89: =COUNTIF(E$3:E$65,"01午*") -> 5 | F89: =COUNTIF(F$3:F$73,"01午*") -> 3 | G89: =COUNTIF(G$3:G$73,"01午*") -> 3 | H89: =COUNTIF(H$3:H$73,"01午*") -> 4 | I89: =COUNTIF(I$3:I$73,"01午*") -> 3 | J89: =COUNTIF(J$3:J$73,"01午*") -> 2 | K89: =COUNTIF(K$3:K$73,"01午*") -> 2 | L89: =COUNTIF(L$3:L$73,"01午*") -> 4 | M89: =COUNTIF(M$3:M$73,"01午*") -> 4 | ... AN89: =COUNTIF(AN$3:AN$73,"01午*") -> 0
C90: A1夜 | D90: =COUNTIF(D$3:D$70,"01夜*") -> 2 | E90: =COUNTIF(E$3:E$70,"01夜*") -> 2 | F90: =COUNTIF(F$3:F$73,"01夜*") -> 1 | G90: =COUNTIF(G$3:G$73,"01夜*") -> 1 | H90: =COUNTIF(H$3:H$73,"01夜*") -> 2 | I90: =COUNTIF(I$3:I$73,"01夜*") -> 2 | J90: =COUNTIF(J$3:J$73,"01夜*") -> 2 | K90: =COUNTIF(K$3:K$73,"01夜*") -> 2 | L90: =COUNTIF(L$3:L$73,"01夜*") -> 2 | M90: =COUNTIF(M$3:M$73,"01夜*") -> 2 | ... AN90: =COUNTIF(AN$3:AN$73,"01夜*") -> 0
C91: A2早 | D91: =COUNTIF(D$3:D$70,"**02早*") -> 0 | E91: =COUNTIF(E$3:E$70,"**02早*") -> 0 | F91: =COUNTIF(F$3:F$73,"**02早*") -> 0 | G91: =COUNTIF(G$3:G$73,"**02早*") -> 0 | H91: =COUNTIF(H$3:H$73,"**02早*") -> 0 | I91: =COUNTIF(I$3:I$73,"**02早*") -> 0 | J91: =COUNTIF(J$3:J$73,"**02早*") -> 0 | K91: =COUNTIF(K$3:K$73,"**02早*") -> 0 | L91: =COUNTIF(L$3:L$73,"**02早*") -> 0 | M91: =COUNTIF(M$3:M$73,"**02早*") -> 0 | ... AN91: =COUNTIF(AN$3:AN$73,"**02早*") -> 0
C92: A2中A | D92: =COUNTIF(D$3:D$70,"02中A*") -> 0 | E92: =COUNTIF(E$3:E$70,"02中A*") -> 0 | F92: =COUNTIF(F$3:F$73,"02中A*") -> 0 | G92: =COUNTIF(G$3:G$73,"02中A*") -> 0 | H92: =COUNTIF(H$3:H$73,"02中A*") -> 0 | I92: =COUNTIF(I$3:I$73,"02中A*") -> 0 | J92: =COUNTIF(J$3:J$73,"02中A*") -> 0 | K92: =COUNTIF(K$3:K$73,"02中A*") -> 0 | L92: =COUNTIF(L$3:L$73,"02中A*") -> 0 | M92: =COUNTIF(M$3:M$73,"02中A*") -> 0 | ... AN92: =COUNTIF(AN$3:AN$73,"02中A*") -> 0
C93: A2午 | D93: =COUNTIF(D$3:D$70,"*02午*") -> 0 | E93: =COUNTIF(E$3:E$70,"*02午*") -> 0 | F93: =COUNTIF(F$3:F$73,"*02午*") -> 0 | G93: =COUNTIF(G$3:G$73,"*02午*") -> 0 | H93: =COUNTIF(H$3:H$73,"*02午*") -> 0 | I93: =COUNTIF(I$3:I$73,"*02午*") -> 0 | J93: =COUNTIF(J$3:J$73,"*02午*") -> 0 | K93: =COUNTIF(K$3:K$73,"*02午*") -> 0 | L93: =COUNTIF(L$3:L$73,"*02午*") -> 0 | M93: =COUNTIF(M$3:M$73,"*02午*") -> 0 | ... AN93: =COUNTIF(AN$3:AN$73,"*02午*") -> 0
C94: A2夜 | D94: =COUNTIF(D$3:D$70,"02夜*") -> 0 | E94: =COUNTIF(E$3:E$70,"02夜*") -> 0 | F94: =COUNTIF(F$3:F$73,"02夜*") -> 0 | G94: =COUNTIF(G$3:G$73,"02夜*") -> 0 | H94: =COUNTIF(H$3:H$73,"02夜*") -> 0 | I94: =COUNTIF(I$3:I$73,"02夜*") -> 0 | J94: =COUNTIF(J$3:J$73,"02夜*") -> 0 | K94: =COUNTIF(K$3:K$73,"02夜*") -> 0 | L94: =COUNTIF(L$3:L$73,"02夜*") -> 0 | M94: =COUNTIF(M$3:M$73,"02夜*") -> 0 | ... AN94: =COUNTIF(AN$3:AN$73,"02夜*") -> 0
C95: A3早 | D95: =COUNTIF(D$3:D$70,"*03早*")-D96 -> 0 | E95: =COUNTIF(E$3:E$70,"*03早*")-E96 -> 0 | F95: =COUNTIF(F$3:F$73,"*03早*")-F96 -> 0 | G95: =COUNTIF(G$3:G$73,"*03早*")-G96 -> 0 | H95: =COUNTIF(H$3:H$73,"*03早*")-H96 -> 0 | I95: =COUNTIF(I$3:I$73,"*03早*")-I96 -> 0 | J95: =COUNTIF(J$3:J$73,"*03早*")-J96 -> 0 | K95: =COUNTIF(K$3:K$73,"*03早*")-K96 -> 0 | L95: =COUNTIF(L$3:L$73,"*03早*")-L96 -> 0 | M95: =COUNTIF(M$3:M$73,"*03早*")-M96 -> 0 | ... AN95: =COUNTIF(AN$3:AN$73,"*03早*")-AN96 -> 0
C96: A3早A | D96: =COUNTIF(D$3:D$70,"*03早A*") -> 0 | E96: =COUNTIF(E$3:E$70,"*03早A*") -> 0 | F96: =COUNTIF(F$3:F$73,"*03早A*") -> 0 | G96: =COUNTIF(G$3:G$73,"*03早A*") -> 0 | H96: =COUNTIF(H$3:H$73,"*03早A*") -> 0 | I96: =COUNTIF(I$3:I$73,"*03早A*") -> 0 | J96: =COUNTIF(J$3:J$73,"*03早A*") -> 0 | K96: =COUNTIF(K$3:K$73,"*03早A*") -> 0 | L96: =COUNTIF(L$3:L$73,"*03早A*") -> 0 | M96: =COUNTIF(M$3:M$73,"*03早A*") -> 0 | ... AN96: =COUNTIF(AN$3:AN$73,"*03早A*") -> 0
C97: A3中A | D97: =COUNTIF(D$3:D$65,"03中A*") -> 0 | E97: =COUNTIF(E$3:E$65,"03中A*") -> 0 | F97: =COUNTIF(F$3:F$73,"03中A*") -> 0 | G97: =COUNTIF(G$3:G$73,"03中A*") -> 0 | H97: =COUNTIF(H$3:H$73,"03中A*") -> 0 | I97: =COUNTIF(I$3:I$73,"03中A*") -> 0 | J97: =COUNTIF(J$3:J$73,"03中A*") -> 0 | K97: =COUNTIF(K$3:K$73,"03中A*") -> 0 | L97: =COUNTIF(L$3:L$73,"03中A*") -> 0 | M97: =COUNTIF(M$3:M$73,"03中A*") -> 0 | ... AN97: =COUNTIF(AN$3:AN$73,"03中A*") -> 0
C98: A3午 | D98: =COUNTIF(D$3:D$70,"*03午*")-D99 -> 0 | E98: =COUNTIF(E$3:E$70,"*03午*")-E99 -> 0 | F98: =COUNTIF(F$3:F$73,"*03午*")-F99 -> 0 | G98: =COUNTIF(G$3:G$73,"*03午*")-G99 -> 0 | H98: =COUNTIF(H$3:H$73,"*03午*")-H99 -> 0 | I98: =COUNTIF(I$3:I$73,"*03午*")-I99 -> 0 | J98: =COUNTIF(J$3:J$73,"*03午*")-J99 -> 0 | K98: =COUNTIF(K$3:K$73,"*03午*")-K99 -> 0 | L98: =COUNTIF(L$3:L$73,"*03午*")-L99 -> 0 | M98: =COUNTIF(M$3:M$73,"*03午*")-M99 -> 0 | ... AN98: =COUNTIF(AN$3:AN$73,"*03午*")-AN99 -> 0
C99: A3午F | D99: =COUNTIF(D$3:D$70,"*03午F*") -> 0 | E99: =COUNTIF(E$3:E$70,"*03午F*") -> 0 | F99: =COUNTIF(F$3:F$73,"*03午F*") -> 0 | G99: =COUNTIF(G$3:G$73,"*03午F*") -> 0 | H99: =COUNTIF(H$3:H$73,"*03午F*") -> 0 | I99: =COUNTIF(I$3:I$73,"*03午F*") -> 0 | J99: =COUNTIF(J$3:J$73,"*03午F*") -> 0 | K99: =COUNTIF(K$3:K$73,"*03午F*") -> 0 | L99: =COUNTIF(L$3:L$73,"*03午F*") -> 0 | M99: =COUNTIF(M$3:M$73,"*03午F*") -> 0 | ... AN99: =COUNTIF(AN$3:AN$73,"*03午F*") -> 0
C100: A3夜 | D100: =COUNTIF(D$3:D$70,"03夜") -> 0 | E100: =COUNTIF(E$3:E$70,"03夜") -> 0 | F100: =COUNTIF(F$3:F$73,"03夜") -> 0 | G100: =COUNTIF(G$3:G$73,"03夜") -> 0 | H100: =COUNTIF(H$3:H$73,"03夜") -> 0 | I100: =COUNTIF(I$3:I$73,"03夜") -> 0 | J100: =COUNTIF(J$3:J$73,"03夜") -> 0 | K100: =COUNTIF(K$3:K$73,"03夜") -> 0 | L100: =COUNTIF(L$3:L$73,"03夜") -> 0 | M100: =COUNTIF(M$3:M$73,"03夜") -> 0 | ... AN100: =COUNTIF(AN$3:AN$73,"03夜") -> 0
C101: A4早 | D101: =COUNTIF(D$3:D$70,"*04早*") -> 0 | E101: =COUNTIF(E$3:E$70,"*04早*") -> 0 | F101: =COUNTIF(F$3:F$73,"*04早*") -> 0 | G101: =COUNTIF(G$3:G$73,"*04早*") -> 0 | H101: =COUNTIF(H$3:H$73,"*04早*") -> 0 | I101: =COUNTIF(I$3:I$73,"*04早*") -> 0 | J101: =COUNTIF(J$3:J$73,"*04早*") -> 0 | K101: =COUNTIF(K$3:K$73,"*04早*") -> 0 | L101: =COUNTIF(L$3:L$73,"*04早*") -> 0 | M101: =COUNTIF(M$3:M$73,"*04早*") -> 0 | ... AN101: =COUNTIF(AN$3:AN$73,"*04早*") -> 0
C102: A4中A | D102: =COUNTIF(D$3:D$70,"*04中A*") -> 0 | E102: =COUNTIF(E$3:E$70,"*04中A*") -> 0 | F102: =COUNTIF(F$3:F$73,"*04中A*") -> 0 | G102: =COUNTIF(G$3:G$73,"*04中A*") -> 0 | H102: =COUNTIF(H$3:H$73,"*04中A*") -> 0 | I102: =COUNTIF(I$3:I$73,"*04中A*") -> 0 | J102: =COUNTIF(J$3:J$73,"*04中A*") -> 0 | K102: =COUNTIF(K$3:K$73,"*04中A*") -> 0 | L102: =COUNTIF(L$3:L$73,"*04中A*") -> 0 | M102: =COUNTIF(M$3:M$73,"*04中A*") -> 0 | ... AN102: =COUNTIF(AN$3:AN$73,"*04中A*") -> 0
C103: A4午 | D103: =COUNTIF(D$3:D$65,"*04午*") -> 0 | E103: =COUNTIF(E$3:E$65,"*04午*") -> 0 | F103: =COUNTIF(F$3:F$73,"*04午*") -> 0 | G103: =COUNTIF(G$3:G$73,"*04午*") -> 0 | H103: =COUNTIF(H$3:H$73,"*04午*") -> 0 | I103: =COUNTIF(I$3:I$73,"*04午*") -> 0 | J103: =COUNTIF(J$3:J$73,"*04午*") -> 0 | K103: =COUNTIF(K$3:K$73,"*04午*") -> 0 | L103: =COUNTIF(L$3:L$73,"*04午*") -> 0 | M103: =COUNTIF(M$3:M$73,"*04午*") -> 0 | ... AN103: =COUNTIF(AN$3:AN$73,"*04午*") -> 0
C104: A4夜 | D104: =COUNTIF(D$3:D$70,"*04夜*") -> 0 | E104: =COUNTIF(E$3:E$70,"*04夜*") -> 0 | F104: =COUNTIF(F$3:F$73,"*04夜*") -> 0 | G104: =COUNTIF(G$3:G$73,"*04夜*") -> 0 | H104: =COUNTIF(H$3:H$73,"*04夜*") -> 0 | I104: =COUNTIF(I$3:I$73,"*04夜*") -> 0 | J104: =COUNTIF(J$3:J$73,"*04夜*") -> 0 | K104: =COUNTIF(K$3:K$73,"*04夜*") -> 0 | L104: =COUNTIF(L$3:L$73,"*04夜*") -> 0 | M104: =COUNTIF(M$3:M$73,"*04夜*") -> 0 | ... AN104: =COUNTIF(AN$3:AN$73,"*04夜*") -> 0
C105: A5早 | D105: =COUNTIF(D$3:D$70,"05早*") -> 0 | E105: =COUNTIF(E$3:E$70,"05早*") -> 0 | F105: =COUNTIF(F$3:F$73,"05早*") -> 0 | G105: =COUNTIF(G$3:G$73,"05早*") -> 0 | H105: =COUNTIF(H$3:H$73,"05早*") -> 0 | I105: =COUNTIF(I$3:I$73,"05早*") -> 0 | J105: =COUNTIF(J$3:J$73,"05早*") -> 0 | K105: =COUNTIF(K$3:K$73,"05早*") -> 0 | L105: =COUNTIF(L$3:L$73,"05早*") -> 0 | M105: =COUNTIF(M$3:M$73,"05早*") -> 0 | ... AN105: =COUNTIF(AN$3:AN$73,"05早*") -> 0
C106: A5中A | D106: =COUNTIF(D$3:D$70,"05中A*") -> 0 | E106: =COUNTIF(E$3:E$70,"05中A*") -> 0 | F106: =COUNTIF(F$3:F$73,"05中A*") -> 0 | G106: =COUNTIF(G$3:G$73,"05中A*") -> 0 | H106: =COUNTIF(H$3:H$73,"05中A*") -> 0 | I106: =COUNTIF(I$3:I$73,"05中A*") -> 0 | J106: =COUNTIF(J$3:J$73,"05中A*") -> 0 | K106: =COUNTIF(K$3:K$73,"05中A*") -> 0 | L106: =COUNTIF(L$3:L$73,"05中A*") -> 0 | M106: =COUNTIF(M$3:M$73,"05中A*") -> 0 | ... AN106: =COUNTIF(AN$3:AN$73,"05中A*") -> 0
C107: A5午 | D107: =COUNTIF(D$3:D$70,"05午*") -> 0 | E107: =COUNTIF(E$3:E$70,"05午*") -> 0 | F107: =COUNTIF(F$3:F$73,"05午*") -> 0 | G107: =COUNTIF(G$3:G$73,"05午*") -> 0 | H107: =COUNTIF(H$3:H$73,"05午*") -> 0 | I107: =COUNTIF(I$3:I$73,"05午*") -> 0 | J107: =COUNTIF(J$3:J$73,"05午*") -> 0 | K107: =COUNTIF(K$3:K$73,"05午*") -> 0 | L107: =COUNTIF(L$3:L$73,"05午*") -> 0 | M107: =COUNTIF(M$3:M$73,"05午*") -> 0 | ... P107: =COUNTIF(P$3:P$73,"05午*") -> 0 | Q107: =COUNTIF(Q$3:Q$73,"05午") -> 0 | R107: =COUNTIF(R$3:R$73,"05午*") -> 0 | S107: =COUNTIF(S$3:S$73,"05午*") -> 0 | T107: =COUNTIF(T$3:T$73,"05午*") -> 0 | U107: =COUNTIF(U$3:U$73,"05午*") -> 0 | V107: =COUNTIF(V$3:V$73,"05午*") -> 0 | W107: =COUNTIF(W$3:W$73,"05午*") -> 0 | X107: =COUNTIF(X$3:X$73,"05午*") -> 0 | Y107: =COUNTIF(Y$3:Y$73,"05午*") -> 0 | ... AN107: =COUNTIF(AN$3:AN$73,"05午*") -> 0
C108: A5夜 | D108: =COUNTIF(D$3:D$70,"05夜*") -> 0 | E108: =COUNTIF(E$3:E$70,"05夜*") -> 0 | F108: =COUNTIF(F$3:F$73,"05夜*") -> 0 | G108: =COUNTIF(G$3:G$73,"05夜*") -> 0 | H108: =COUNTIF(H$3:H$73,"05夜*") -> 0 | I108: =COUNTIF(I$3:I$73,"05夜*") -> 0 | J108: =COUNTIF(J$3:J$73,"05夜*") -> 0 | K108: =COUNTIF(K$3:K$73,"05夜*") -> 0 | L108: =COUNTIF(L$3:L$73,"05夜*") -> 0 | M108: =COUNTIF(M$3:M$73,"05夜*") -> 0 | ... AN108: =COUNTIF(AN$3:AN$73,"05夜*") -> 0
C109: A6早 | D109: =COUNTIF(D$3:D$70,"06早*") -> 0 | E109: =COUNTIF(E$3:E$70,"06早*") -> 0 | F109: =COUNTIF(F$3:F$73,"06早*") -> 0 | G109: =COUNTIF(G$3:G$73,"06早*") -> 0 | H109: =COUNTIF(H$3:H$73,"06早*") -> 0 | I109: =COUNTIF(I$3:I$73,"06早*") -> 0 | J109: =COUNTIF(J$3:J$73,"06早*") -> 0 | K109: =COUNTIF(K$3:K$73,"06早*") -> 0 | L109: =COUNTIF(L$3:L$73,"06早*") -> 0 | M109: =COUNTIF(M$3:M$73,"06早*") -> 0 | ... AN109: =COUNTIF(AN$3:AN$73,"06早*") -> 0
C110: A6中A | D110: =COUNTIF(D$3:D$70,"06中A*") -> 0 | E110: =COUNTIF(E$3:E$70,"06中A*") -> 0 | F110: =COUNTIF(F$3:F$73,"06中A*") -> 0 | G110: =COUNTIF(G$3:G$73,"06中A*") -> 0 | H110: =COUNTIF(H$3:H$73,"06中A*") -> 0 | I110: =COUNTIF(I$3:I$73,"06中A*") -> 0 | J110: =COUNTIF(J$3:J$73,"06中A*") -> 0 | K110: =COUNTIF(K$3:K$73,"06中A*") -> 0 | L110: =COUNTIF(L$3:L$73,"06中A*") -> 0 | M110: =COUNTIF(M$3:M$73,"06中A*") -> 0 | ... AN110: =COUNTIF(AN$3:AN$73,"06中A*") -> 0
...

Sheet 北段(八周檢核代碼
B1: 員編 ID No. | C1: 日期 星期 姓名 | D1: ='北段 (人資版)'!D1 -> 46143 | E1: ='北段 (人資版)'!E1 -> 46144 | F1: ='北段 (人資版)'!F1 -> 46145 | G1: ='北段 (人資版)'!G1 -> 46146 | H1: ='北段 (人資版)'!H1 -> 46147 | I1: ='北段 (人資版)'!I1 -> 46148 | J1: ='北段 (人資版)'!J1 -> 46149 | K1: ='北段 (人資版)'!K1 -> 46150 | ... AN1: ='北段 (人資版)'!AN1 -> 46179
D2: =IFERROR(IF(WEEKDAY(D1,2)=7,"日",WEEKDAY(D1,2)),"") -> 5 | E2: =IFERROR(IF(WEEKDAY(E1,2)=7,"日",WEEKDAY(E1,2)),"") -> 6 | F2: =IFERROR(IF(WEEKDAY(F1,2)=7,"日",WEEKDAY(F1,2)),"") -> 日 | G2: =IFERROR(IF(WEEKDAY(G1,2)=7,"日",WEEKDAY(G1,2)),"") -> 1 | H2: =IFERROR(IF(WEEKDAY(H1,2)=7,"日",WEEKDAY(H1,2)),"") -> 2 | I2: =IFERROR(IF(WEEKDAY(I1,2)=7,"日",WEEKDAY(I1,2)),"") -> 3 | J2: =IFERROR(IF(WEEKDAY(J1,2)=7,"日",WEEKDAY(J1,2)),"") -> 4 | K2: =IFERROR(IF(WEEKDAY(K1,2)=7,"日",WEEKDAY(K1,2)),"") -> 5 | ... AN2: =IFERROR(IF(WEEKDAY(AN1,2)=7,"日",WEEKDAY(AN1,2)),"") -> 6
A3: 北 段 辦 | B3: =#REF! -> #REF! | C3: =VLOOKUP(B3,'北段'!B:C,2,FALSE) -> #REF! | D3: =VLOOKUP('北段 (人資版)'!D3,'工作表1'!$A$3:$B$78,2,FALSE) -> #REF! | E3: =VLOOKUP('北段 (人資版)'!E3,'工作表1'!$A$3:$B$78,2,FALSE) -> #REF! | F3: =VLOOKUP('北段 (人資版)'!F3,'工作表1'!$A$3:$B$78,2,FALSE) -> #REF! | G3: =VLOOKUP('北段 (人資版)'!G3,'工作表1'!$A$3:$B$78,2,FALSE) -> #REF! | H3: =VLOOKUP('北段 (人資版)'!H3,'工作表1'!$A$3:$B$78,2,FALSE) -> #REF! | I3: =VLOOKUP('北段 (人資版)'!I3,'工作表1'!$A$3:$B$78,2,FALSE) -> #REF! | J3: =VLOOKUP('北段 (人資版)'!J3,'工作表1'!$A$3:$B$78,2,FALSE) -> #REF! | K3: =VLOOKUP('北段 (人資版)'!K3,'工作表1'!$A$3:$B$78,2,FALSE) -> #REF! | ... AN3: =VLOOKUP('北段 (人資版)'!AN3,'工作表1'!$A$3:$B$78,2,FALSE) -> #ERROR!
B4: =#REF! -> #REF! | C4: =VLOOKUP(B4,'北段'!B:C,2,FALSE) -> #REF! | D4: =VLOOKUP('北段 (人資版)'!D4,'工作表1'!$A$3:$B$78,2,FALSE) -> #REF! | E4: =VLOOKUP('北段 (人資版)'!E4,'工作表1'!$A$3:$B$78,2,FALSE) -> #REF! | F4: =VLOOKUP('北段 (人資版)'!F4,'工作表1'!$A$3:$B$78,2,FALSE) -> #REF! | G4: =VLOOKUP('北段 (人資版)'!G4,'工作表1'!$A$3:$B$78,2,FALSE) -> #REF! | H4: =VLOOKUP('北段 (人資版)'!H4,'工作表1'!$A$3:$B$78,2,FALSE) -> #REF! | I4: =VLOOKUP('北段 (人資版)'!I4,'工作表1'!$A$3:$B$78,2,FALSE) -> #REF! | J4: =VLOOKUP('北段 (人資版)'!J4,'工作表1'!$A$3:$B$78,2,FALSE) -> #REF! | K4: =VLOOKUP('北段 (人資版)'!K4,'工作表1'!$A$3:$B$78,2,FALSE) -> #REF! | ... AN4: =VLOOKUP('北段 (人資版)'!AN4,'工作表1'!$A$3:$B$78,2,FALSE) -> #ERROR!
B5: =#REF! -> #REF! | C5: =VLOOKUP(B5,'北段'!B:C,2,FALSE) -> #REF! | D5: =VLOOKUP('北段 (人資版)'!D5,'工作表1'!$A$3:$B$78,2,FALSE) -> #REF! | E5: =VLOOKUP('北段 (人資版)'!E5,'工作表1'!$A$3:$B$78,2,FALSE) -> #REF! | F5: =VLOOKUP('北段 (人資版)'!F5,'工作表1'!$A$3:$B$78,2,FALSE) -> #REF! | G5: =VLOOKUP('北段 (人資版)'!G5,'工作表1'!$A$3:$B$78,2,FALSE) -> #REF! | H5: =VLOOKUP('北段 (人資版)'!H5,'工作表1'!$A$3:$B$78,2,FALSE) -> #REF! | I5: =VLOOKUP('北段 (人資版)'!I5,'工作表1'!$A$3:$B$78,2,FALSE) -> #REF! | J5: =VLOOKUP('北段 (人資版)'!J5,'工作表1'!$A$3:$B$78,2,FALSE) -> #REF! | K5: =VLOOKUP('北段 (人資版)'!K5,'工作表1'!$A$3:$B$78,2,FALSE) -> #REF! | ... AN5: =VLOOKUP('北段 (人資版)'!AN5,'工作表1'!$A$3:$B$78,2,FALSE) -> #ERROR!
B6: =#REF! -> #REF! | C6: =VLOOKUP(B6,'北段'!B:C,2,FALSE) -> #REF! | D6: =VLOOKUP('北段 (人資版)'!D6,'工作表1'!$A$3:$B$78,2,FALSE) -> #REF! | E6: =VLOOKUP('北段 (人資版)'!E6,'工作表1'!$A$3:$B$78,2,FALSE) -> #REF! | F6: =VLOOKUP('北段 (人資版)'!F6,'工作表1'!$A$3:$B$78,2,FALSE) -> #REF! | G6: =VLOOKUP('北段 (人資版)'!G6,'工作表1'!$A$3:$B$78,2,FALSE) -> #REF! | H6: =VLOOKUP('北段 (人資版)'!H6,'工作表1'!$A$3:$B$78,2,FALSE) -> #REF! | I6: =VLOOKUP('北段 (人資版)'!I6,'工作表1'!$A$3:$B$78,2,FALSE) -> #REF! | J6: =VLOOKUP('北段 (人資版)'!J6,'工作表1'!$A$3:$B$78,2,FALSE) -> #REF! | K6: =VLOOKUP('北段 (人資版)'!K6,'工作表1'!$A$3:$B$78,2,FALSE) -> #REF! | ... AN6: =VLOOKUP('北段 (人資版)'!AN6,'工作表1'!$A$3:$B$78,2,FALSE) -> #ERROR!
B7: =#REF! -> #REF! | C7: =VLOOKUP(B7,'北段'!B:C,2,FALSE) -> #REF! | D7: =VLOOKUP('北段 (人資版)'!D7,'工作表1'!$A$3:$B$78,2,FALSE) -> #REF! | E7: =VLOOKUP('北段 (人資版)'!E7,'工作表1'!$A$3:$B$78,2,FALSE) -> #REF! | F7: =VLOOKUP('北段 (人資版)'!F7,'工作表1'!$A$3:$B$78,2,FALSE) -> #REF! | G7: =VLOOKUP('北段 (人資版)'!G7,'工作表1'!$A$3:$B$78,2,FALSE) -> #REF! | H7: =VLOOKUP('北段 (人資版)'!H7,'工作表1'!$A$3:$B$78,2,FALSE) -> #REF! | I7: =VLOOKUP('北段 (人資版)'!I7,'工作表1'!$A$3:$B$78,2,FALSE) -> #REF! | J7: =VLOOKUP('北段 (人資版)'!J7,'工作表1'!$A$3:$B$78,2,FALSE) -> #REF! | K7: =VLOOKUP('北段 (人資版)'!K7,'工作表1'!$A$3:$B$78,2,FALSE) -> #REF! | ... AN7: =VLOOKUP('北段 (人資版)'!AN7,'工作表1'!$A$3:$B$78,2,FALSE) -> #ERROR!
B8: =#REF! -> #REF! | C8: =VLOOKUP(B8,'北段'!B:C,2,FALSE) -> #REF! | D8: =VLOOKUP('北段 (人資版)'!D8,'工作表1'!$A$3:$B$78,2,FALSE) -> #REF! | E8: =VLOOKUP('北段 (人資版)'!E8,'工作表1'!$A$3:$B$78,2,FALSE) -> #REF! | F8: =VLOOKUP('北段 (人資版)'!F8,'工作表1'!$A$3:$B$78,2,FALSE) -> #REF! | G8: =VLOOKUP('北段 (人資版)'!G8,'工作表1'!$A$3:$B$78,2,FALSE) -> #REF! | H8: =VLOOKUP('北段 (人資版)'!H8,'工作表1'!$A$3:$B$78,2,FALSE) -> #REF! | I8: =VLOOKUP('北段 (人資版)'!I8,'工作表1'!$A$3:$B$78,2,FALSE) -> #REF! | J8: =VLOOKUP('北段 (人資版)'!J8,'工作表1'!$A$3:$B$78,2,FALSE) -> #REF! | K8: =VLOOKUP('北段 (人資版)'!K8,'工作表1'!$A$3:$B$78,2,FALSE) -> #REF! | ... AN8: =VLOOKUP('北段 (人資版)'!AN8,'工作表1'!$A$3:$B$78,2,FALSE) -> #ERROR!
B9: =#REF! -> #REF! | C9: =VLOOKUP(B9,'北段'!B:C,2,FALSE) -> #REF! | D9: =VLOOKUP('北段 (人資版)'!D9,'工作表1'!$A$3:$B$78,2,FALSE) -> #REF! | E9: =VLOOKUP('北段 (人資版)'!E9,'工作表1'!$A$3:$B$78,2,FALSE) -> #REF! | F9: =VLOOKUP('北段 (人資版)'!F9,'工作表1'!$A$3:$B$78,2,FALSE) -> #REF! | G9: =VLOOKUP('北段 (人資版)'!G9,'工作表1'!$A$3:$B$78,2,FALSE) -> #REF! | H9: =VLOOKUP('北段 (人資版)'!H9,'工作表1'!$A$3:$B$78,2,FALSE) -> #REF! | I9: =VLOOKUP('北段 (人資版)'!I9,'工作表1'!$A$3:$B$78,2,FALSE) -> #REF! | J9: =VLOOKUP('北段 (人資版)'!J9,'工作表1'!$A$3:$B$78,2,FALSE) -> #REF! | K9: =VLOOKUP('北段 (人資版)'!K9,'工作表1'!$A$3:$B$78,2,FALSE) -> #REF! | ... AN9: =VLOOKUP('北段 (人資版)'!AN9,'工作表1'!$A$3:$B$78,2,FALSE) -> #ERROR!
B10: =#REF! -> #REF! | C10: =VLOOKUP(B10,'北段'!B:C,2,FALSE) -> #REF! | D10: =VLOOKUP('北段 (人資版)'!D10,'工作表1'!$A$3:$B$78,2,FALSE) -> #REF! | E10: =VLOOKUP('北段 (人資版)'!E10,'工作表1'!$A$3:$B$78,2,FALSE) -> #REF! | F10: =VLOOKUP('北段 (人資版)'!F10,'工作表1'!$A$3:$B$78,2,FALSE) -> #REF! | G10: =VLOOKUP('北段 (人資版)'!G10,'工作表1'!$A$3:$B$78,2,FALSE) -> #REF! | H10: =VLOOKUP('北段 (人資版)'!H10,'工作表1'!$A$3:$B$78,2,FALSE) -> #REF! | I10: =VLOOKUP('北段 (人資版)'!I10,'工作表1'!$A$3:$B$78,2,FALSE) -> #REF! | J10: =VLOOKUP('北段 (人資版)'!J10,'工作表1'!$A$3:$B$78,2,FALSE) -> #REF! | K10: =VLOOKUP('北段 (人資版)'!K10,'工作表1'!$A$3:$B$78,2,FALSE) -> #REF! | ... AN10: =VLOOKUP('北段 (人資版)'!AN10,'工作表1'!$A$3:$B$78,2,FALSE) -> #ERROR!
B11: =#REF! -> #REF! | C11: =VLOOKUP(B11,'北段'!B:C,2,FALSE) -> #REF! | D11: =VLOOKUP('北段 (人資版)'!D11,'工作表1'!$A$3:$B$78,2,FALSE) -> #REF! | E11: =VLOOKUP('北段 (人資版)'!E11,'工作表1'!$A$3:$B$78,2,FALSE) -> #REF! | F11: =VLOOKUP('北段 (人資版)'!F11,'工作表1'!$A$3:$B$78,2,FALSE) -> #REF! | G11: =VLOOKUP('北段 (人資版)'!G11,'工作表1'!$A$3:$B$78,2,FALSE) -> #REF! | H11: =VLOOKUP('北段 (人資版)'!H11,'工作表1'!$A$3:$B$78,2,FALSE) -> #REF! | I11: =VLOOKUP('北段 (人資版)'!I11,'工作表1'!$A$3:$B$78,2,FALSE) -> #REF! | J11: =VLOOKUP('北段 (人資版)'!J11,'工作表1'!$A$3:$B$78,2,FALSE) -> #REF! | K11: =VLOOKUP('北段 (人資版)'!K11,'工作表1'!$A$3:$B$78,2,FALSE) -> #REF! | ... AN11: =VLOOKUP('北段 (人資版)'!AN11,'工作表1'!$A$3:$B$78,2,FALSE) -> #ERROR!
B12: =#REF! -> #REF! | C12: =VLOOKUP(B12,'北段'!B:C,2,FALSE) -> #REF! | D12: =VLOOKUP('北段 (人資版)'!D12,'工作表1'!$A$3:$B$78,2,FALSE) -> #REF! | E12: =VLOOKUP('北段 (人資版)'!E12,'工作表1'!$A$3:$B$78,2,FALSE) -> #REF! | F12: =VLOOKUP('北段 (人資版)'!F12,'工作表1'!$A$3:$B$78,2,FALSE) -> #REF! | G12: =VLOOKUP('北段 (人資版)'!G12,'工作表1'!$A$3:$B$78,2,FALSE) -> #REF! | H12: =VLOOKUP('北段 (人資版)'!H12,'工作表1'!$A$3:$B$78,2,FALSE) -> #REF! | I12: =VLOOKUP('北段 (人資版)'!I12,'工作表1'!$A$3:$B$78,2,FALSE) -> #REF! | J12: =VLOOKUP('北段 (人資版)'!J12,'工作表1'!$A$3:$B$78,2,FALSE) -> #REF! | K12: =VLOOKUP('北段 (人資版)'!K12,'工作表1'!$A$3:$B$78,2,FALSE) -> #REF! | ... AN12: =VLOOKUP('北段 (人資版)'!AN12,'工作表1'!$A$3:$B$78,2,FALSE) -> #ERROR!
A13: A1 | B13: =北段!#REF! -> #ERROR! | C13: =VLOOKUP(B13,'北段'!B:C,2,FALSE) -> #ERROR! | D13: =VLOOKUP('北段 (人資版)'!D13,'工作表1'!$A$3:$B$78,2,FALSE) -> #ERROR! | E13: =VLOOKUP('北段 (人資版)'!E13,'工作表1'!$A$3:$B$78,2,FALSE) -> #ERROR! | F13: =VLOOKUP('北段 (人資版)'!F13,'工作表1'!$A$3:$B$78,2,FALSE) -> #ERROR! | G13: =VLOOKUP('北段 (人資版)'!G13,'工作表1'!$A$3:$B$78,2,FALSE) -> #ERROR! | H13: =VLOOKUP('北段 (人資版)'!H13,'工作表1'!$A$3:$B$78,2,FALSE) -> #ERROR! | I13: =VLOOKUP('北段 (人資版)'!I13,'工作表1'!$A$3:$B$78,2,FALSE) -> #ERROR! | J13: =VLOOKUP('北段 (人資版)'!J13,'工作表1'!$A$3:$B$78,2,FALSE) -> #ERROR! | K13: =VLOOKUP('北段 (人資版)'!K13,'工作表1'!$A$3:$B$78,2,FALSE) -> #ERROR! | ... AN13: =VLOOKUP('北段 (人資版)'!AN13,'工作表1'!$A$3:$B$78,2,FALSE) -> #ERROR!
B14: ='北段'!B4 -> T00509 | C14: =VLOOKUP(B14,'北段'!B:C,2,FALSE) -> 郭秋儀 | D14: =VLOOKUP('北段 (人資版)'!D14,'工作表1'!$A$3:$B$78,2,FALSE) -> 66 | E14: =VLOOKUP('北段 (人資版)'!E14,'工作表1'!$A$3:$B$78,2,FALSE) -> 66 | F14: =VLOOKUP('北段 (人資版)'!F14,'工作表1'!$A$3:$B$78,2,FALSE) -> 91 | G14: =VLOOKUP('北段 (人資版)'!G14,'工作表1'!$A$3:$B$78,2,FALSE) -> #N/A | H14: =VLOOKUP('北段 (人資版)'!H14,'工作表1'!$A$3:$B$78,2,FALSE) -> 92 | I14: =VLOOKUP('北段 (人資版)'!I14,'工作表1'!$A$3:$B$78,2,FALSE) -> 38 | J14: =VLOOKUP('北段 (人資版)'!J14,'工作表1'!$A$3:$B$78,2,FALSE) -> 38 | K14: =VLOOKUP('北段 (人資版)'!K14,'工作表1'!$A$3:$B$78,2,FALSE) -> 38 | ... AN14: =VLOOKUP('北段 (人資版)'!AN14,'工作表1'!$A$3:$B$78,2,FALSE) -> #ERROR!
B15: ='北段'!B3 -> T01028 | C15: =VLOOKUP(B15,'北段'!B:C,2,FALSE) -> 林金緗 | D15: =VLOOKUP('北段 (人資版)'!D15,'工作表1'!$A$3:$B$78,2,FALSE) -> 70 | E15: =VLOOKUP('北段 (人資版)'!E15,'工作表1'!$A$3:$B$78,2,FALSE) -> 70 | F15: =VLOOKUP('北段 (人資版)'!F15,'工作表1'!$A$3:$B$78,2,FALSE) -> 92 | G15: =VLOOKUP('北段 (人資版)'!G15,'工作表1'!$A$3:$B$78,2,FALSE) -> 92 | H15: =VLOOKUP('北段 (人資版)'!H15,'工作表1'!$A$3:$B$78,2,FALSE) -> #N/A | I15: =VLOOKUP('北段 (人資版)'!I15,'工作表1'!$A$3:$B$78,2,FALSE) -> 66 | J15: =VLOOKUP('北段 (人資版)'!J15,'工作表1'!$A$3:$B$78,2,FALSE) -> 91 | K15: =VLOOKUP('北段 (人資版)'!K15,'工作表1'!$A$3:$B$78,2,FALSE) -> 66 | ... AN15: =VLOOKUP('北段 (人資版)'!AN15,'工作表1'!$A$3:$B$78,2,FALSE) -> #ERROR!
B16: ='北段'!B5 -> T01029 | C16: =VLOOKUP(B16,'北段'!B:C,2,FALSE) -> 林雯琳 | D16: =VLOOKUP('北段 (人資版)'!D16,'工作表1'!$A$3:$B$78,2,FALSE) -> 66 | E16: =VLOOKUP('北段 (人資版)'!E16,'工作表1'!$A$3:$B$78,2,FALSE) -> 66 | F16: =VLOOKUP('北段 (人資版)'!F16,'工作表1'!$A$3:$B$78,2,FALSE) -> 91 | G16: =VLOOKUP('北段 (人資版)'!G16,'工作表1'!$A$3:$B$78,2,FALSE) -> 66 | H16: =VLOOKUP('北段 (人資版)'!H16,'工作表1'!$A$3:$B$78,2,FALSE) -> 66 | I16: =VLOOKUP('北段 (人資版)'!I16,'工作表1'!$A$3:$B$78,2,FALSE) -> 66 | J16: =VLOOKUP('北段 (人資版)'!J16,'工作表1'!$A$3:$B$78,2,FALSE) -> 92 | K16: =VLOOKUP('北段 (人資版)'!K16,'工作表1'!$A$3:$B$78,2,FALSE) -> 92 | ... AN16: =VLOOKUP('北段 (人資版)'!AN16,'工作表1'!$A$3:$B$78,2,FALSE) -> #ERROR!
B17: ='北段'!B6 -> T01734 | C17: =VLOOKUP(B17,'北段'!B:C,2,FALSE) -> 黃冠銘 | D17: =VLOOKUP('北段 (人資版)'!D17,'工作表1'!$A$3:$B$78,2,FALSE) -> 38 | E17: =VLOOKUP('北段 (人資版)'!E17,'工作表1'!$A$3:$B$78,2,FALSE) -> 38 | F17: =VLOOKUP('北段 (人資版)'!F17,'工作表1'!$A$3:$B$78,2,FALSE) -> 92 | G17: =VLOOKUP('北段 (人資版)'!G17,'工作表1'!$A$3:$B$78,2,FALSE) -> 91 | H17: =VLOOKUP('北段 (人資版)'!H17,'工作表1'!$A$3:$B$78,2,FALSE) -> 07 | I17: =VLOOKUP('北段 (人資版)'!I17,'工作表1'!$A$3:$B$78,2,FALSE) -> 07 | J17: =VLOOKUP('北段 (人資版)'!J17,'工作表1'!$A$3:$B$78,2,FALSE) -> 07 | K17: =VLOOKUP('北段 (人資版)'!K17,'工作表1'!$A$3:$B$78,2,FALSE) -> 38 | ... AN17: =VLOOKUP('北段 (人資版)'!AN17,'工作表1'!$A$3:$B$78,2,FALSE) -> #ERROR!
B18: ='北段'!B7 -> T02287 | C18: =VLOOKUP(B18,'北段'!B:C,2,FALSE) -> 林江玉 | D18: =VLOOKUP('北段 (人資版)'!D18,'工作表1'!$A$3:$B$78,2,FALSE) -> 38 | E18: =VLOOKUP('北段 (人資版)'!E18,'工作表1'!$A$3:$B$78,2,FALSE) -> 92 | F18: =VLOOKUP('北段 (人資版)'!F18,'工作表1'!$A$3:$B$78,2,FALSE) -> 91 | G18: =VLOOKUP('北段 (人資版)'!G18,'工作表1'!$A$3:$B$78,2,FALSE) -> 07 | H18: =VLOOKUP('北段 (人資版)'!H18,'工作表1'!$A$3:$B$78,2,FALSE) -> 07 | I18: =VLOOKUP('北段 (人資版)'!I18,'工作表1'!$A$3:$B$78,2,FALSE) -> 07 | J18: =VLOOKUP('北段 (人資版)'!J18,'工作表1'!$A$3:$B$78,2,FALSE) -> 07 | K18: =VLOOKUP('北段 (人資版)'!K18,'工作表1'!$A$3:$B$78,2,FALSE) -> 07 | ... AN18: =VLOOKUP('北段 (人資版)'!AN18,'工作表1'!$A$3:$B$78,2,FALSE) -> #ERROR!
B19: ='北段'!B8 -> T02359 | C19: =VLOOKUP(B19,'北段'!B:C,2,FALSE) -> 陳佳婷 | D19: =VLOOKUP('北段 (人資版)'!D19,'工作表1'!$A$3:$B$78,2,FALSE) -> 92 | E19: =VLOOKUP('北段 (人資版)'!E19,'工作表1'!$A$3:$B$78,2,FALSE) -> 38 | F19: =VLOOKUP('北段 (人資版)'!F19,'工作表1'!$A$3:$B$78,2,FALSE) -> 38 | G19: =VLOOKUP('北段 (人資版)'!G19,'工作表1'!$A$3:$B$78,2,FALSE) -> 38 | H19: =VLOOKUP('北段 (人資版)'!H19,'工作表1'!$A$3:$B$78,2,FALSE) -> 38 | I19: =VLOOKUP('北段 (人資版)'!I19,'工作表1'!$A$3:$B$78,2,FALSE) -> 91 | J19: =VLOOKUP('北段 (人資版)'!J19,'工作表1'!$A$3:$B$78,2,FALSE) -> 38 | K19: =VLOOKUP('北段 (人資版)'!K19,'工作表1'!$A$3:$B$78,2,FALSE) -> 92 | ... AN19: =VLOOKUP('北段 (人資版)'!AN19,'工作表1'!$A$3:$B$78,2,FALSE) -> #ERROR!
B20: ='北段'!B9 -> T02363 | C20: =VLOOKUP(B20,'北段'!B:C,2,FALSE) -> 林孟錡 | D20: =VLOOKUP('北段 (人資版)'!D20,'工作表1'!$A$3:$B$78,2,FALSE) -> 70 | E20: =VLOOKUP('北段 (人資版)'!E20,'工作表1'!$A$3:$B$78,2,FALSE) -> 70 | F20: =VLOOKUP('北段 (人資版)'!F20,'工作表1'!$A$3:$B$78,2,FALSE) -> 70 | G20: =VLOOKUP('北段 (人資版)'!G20,'工作表1'!$A$3:$B$78,2,FALSE) -> 70 | H20: =VLOOKUP('北段 (人資版)'!H20,'工作表1'!$A$3:$B$78,2,FALSE) -> 70 | I20: =VLOOKUP('北段 (人資版)'!I20,'工作表1'!$A$3:$B$78,2,FALSE) -> 91 | J20: =VLOOKUP('北段 (人資版)'!J20,'工作表1'!$A$3:$B$78,2,FALSE) -> 92 | K20: =VLOOKUP('北段 (人資版)'!K20,'工作表1'!$A$3:$B$78,2,FALSE) -> 92 | ... AN20: =VLOOKUP('北段 (人資版)'!AN20,'工作表1'!$A$3:$B$78,2,FALSE) -> #ERROR!
B21: ='北段'!B10 -> T02504 | C21: =VLOOKUP(B21,'北段'!B:C,2,FALSE) -> 潘元浩 | D21: =VLOOKUP('北段 (人資版)'!D21,'工作表1'!$A$3:$B$78,2,FALSE) -> 66 | E21: =VLOOKUP('北段 (人資版)'!E21,'工作表1'!$A$3:$B$78,2,FALSE) -> 66 | F21: =VLOOKUP('北段 (人資版)'!F21,'工作表1'!$A$3:$B$78,2,FALSE) -> 66 | G21: =VLOOKUP('北段 (人資版)'!G21,'工作表1'!$A$3:$B$78,2,FALSE) -> 91 | H21: =VLOOKUP('北段 (人資版)'!H21,'工作表1'!$A$3:$B$78,2,FALSE) -> 70 | I21: =VLOOKUP('北段 (人資版)'!I21,'工作表1'!$A$3:$B$78,2,FALSE) -> 70 | J21: =VLOOKUP('北段 (人資版)'!J21,'工作表1'!$A$3:$B$78,2,FALSE) -> 70 | K21: =VLOOKUP('北段 (人資版)'!K21,'工作表1'!$A$3:$B$78,2,FALSE) -> 70 | ... AN21: =VLOOKUP('北段 (人資版)'!AN21,'工作表1'!$A$3:$B$78,2,FALSE) -> #ERROR!
B22: ='北段'!B11 -> T02505 | C22: =VLOOKUP(B22,'北段'!B:C,2,FALSE) -> 李慧盺 | D22: =VLOOKUP('北段 (人資版)'!D22,'工作表1'!$A$3:$B$78,2,FALSE) -> 90 | E22: =VLOOKUP('北段 (人資版)'!E22,'工作表1'!$A$3:$B$78,2,FALSE) -> 92 | F22: =VLOOKUP('北段 (人資版)'!F22,'工作表1'!$A$3:$B$78,2,FALSE) -> 66 | G22: =VLOOKUP('北段 (人資版)'!G22,'工作表1'!$A$3:$B$78,2,FALSE) -> 66 | H22: =VLOOKUP('北段 (人資版)'!H22,'工作表1'!$A$3:$B$78,2,FALSE) -> 91 | I22: =VLOOKUP('北段 (人資版)'!I22,'工作表1'!$A$3:$B$78,2,FALSE) -> 70 | J22: =VLOOKUP('北段 (人資版)'!J22,'工作表1'!$A$3:$B$78,2,FALSE) -> 70 | K22: =VLOOKUP('北段 (人資版)'!K22,'工作表1'!$A$3:$B$78,2,FALSE) -> 70 | ... AN22: =VLOOKUP('北段 (人資版)'!AN22,'工作表1'!$A$3:$B$78,2,FALSE) -> #ERROR!
B23: ='北段'!B14 -> T00557 | C23: =VLOOKUP(B23,'北段'!B:C,2,FALSE) -> 陳志明 | D23: =VLOOKUP('北段 (人資版)'!D23,'工作表1'!$A$3:$B$78,2,FALSE) -> 38 | E23: =VLOOKUP('北段 (人資版)'!E23,'工作表1'!$A$3:$B$78,2,FALSE) -> 92 | F23: =VLOOKUP('北段 (人資版)'!F23,'工作表1'!$A$3:$B$78,2,FALSE) -> 38 | G23: =VLOOKUP('北段 (人資版)'!G23,'工作表1'!$A$3:$B$78,2,FALSE) -> #N/A | H23: =VLOOKUP('北段 (人資版)'!H23,'工作表1'!$A$3:$B$78,2,FALSE) -> 38 | I23: =VLOOKUP('北段 (人資版)'!I23,'工作表1'!$A$3:$B$78,2,FALSE) -> 38 | J23: =VLOOKUP('北段 (人資版)'!J23,'工作表1'!$A$3:$B$78,2,FALSE) -> 38 | K23: =VLOOKUP('北段 (人資版)'!K23,'工作表1'!$A$3:$B$78,2,FALSE) -> 07 | ... AN23: =VLOOKUP('北段 (人資版)'!AN23,'工作表1'!$A$3:$B$78,2,FALSE) -> #ERROR!
B24: ='北段'!B15 -> T00929 | C24: =VLOOKUP(B24,'北段'!B:C,2,FALSE) -> 簡婉蓁 | D24: =VLOOKUP('北段 (人資版)'!D24,'工作表1'!$A$3:$B$78,2,FALSE) -> #N/A | E24: =VLOOKUP('北段 (人資版)'!E24,'工作表1'!$A$3:$B$78,2,FALSE) -> 92 | F24: =VLOOKUP('北段 (人資版)'!F24,'工作表1'!$A$3:$B$78,2,FALSE) -> 92 | G24: =VLOOKUP('北段 (人資版)'!G24,'工作表1'!$A$3:$B$78,2,FALSE) -> 91 | H24: =VLOOKUP('北段 (人資版)'!H24,'工作表1'!$A$3:$B$78,2,FALSE) -> 90 | I24: =VLOOKUP('北段 (人資版)'!I24,'工作表1'!$A$3:$B$78,2,FALSE) -> 90 | J24: =VLOOKUP('北段 (人資版)'!J24,'工作表1'!$A$3:$B$78,2,FALSE) -> 90 | K24: =VLOOKUP('北段 (人資版)'!K24,'工作表1'!$A$3:$B$78,2,FALSE) -> 90 | ... AN24: =VLOOKUP('北段 (人資版)'!AN24,'工作表1'!$A$3:$B$78,2,FALSE) -> #ERROR!
B25: ='北段'!B16 -> T01459 | C25: =VLOOKUP(B25,'北段'!B:C,2,FALSE) -> 林禹丞 | D25: =VLOOKUP('北段 (人資版)'!D25,'工作表1'!$A$3:$B$78,2,FALSE) -> 66 | E25: =VLOOKUP('北段 (人資版)'!E25,'工作表1'!$A$3:$B$78,2,FALSE) -> 66 | F25: =VLOOKUP('北段 (人資版)'!F25,'工作表1'!$A$3:$B$78,2,FALSE) -> 91 | G25: =VLOOKUP('北段 (人資版)'!G25,'工作表1'!$A$3:$B$78,2,FALSE) -> 92 | H25: =VLOOKUP('北段 (人資版)'!H25,'工作表1'!$A$3:$B$78,2,FALSE) -> 38 | I25: =VLOOKUP('北段 (人資版)'!I25,'工作表1'!$A$3:$B$78,2,FALSE) -> 38 | J25: =VLOOKUP('北段 (人資版)'!J25,'工作表1'!$A$3:$B$78,2,FALSE) -> 38 | K25: =VLOOKUP('北段 (人資版)'!K25,'工作表1'!$A$3:$B$78,2,FALSE) -> 38 | ... AN25: =VLOOKUP('北段 (人資版)'!AN25,'工作表1'!$A$3:$B$78,2,FALSE) -> #ERROR!
B26: ='北段'!B17 -> T01600 | C26: =VLOOKUP(B26,'北段'!B:C,2,FALSE) -> 陳奎羽 | D26: =VLOOKUP('北段 (人資版)'!D26,'工作表1'!$A$3:$B$78,2,FALSE) -> 38 | E26: =VLOOKUP('北段 (人資版)'!E26,'工作表1'!$A$3:$B$78,2,FALSE) -> 92 | F26: =VLOOKUP('北段 (人資版)'!F26,'工作表1'!$A$3:$B$78,2,FALSE) -> 38 | G26: =VLOOKUP('北段 (人資版)'!G26,'工作表1'!$A$3:$B$78,2,FALSE) -> 38 | H26: =VLOOKUP('北段 (人資版)'!H26,'工作表1'!$A$3:$B$78,2,FALSE) -> #N/A | I26: =VLOOKUP('北段 (人資版)'!I26,'工作表1'!$A$3:$B$78,2,FALSE) -> 38 | J26: =VLOOKUP('北段 (人資版)'!J26,'工作表1'!$A$3:$B$78,2,FALSE) -> 38 | K26: =VLOOKUP('北段 (人資版)'!K26,'工作表1'!$A$3:$B$78,2,FALSE) -> 91 | ... AN26: =VLOOKUP('北段 (人資版)'!AN26,'工作表1'!$A$3:$B$78,2,FALSE) -> #ERROR!
B27: ='北段'!B18 -> T01795 | C27: =VLOOKUP(B27,'北段'!B:C,2,FALSE) -> 黃羿綾 | D27: =VLOOKUP('北段 (人資版)'!D27,'工作表1'!$A$3:$B$78,2,FALSE) -> 91 | E27: =VLOOKUP('北段 (人資版)'!E27,'工作表1'!$A$3:$B$78,2,FALSE) -> 92 | F27: =VLOOKUP('北段 (人資版)'!F27,'工作表1'!$A$3:$B$78,2,FALSE) -> 92 | G27: =VLOOKUP('北段 (人資版)'!G27,'工作表1'!$A$3:$B$78,2,FALSE) -> 91 | H27: =VLOOKUP('北段 (人資版)'!H27,'工作表1'!$A$3:$B$78,2,FALSE) -> 66 | I27: =VLOOKUP('北段 (人資版)'!I27,'工作表1'!$A$3:$B$78,2,FALSE) -> 66 | J27: =VLOOKUP('北段 (人資版)'!J27,'工作表1'!$A$3:$B$78,2,FALSE) -> 66 | K27: =VLOOKUP('北段 (人資版)'!K27,'工作表1'!$A$3:$B$78,2,FALSE) -> 92 | ... AN27: =VLOOKUP('北段 (人資版)'!AN27,'工作表1'!$A$3:$B$78,2,FALSE) -> #ERROR!
B28: ='北段'!B19 -> T02222 | C28: =VLOOKUP(B28,'北段'!B:C,2,FALSE) -> 𡍼文妤 | D28: =VLOOKUP('北段 (人資版)'!D28,'工作表1'!$A$3:$B$78,2,FALSE) -> 91 | E28: =VLOOKUP('北段 (人資版)'!E28,'工作表1'!$A$3:$B$78,2,FALSE) -> 38 | F28: =VLOOKUP('北段 (人資版)'!F28,'工作表1'!$A$3:$B$78,2,FALSE) -> 38 | G28: =VLOOKUP('北段 (人資版)'!G28,'工作表1'!$A$3:$B$78,2,FALSE) -> 38 | H28: =VLOOKUP('北段 (人資版)'!H28,'工作表1'!$A$3:$B$78,2,FALSE) -> 91 | I28: =VLOOKUP('北段 (人資版)'!I28,'工作表1'!$A$3:$B$78,2,FALSE) -> 92 | J28: =VLOOKUP('北段 (人資版)'!J28,'工作表1'!$A$3:$B$78,2,FALSE) -> 38 | K28: =VLOOKUP('北段 (人資版)'!K28,'工作表1'!$A$3:$B$78,2,FALSE) -> 38 | ... AN28: =VLOOKUP('北段 (人資版)'!AN28,'工作表1'!$A$3:$B$78,2,FALSE) -> #ERROR!
B29: ='北段'!B20 -> T02233 | C29: =VLOOKUP(B29,'北段'!B:C,2,FALSE) -> 簡悅如 | D29: =VLOOKUP('北段 (人資版)'!D29,'工作表1'!$A$3:$B$78,2,FALSE) -> 38 | E29: =VLOOKUP('北段 (人資版)'!E29,'工作表1'!$A$3:$B$78,2,FALSE) -> 38 | F29: =VLOOKUP('北段 (人資版)'!F29,'工作表1'!$A$3:$B$78,2,FALSE) -> 38 | G29: =VLOOKUP('北段 (人資版)'!G29,'工作表1'!$A$3:$B$78,2,FALSE) -> 92 | H29: =VLOOKUP('北段 (人資版)'!H29,'工作表1'!$A$3:$B$78,2,FALSE) -> 07 | I29: =VLOOKUP('北段 (人資版)'!I29,'工作表1'!$A$3:$B$78,2,FALSE) -> 38 | J29: =VLOOKUP('北段 (人資版)'!J29,'工作表1'!$A$3:$B$78,2,FALSE) -> 91 | K29: =VLOOKUP('北段 (人資版)'!K29,'工作表1'!$A$3:$B$78,2,FALSE) -> 38 | ... AN29: =VLOOKUP('北段 (人資版)'!AN29,'工作表1'!$A$3:$B$78,2,FALSE) -> #ERROR!
B30: ='北段'!B21 -> T02498 | C30: =VLOOKUP(B30,'北段'!B:C,2,FALSE) -> 張芯瑜 | D30: =VLOOKUP('北段 (人資版)'!D30,'工作表1'!$A$3:$B$78,2,FALSE) -> 66 | E30: =VLOOKUP('北段 (人資版)'!E30,'工作表1'!$A$3:$B$78,2,FALSE) -> 91 | F30: =VLOOKUP('北段 (人資版)'!F30,'工作表1'!$A$3:$B$78,2,FALSE) -> 91 | G30: =VLOOKUP('北段 (人資版)'!G30,'工作表1'!$A$3:$B$78,2,FALSE) -> 92 | H30: =VLOOKUP('北段 (人資版)'!H30,'工作表1'!$A$3:$B$78,2,FALSE) -> 07 | I30: =VLOOKUP('北段 (人資版)'!I30,'工作表1'!$A$3:$B$78,2,FALSE) -> 07 | J30: =VLOOKUP('北段 (人資版)'!J30,'工作表1'!$A$3:$B$78,2,FALSE) -> 90 | K30: =VLOOKUP('北段 (人資版)'!K30,'工作表1'!$A$3:$B$78,2,FALSE) -> 92 | ... AN30: =VLOOKUP('北段 (人資版)'!AN30,'工作表1'!$A$3:$B$78,2,FALSE) -> #ERROR!
A31: A2 | B31: =#REF! -> #REF! | C31: =VLOOKUP(B31,'北段'!B:C,2,FALSE) -> #REF! | D31: =VLOOKUP('北段 (人資版)'!D31,'工作表1'!$A$3:$B$78,2,FALSE) -> #REF! | E31: =VLOOKUP('北段 (人資版)'!E31,'工作表1'!$A$3:$B$78,2,FALSE) -> #REF! | F31: =VLOOKUP('北段 (人資版)'!F31,'工作表1'!$A$3:$B$78,2,FALSE) -> #REF! | G31: =VLOOKUP('北段 (人資版)'!G31,'工作表1'!$A$3:$B$78,2,FALSE) -> #REF! | H31: =VLOOKUP('北段 (人資版)'!H31,'工作表1'!$A$3:$B$78,2,FALSE) -> #REF! | I31: =VLOOKUP('北段 (人資版)'!I31,'工作表1'!$A$3:$B$78,2,FALSE) -> #REF! | J31: =VLOOKUP('北段 (人資版)'!J31,'工作表1'!$A$3:$B$78,2,FALSE) -> #REF! | K31: =VLOOKUP('北段 (人資版)'!K31,'工作表1'!$A$3:$B$78,2,FALSE) -> #REF! | ... AN31: =VLOOKUP('北段 (人資版)'!AN31,'工作表1'!$A$3:$B$78,2,FALSE) -> #ERROR!
B32: ='北段'!B22 -> T02613 | C32: =VLOOKUP(B32,'北段'!B:C,2,FALSE) -> 張雅荃 | D32: =VLOOKUP('北段 (人資版)'!D32,'工作表1'!$A$3:$B$78,2,FALSE) -> 92 | E32: =VLOOKUP('北段 (人資版)'!E32,'工作表1'!$A$3:$B$78,2,FALSE) -> 66 | F32: =VLOOKUP('北段 (人資版)'!F32,'工作表1'!$A$3:$B$78,2,FALSE) -> 66 | G32: =VLOOKUP('北段 (人資版)'!G32,'工作表1'!$A$3:$B$78,2,FALSE) -> 66 | H32: =VLOOKUP('北段 (人資版)'!H32,'工作表1'!$A$3:$B$78,2,FALSE) -> 66 | I32: =VLOOKUP('北段 (人資版)'!I32,'工作表1'!$A$3:$B$78,2,FALSE) -> 91 | J32: =VLOOKUP('北段 (人資版)'!J32,'工作表1'!$A$3:$B$78,2,FALSE) -> 66 | K32: =VLOOKUP('北段 (人資版)'!K32,'工作表1'!$A$3:$B$78,2,FALSE) -> 66 | ... AN32: =VLOOKUP('北段 (人資版)'!AN32,'工作表1'!$A$3:$B$78,2,FALSE) -> #ERROR!
B33: =#REF! -> #REF! | C33: =VLOOKUP(B33,'北段'!B:C,2,FALSE) -> #REF! | D33: =VLOOKUP('北段 (人資版)'!D33,'工作表1'!$A$3:$B$78,2,FALSE) -> #REF! | E33: =VLOOKUP('北段 (人資版)'!E33,'工作表1'!$A$3:$B$78,2,FALSE) -> #REF! | F33: =VLOOKUP('北段 (人資版)'!F33,'工作表1'!$A$3:$B$78,2,FALSE) -> #REF! | G33: =VLOOKUP('北段 (人資版)'!G33,'工作表1'!$A$3:$B$78,2,FALSE) -> #REF! | H33: =VLOOKUP('北段 (人資版)'!H33,'工作表1'!$A$3:$B$78,2,FALSE) -> #REF! | I33: =VLOOKUP('北段 (人資版)'!I33,'工作表1'!$A$3:$B$78,2,FALSE) -> #REF! | J33: =VLOOKUP('北段 (人資版)'!J33,'工作表1'!$A$3:$B$78,2,FALSE) -> #REF! | K33: =VLOOKUP('北段 (人資版)'!K33,'工作表1'!$A$3:$B$78,2,FALSE) -> #REF! | ... AN33: =VLOOKUP('北段 (人資版)'!AN33,'工作表1'!$A$3:$B$78,2,FALSE) -> #ERROR!
B34: =#REF! -> #REF! | C34: =VLOOKUP(B34,'北段'!B:C,2,FALSE) -> #REF! | D34: =VLOOKUP('北段 (人資版)'!D34,'工作表1'!$A$3:$B$78,2,FALSE) -> #REF! | E34: =VLOOKUP('北段 (人資版)'!E34,'工作表1'!$A$3:$B$78,2,FALSE) -> #REF! | F34: =VLOOKUP('北段 (人資版)'!F34,'工作表1'!$A$3:$B$78,2,FALSE) -> #REF! | G34: =VLOOKUP('北段 (人資版)'!G34,'工作表1'!$A$3:$B$78,2,FALSE) -> #REF! | H34: =VLOOKUP('北段 (人資版)'!H34,'工作表1'!$A$3:$B$78,2,FALSE) -> #REF! | I34: =VLOOKUP('北段 (人資版)'!I34,'工作表1'!$A$3:$B$78,2,FALSE) -> #REF! | J34: =VLOOKUP('北段 (人資版)'!J34,'工作表1'!$A$3:$B$78,2,FALSE) -> #REF! | K34: =VLOOKUP('北段 (人資版)'!K34,'工作表1'!$A$3:$B$78,2,FALSE) -> #REF! | ... AN34: =VLOOKUP('北段 (人資版)'!AN34,'工作表1'!$A$3:$B$78,2,FALSE) -> #ERROR!
B35: =#REF! -> #REF! | C35: =VLOOKUP(B35,'北段'!B:C,2,FALSE) -> #REF! | D35: =VLOOKUP('北段 (人資版)'!D35,'工作表1'!$A$3:$B$78,2,FALSE) -> #REF! | E35: =VLOOKUP('北段 (人資版)'!E35,'工作表1'!$A$3:$B$78,2,FALSE) -> #REF! | F35: =VLOOKUP('北段 (人資版)'!F35,'工作表1'!$A$3:$B$78,2,FALSE) -> #REF! | G35: =VLOOKUP('北段 (人資版)'!G35,'工作表1'!$A$3:$B$78,2,FALSE) -> #REF! | H35: =VLOOKUP('北段 (人資版)'!H35,'工作表1'!$A$3:$B$78,2,FALSE) -> #REF! | I35: =VLOOKUP('北段 (人資版)'!I35,'工作表1'!$A$3:$B$78,2,FALSE) -> #REF! | J35: =VLOOKUP('北段 (人資版)'!J35,'工作表1'!$A$3:$B$78,2,FALSE) -> #REF! | K35: =VLOOKUP('北段 (人資版)'!K35,'工作表1'!$A$3:$B$78,2,FALSE) -> #REF! | ... AN35: =VLOOKUP('北段 (人資版)'!AN35,'工作表1'!$A$3:$B$78,2,FALSE) -> #ERROR!
B36: =#REF! -> #REF! | C36: =VLOOKUP(B36,'北段'!B:C,2,FALSE) -> #REF! | D36: =VLOOKUP('北段 (人資版)'!D36,'工作表1'!$A$3:$B$78,2,FALSE) -> #REF! | E36: =VLOOKUP('北段 (人資版)'!E36,'工作表1'!$A$3:$B$78,2,FALSE) -> #REF! | F36: =VLOOKUP('北段 (人資版)'!F36,'工作表1'!$A$3:$B$78,2,FALSE) -> #REF! | G36: =VLOOKUP('北段 (人資版)'!G36,'工作表1'!$A$3:$B$78,2,FALSE) -> #REF! | H36: =VLOOKUP('北段 (人資版)'!H36,'工作表1'!$A$3:$B$78,2,FALSE) -> #REF! | I36: =VLOOKUP('北段 (人資版)'!I36,'工作表1'!$A$3:$B$78,2,FALSE) -> #REF! | J36: =VLOOKUP('北段 (人資版)'!J36,'工作表1'!$A$3:$B$78,2,FALSE) -> #REF! | K36: =VLOOKUP('北段 (人資版)'!K36,'工作表1'!$A$3:$B$78,2,FALSE) -> #REF! | ... AN36: =VLOOKUP('北段 (人資版)'!AN36,'工作表1'!$A$3:$B$78,2,FALSE) -> #ERROR!
B37: =#REF! -> #REF! | C37: =VLOOKUP(B37,'北段'!B:C,2,FALSE) -> #REF! | D37: =VLOOKUP('北段 (人資版)'!D37,'工作表1'!$A$3:$B$78,2,FALSE) -> #REF! | E37: =VLOOKUP('北段 (人資版)'!E37,'工作表1'!$A$3:$B$78,2,FALSE) -> #REF! | F37: =VLOOKUP('北段 (人資版)'!F37,'工作表1'!$A$3:$B$78,2,FALSE) -> #REF! | G37: =VLOOKUP('北段 (人資版)'!G37,'工作表1'!$A$3:$B$78,2,FALSE) -> #REF! | H37: =VLOOKUP('北段 (人資版)'!H37,'工作表1'!$A$3:$B$78,2,FALSE) -> #REF! | I37: =VLOOKUP('北段 (人資版)'!I37,'工作表1'!$A$3:$B$78,2,FALSE) -> #REF! | J37: =VLOOKUP('北段 (人資版)'!J37,'工作表1'!$A$3:$B$78,2,FALSE) -> #REF! | K37: =VLOOKUP('北段 (人資版)'!K37,'工作表1'!$A$3:$B$78,2,FALSE) -> #REF! | ... AN37: =VLOOKUP('北段 (人資版)'!AN37,'工作表1'!$A$3:$B$78,2,FALSE) -> #ERROR!
B38: =#REF! -> #REF! | C38: =VLOOKUP(B38,'北段'!B:C,2,FALSE) -> #REF! | D38: =VLOOKUP('北段 (人資版)'!D38,'工作表1'!$A$3:$B$78,2,FALSE) -> #REF! | E38: =VLOOKUP('北段 (人資版)'!E38,'工作表1'!$A$3:$B$78,2,FALSE) -> #REF! | F38: =VLOOKUP('北段 (人資版)'!F38,'工作表1'!$A$3:$B$78,2,FALSE) -> #REF! | G38: =VLOOKUP('北段 (人資版)'!G38,'工作表1'!$A$3:$B$78,2,FALSE) -> #REF! | H38: =VLOOKUP('北段 (人資版)'!H38,'工作表1'!$A$3:$B$78,2,FALSE) -> #REF! | I38: =VLOOKUP('北段 (人資版)'!I38,'工作表1'!$A$3:$B$78,2,FALSE) -> #REF! | J38: =VLOOKUP('北段 (人資版)'!J38,'工作表1'!$A$3:$B$78,2,FALSE) -> #REF! | K38: =VLOOKUP('北段 (人資版)'!K38,'工作表1'!$A$3:$B$78,2,FALSE) -> #REF! | ... AN38: =VLOOKUP('北段 (人資版)'!AN38,'工作表1'!$A$3:$B$78,2,FALSE) -> #ERROR!
B39: =#REF! -> #REF! | C39: =VLOOKUP(B39,'北段'!B:C,2,FALSE) -> #REF! | D39: =VLOOKUP('北段 (人資版)'!D39,'工作表1'!$A$3:$B$78,2,FALSE) -> #REF! | E39: =VLOOKUP('北段 (人資版)'!E39,'工作表1'!$A$3:$B$78,2,FALSE) -> #REF! | F39: =VLOOKUP('北段 (人資版)'!F39,'工作表1'!$A$3:$B$78,2,FALSE) -> #REF! | G39: =VLOOKUP('北段 (人資版)'!G39,'工作表1'!$A$3:$B$78,2,FALSE) -> #REF! | H39: =VLOOKUP('北段 (人資版)'!H39,'工作表1'!$A$3:$B$78,2,FALSE) -> #REF! | I39: =VLOOKUP('北段 (人資版)'!I39,'工作表1'!$A$3:$B$78,2,FALSE) -> #REF! | J39: =VLOOKUP('北段 (人資版)'!J39,'工作表1'!$A$3:$B$78,2,FALSE) -> #REF! | K39: =VLOOKUP('北段 (人資版)'!K39,'工作表1'!$A$3:$B$78,2,FALSE) -> #REF! | ... AN39: =VLOOKUP('北段 (人資版)'!AN39,'工作表1'!$A$3:$B$78,2,FALSE) -> #ERROR!
A40: A3 | B40: =#REF! -> #REF! | C40: =VLOOKUP(B40,'北段'!B:C,2,FALSE) -> #REF! | D40: =VLOOKUP('北段 (人資版)'!D40,'工作表1'!$A$3:$B$78,2,FALSE) -> #REF! | E40: =VLOOKUP('北段 (人資版)'!E40,'工作表1'!$A$3:$B$78,2,FALSE) -> #REF! | F40: =VLOOKUP('北段 (人資版)'!F40,'工作表1'!$A$3:$B$78,2,FALSE) -> #REF! | G40: =VLOOKUP('北段 (人資版)'!G40,'工作表1'!$A$3:$B$78,2,FALSE) -> #REF! | H40: =VLOOKUP('北段 (人資版)'!H40,'工作表1'!$A$3:$B$78,2,FALSE) -> #REF! | I40: =VLOOKUP('北段 (人資版)'!I40,'工作表1'!$A$3:$B$78,2,FALSE) -> #REF! | J40: =VLOOKUP('北段 (人資版)'!J40,'工作表1'!$A$3:$B$78,2,FALSE) -> #REF! | K40: =VLOOKUP('北段 (人資版)'!K40,'工作表1'!$A$3:$B$78,2,FALSE) -> #REF! | ... AN40: =VLOOKUP('北段 (人資版)'!AN40,'工作表1'!$A$3:$B$78,2,FALSE) -> #ERROR!
B41: =#REF! -> #REF! | C41: =VLOOKUP(B41,'北段'!B:C,2,FALSE) -> #REF! | D41: =VLOOKUP('北段 (人資版)'!D41,'工作表1'!$A$3:$B$78,2,FALSE) -> #REF! | E41: =VLOOKUP('北段 (人資版)'!E41,'工作表1'!$A$3:$B$78,2,FALSE) -> #REF! | F41: =VLOOKUP('北段 (人資版)'!F41,'工作表1'!$A$3:$B$78,2,FALSE) -> #REF! | G41: =VLOOKUP('北段 (人資版)'!G41,'工作表1'!$A$3:$B$78,2,FALSE) -> #REF! | H41: =VLOOKUP('北段 (人資版)'!H41,'工作表1'!$A$3:$B$78,2,FALSE) -> #REF! | I41: =VLOOKUP('北段 (人資版)'!I41,'工作表1'!$A$3:$B$78,2,FALSE) -> #REF! | J41: =VLOOKUP('北段 (人資版)'!J41,'工作表1'!$A$3:$B$78,2,FALSE) -> #REF! | K41: =VLOOKUP('北段 (人資版)'!K41,'工作表1'!$A$3:$B$78,2,FALSE) -> #REF! | ... AN41: =VLOOKUP('北段 (人資版)'!AN41,'工作表1'!$A$3:$B$78,2,FALSE) -> #ERROR!
B42: =#REF! -> #REF! | C42: =VLOOKUP(B42,'北段'!B:C,2,FALSE) -> #REF! | D42: =VLOOKUP('北段 (人資版)'!D42,'工作表1'!$A$3:$B$78,2,FALSE) -> #REF! | E42: =VLOOKUP('北段 (人資版)'!E42,'工作表1'!$A$3:$B$78,2,FALSE) -> #REF! | F42: =VLOOKUP('北段 (人資版)'!F42,'工作表1'!$A$3:$B$78,2,FALSE) -> #REF! | G42: =VLOOKUP('北段 (人資版)'!G42,'工作表1'!$A$3:$B$78,2,FALSE) -> #REF! | H42: =VLOOKUP('北段 (人資版)'!H42,'工作表1'!$A$3:$B$78,2,FALSE) -> #REF! | I42: =VLOOKUP('北段 (人資版)'!I42,'工作表1'!$A$3:$B$78,2,FALSE) -> #REF! | J42: =VLOOKUP('北段 (人資版)'!J42,'工作表1'!$A$3:$B$78,2,FALSE) -> #REF! | K42: =VLOOKUP('北段 (人資版)'!K42,'工作表1'!$A$3:$B$78,2,FALSE) -> #REF! | ... AN42: =VLOOKUP('北段 (人資版)'!AN42,'工作表1'!$A$3:$B$78,2,FALSE) -> #ERROR!
B43: =#REF! -> #REF! | C43: =VLOOKUP(B43,'北段'!B:C,2,FALSE) -> #REF! | D43: =VLOOKUP('北段 (人資版)'!D43,'工作表1'!$A$3:$B$78,2,FALSE) -> #REF! | E43: =VLOOKUP('北段 (人資版)'!E43,'工作表1'!$A$3:$B$78,2,FALSE) -> #REF! | F43: =VLOOKUP('北段 (人資版)'!F43,'工作表1'!$A$3:$B$78,2,FALSE) -> #REF! | G43: =VLOOKUP('北段 (人資版)'!G43,'工作表1'!$A$3:$B$78,2,FALSE) -> #REF! | H43: =VLOOKUP('北段 (人資版)'!H43,'工作表1'!$A$3:$B$78,2,FALSE) -> #REF! | I43: =VLOOKUP('北段 (人資版)'!I43,'工作表1'!$A$3:$B$78,2,FALSE) -> #REF! | J43: =VLOOKUP('北段 (人資版)'!J43,'工作表1'!$A$3:$B$78,2,FALSE) -> #REF! | K43: =VLOOKUP('北段 (人資版)'!K43,'工作表1'!$A$3:$B$78,2,FALSE) -> #REF! | ... AN43: =VLOOKUP('北段 (人資版)'!AN43,'工作表1'!$A$3:$B$78,2,FALSE) -> #ERROR!
B44: =#REF! -> #REF! | C44: =VLOOKUP(B44,'北段'!B:C,2,FALSE) -> #REF! | D44: =VLOOKUP('北段 (人資版)'!D44,'工作表1'!$A$3:$B$78,2,FALSE) -> #REF! | E44: =VLOOKUP('北段 (人資版)'!E44,'工作表1'!$A$3:$B$78,2,FALSE) -> #REF! | F44: =VLOOKUP('北段 (人資版)'!F44,'工作表1'!$A$3:$B$78,2,FALSE) -> #REF! | G44: =VLOOKUP('北段 (人資版)'!G44,'工作表1'!$A$3:$B$78,2,FALSE) -> #REF! | H44: =VLOOKUP('北段 (人資版)'!H44,'工作表1'!$A$3:$B$78,2,FALSE) -> #REF! | I44: =VLOOKUP('北段 (人資版)'!I44,'工作表1'!$A$3:$B$78,2,FALSE) -> #REF! | J44: =VLOOKUP('北段 (人資版)'!J44,'工作表1'!$A$3:$B$78,2,FALSE) -> #REF! | K44: =VLOOKUP('北段 (人資版)'!K44,'工作表1'!$A$3:$B$78,2,FALSE) -> #REF! | ... AN44: =VLOOKUP('北段 (人資版)'!AN44,'工作表1'!$A$3:$B$78,2,FALSE) -> #ERROR!
B45: =#REF! -> #REF! | C45: =VLOOKUP(B45,'北段'!B:C,2,FALSE) -> #REF! | D45: =VLOOKUP('北段 (人資版)'!D45,'工作表1'!$A$3:$B$78,2,FALSE) -> #REF! | E45: =VLOOKUP('北段 (人資版)'!E45,'工作表1'!$A$3:$B$78,2,FALSE) -> #REF! | F45: =VLOOKUP('北段 (人資版)'!F45,'工作表1'!$A$3:$B$78,2,FALSE) -> #REF! | G45: =VLOOKUP('北段 (人資版)'!G45,'工作表1'!$A$3:$B$78,2,FALSE) -> #REF! | H45: =VLOOKUP('北段 (人資版)'!H45,'工作表1'!$A$3:$B$78,2,FALSE) -> #REF! | I45: =VLOOKUP('北段 (人資版)'!I45,'工作表1'!$A$3:$B$78,2,FALSE) -> #REF! | J45: =VLOOKUP('北段 (人資版)'!J45,'工作表1'!$A$3:$B$78,2,FALSE) -> #REF! | K45: =VLOOKUP('北段 (人資版)'!K45,'工作表1'!$A$3:$B$78,2,FALSE) -> #REF! | ... AN45: =VLOOKUP('北段 (人資版)'!AN45,'工作表1'!$A$3:$B$78,2,FALSE) -> #ERROR!
B46: =#REF! -> #REF! | C46: =VLOOKUP(B46,'北段'!B:C,2,FALSE) -> #REF! | D46: =VLOOKUP('北段 (人資版)'!D46,'工作表1'!$A$3:$B$78,2,FALSE) -> #REF! | E46: =VLOOKUP('北段 (人資版)'!E46,'工作表1'!$A$3:$B$78,2,FALSE) -> #REF! | F46: =VLOOKUP('北段 (人資版)'!F46,'工作表1'!$A$3:$B$78,2,FALSE) -> #REF! | G46: =VLOOKUP('北段 (人資版)'!G46,'工作表1'!$A$3:$B$78,2,FALSE) -> #REF! | H46: =VLOOKUP('北段 (人資版)'!H46,'工作表1'!$A$3:$B$78,2,FALSE) -> #REF! | I46: =VLOOKUP('北段 (人資版)'!I46,'工作表1'!$A$3:$B$78,2,FALSE) -> #REF! | J46: =VLOOKUP('北段 (人資版)'!J46,'工作表1'!$A$3:$B$78,2,FALSE) -> #REF! | K46: =VLOOKUP('北段 (人資版)'!K46,'工作表1'!$A$3:$B$78,2,FALSE) -> #REF! | ... AN46: =VLOOKUP('北段 (人資版)'!AN46,'工作表1'!$A$3:$B$78,2,FALSE) -> #ERROR!
B47: =#REF! -> #REF! | C47: =VLOOKUP(B47,'北段'!B:C,2,FALSE) -> #REF! | D47: =VLOOKUP('北段 (人資版)'!D47,'工作表1'!$A$3:$B$78,2,FALSE) -> #REF! | E47: =VLOOKUP('北段 (人資版)'!E47,'工作表1'!$A$3:$B$78,2,FALSE) -> #REF! | F47: =VLOOKUP('北段 (人資版)'!F47,'工作表1'!$A$3:$B$78,2,FALSE) -> #REF! | G47: =VLOOKUP('北段 (人資版)'!G47,'工作表1'!$A$3:$B$78,2,FALSE) -> #REF! | H47: =VLOOKUP('北段 (人資版)'!H47,'工作表1'!$A$3:$B$78,2,FALSE) -> #REF! | I47: =VLOOKUP('北段 (人資版)'!I47,'工作表1'!$A$3:$B$78,2,FALSE) -> #REF! | J47: =VLOOKUP('北段 (人資版)'!J47,'工作表1'!$A$3:$B$78,2,FALSE) -> #REF! | K47: =VLOOKUP('北段 (人資版)'!K47,'工作表1'!$A$3:$B$78,2,FALSE) -> #REF! | ... AN47: =VLOOKUP('北段 (人資版)'!AN47,'工作表1'!$A$3:$B$78,2,FALSE) -> #ERROR!
B48: =#REF! -> #REF! | C48: =VLOOKUP(B48,'北段'!B:C,2,FALSE) -> #REF! | D48: =VLOOKUP('北段 (人資版)'!D48,'工作表1'!$A$3:$B$78,2,FALSE) -> #REF! | E48: =VLOOKUP('北段 (人資版)'!E48,'工作表1'!$A$3:$B$78,2,FALSE) -> #REF! | F48: =VLOOKUP('北段 (人資版)'!F48,'工作表1'!$A$3:$B$78,2,FALSE) -> #REF! | G48: =VLOOKUP('北段 (人資版)'!G48,'工作表1'!$A$3:$B$78,2,FALSE) -> #REF! | H48: =VLOOKUP('北段 (人資版)'!H48,'工作表1'!$A$3:$B$78,2,FALSE) -> #REF! | I48: =VLOOKUP('北段 (人資版)'!I48,'工作表1'!$A$3:$B$78,2,FALSE) -> #REF! | J48: =VLOOKUP('北段 (人資版)'!J48,'工作表1'!$A$3:$B$78,2,FALSE) -> #REF! | K48: =VLOOKUP('北段 (人資版)'!K48,'工作表1'!$A$3:$B$78,2,FALSE) -> #REF! | ... AN48: =VLOOKUP('北段 (人資版)'!AN48,'工作表1'!$A$3:$B$78,2,FALSE) -> #ERROR!
B49: =#REF! -> #REF! | C49: =VLOOKUP(B49,'北段'!B:C,2,FALSE) -> #REF! | D49: =VLOOKUP('北段 (人資版)'!D49,'工作表1'!$A$3:$B$78,2,FALSE) -> #REF! | E49: =VLOOKUP('北段 (人資版)'!E49,'工作表1'!$A$3:$B$78,2,FALSE) -> #REF! | F49: =VLOOKUP('北段 (人資版)'!F49,'工作表1'!$A$3:$B$78,2,FALSE) -> #REF! | G49: =VLOOKUP('北段 (人資版)'!G49,'工作表1'!$A$3:$B$78,2,FALSE) -> #REF! | H49: =VLOOKUP('北段 (人資版)'!H49,'工作表1'!$A$3:$B$78,2,FALSE) -> #REF! | I49: =VLOOKUP('北段 (人資版)'!I49,'工作表1'!$A$3:$B$78,2,FALSE) -> #REF! | J49: =VLOOKUP('北段 (人資版)'!J49,'工作表1'!$A$3:$B$78,2,FALSE) -> #REF! | K49: =VLOOKUP('北段 (人資版)'!K49,'工作表1'!$A$3:$B$78,2,FALSE) -> #REF! | ... AN49: =VLOOKUP('北段 (人資版)'!AN49,'工作表1'!$A$3:$B$78,2,FALSE) -> #ERROR!
A50: A4 | B50: =#REF! -> #REF! | C50: =VLOOKUP(B50,'北段'!B:C,2,FALSE) -> #REF! | D50: =VLOOKUP('北段 (人資版)'!D50,'工作表1'!$A$3:$B$78,2,FALSE) -> #REF! | E50: =VLOOKUP('北段 (人資版)'!E50,'工作表1'!$A$3:$B$78,2,FALSE) -> #REF! | F50: =VLOOKUP('北段 (人資版)'!F50,'工作表1'!$A$3:$B$78,2,FALSE) -> #REF! | G50: =VLOOKUP('北段 (人資版)'!G50,'工作表1'!$A$3:$B$78,2,FALSE) -> #REF! | H50: =VLOOKUP('北段 (人資版)'!H50,'工作表1'!$A$3:$B$78,2,FALSE) -> #REF! | I50: =VLOOKUP('北段 (人資版)'!I50,'工作表1'!$A$3:$B$78,2,FALSE) -> #REF! | J50: =VLOOKUP('北段 (人資版)'!J50,'工作表1'!$A$3:$B$78,2,FALSE) -> #REF! | K50: =VLOOKUP('北段 (人資版)'!K50,'工作表1'!$A$3:$B$78,2,FALSE) -> #REF! | ... AN50: =VLOOKUP('北段 (人資版)'!AN50,'工作表1'!$A$3:$B$78,2,FALSE) -> #ERROR!
B51: =#REF! -> #REF! | C51: =VLOOKUP(B51,'北段'!B:C,2,FALSE) -> #REF! | D51: =VLOOKUP('北段 (人資版)'!D51,'工作表1'!$A$3:$B$78,2,FALSE) -> #REF! | E51: =VLOOKUP('北段 (人資版)'!E51,'工作表1'!$A$3:$B$78,2,FALSE) -> #REF! | F51: =VLOOKUP('北段 (人資版)'!F51,'工作表1'!$A$3:$B$78,2,FALSE) -> #REF! | G51: =VLOOKUP('北段 (人資版)'!G51,'工作表1'!$A$3:$B$78,2,FALSE) -> #REF! | H51: =VLOOKUP('北段 (人資版)'!H51,'工作表1'!$A$3:$B$78,2,FALSE) -> #REF! | I51: =VLOOKUP('北段 (人資版)'!I51,'工作表1'!$A$3:$B$78,2,FALSE) -> #REF! | J51: =VLOOKUP('北段 (人資版)'!J51,'工作表1'!$A$3:$B$78,2,FALSE) -> #REF! | K51: =VLOOKUP('北段 (人資版)'!K51,'工作表1'!$A$3:$B$78,2,FALSE) -> #REF! | ... AN51: =VLOOKUP('北段 (人資版)'!AN51,'工作表1'!$A$3:$B$78,2,FALSE) -> #ERROR!
B52: =#REF! -> #REF! | C52: =VLOOKUP(B52,'北段'!B:C,2,FALSE) -> #REF! | D52: =VLOOKUP('北段 (人資版)'!D52,'工作表1'!$A$3:$B$78,2,FALSE) -> #REF! | E52: =VLOOKUP('北段 (人資版)'!E52,'工作表1'!$A$3:$B$78,2,FALSE) -> #REF! | F52: =VLOOKUP('北段 (人資版)'!F52,'工作表1'!$A$3:$B$78,2,FALSE) -> #REF! | G52: =VLOOKUP('北段 (人資版)'!G52,'工作表1'!$A$3:$B$78,2,FALSE) -> #REF! | H52: =VLOOKUP('北段 (人資版)'!H52,'工作表1'!$A$3:$B$78,2,FALSE) -> #REF! | I52: =VLOOKUP('北段 (人資版)'!I52,'工作表1'!$A$3:$B$78,2,FALSE) -> #REF! | J52: =VLOOKUP('北段 (人資版)'!J52,'工作表1'!$A$3:$B$78,2,FALSE) -> #REF! | K52: =VLOOKUP('北段 (人資版)'!K52,'工作表1'!$A$3:$B$78,2,FALSE) -> #REF! | ... AN52: =VLOOKUP('北段 (人資版)'!AN52,'工作表1'!$A$3:$B$78,2,FALSE) -> #ERROR!
B53: =#REF! -> #REF! | C53: =VLOOKUP(B53,'北段'!B:C,2,FALSE) -> #REF! | D53: =VLOOKUP('北段 (人資版)'!D53,'工作表1'!$A$3:$B$78,2,FALSE) -> #REF! | E53: =VLOOKUP('北段 (人資版)'!E53,'工作表1'!$A$3:$B$78,2,FALSE) -> #REF! | F53: =VLOOKUP('北段 (人資版)'!F53,'工作表1'!$A$3:$B$78,2,FALSE) -> #REF! | G53: =VLOOKUP('北段 (人資版)'!G53,'工作表1'!$A$3:$B$78,2,FALSE) -> #REF! | H53: =VLOOKUP('北段 (人資版)'!H53,'工作表1'!$A$3:$B$78,2,FALSE) -> #REF! | I53: =VLOOKUP('北段 (人資版)'!I53,'工作表1'!$A$3:$B$78,2,FALSE) -> #REF! | J53: =VLOOKUP('北段 (人資版)'!J53,'工作表1'!$A$3:$B$78,2,FALSE) -> #REF! | K53: =VLOOKUP('北段 (人資版)'!K53,'工作表1'!$A$3:$B$78,2,FALSE) -> #REF! | ... AN53: =VLOOKUP('北段 (人資版)'!AN53,'工作表1'!$A$3:$B$78,2,FALSE) -> #ERROR!
B54: =#REF! -> #REF! | C54: =VLOOKUP(B54,'北段'!B:C,2,FALSE) -> #REF! | D54: =VLOOKUP('北段 (人資版)'!D54,'工作表1'!$A$3:$B$78,2,FALSE) -> #REF! | E54: =VLOOKUP('北段 (人資版)'!E54,'工作表1'!$A$3:$B$78,2,FALSE) -> #REF! | F54: =VLOOKUP('北段 (人資版)'!F54,'工作表1'!$A$3:$B$78,2,FALSE) -> #REF! | G54: =VLOOKUP('北段 (人資版)'!G54,'工作表1'!$A$3:$B$78,2,FALSE) -> #REF! | H54: =VLOOKUP('北段 (人資版)'!H54,'工作表1'!$A$3:$B$78,2,FALSE) -> #REF! | I54: =VLOOKUP('北段 (人資版)'!I54,'工作表1'!$A$3:$B$78,2,FALSE) -> #REF! | J54: =VLOOKUP('北段 (人資版)'!J54,'工作表1'!$A$3:$B$78,2,FALSE) -> #REF! | K54: =VLOOKUP('北段 (人資版)'!K54,'工作表1'!$A$3:$B$78,2,FALSE) -> #REF! | ... AN54: =VLOOKUP('北段 (人資版)'!AN54,'工作表1'!$A$3:$B$78,2,FALSE) -> #ERROR!
B55: =#REF! -> #REF! | C55: =VLOOKUP(B55,'北段'!B:C,2,FALSE) -> #REF! | D55: =VLOOKUP('北段 (人資版)'!D55,'工作表1'!$A$3:$B$78,2,FALSE) -> #REF! | E55: =VLOOKUP('北段 (人資版)'!E55,'工作表1'!$A$3:$B$78,2,FALSE) -> #REF! | F55: =VLOOKUP('北段 (人資版)'!F55,'工作表1'!$A$3:$B$78,2,FALSE) -> #REF! | G55: =VLOOKUP('北段 (人資版)'!G55,'工作表1'!$A$3:$B$78,2,FALSE) -> #REF! | H55: =VLOOKUP('北段 (人資版)'!H55,'工作表1'!$A$3:$B$78,2,FALSE) -> #REF! | I55: =VLOOKUP('北段 (人資版)'!I55,'工作表1'!$A$3:$B$78,2,FALSE) -> #REF! | J55: =VLOOKUP('北段 (人資版)'!J55,'工作表1'!$A$3:$B$78,2,FALSE) -> #REF! | K55: =VLOOKUP('北段 (人資版)'!K55,'工作表1'!$A$3:$B$78,2,FALSE) -> #REF! | ... AN55: =VLOOKUP('北段 (人資版)'!AN55,'工作表1'!$A$3:$B$78,2,FALSE) -> #ERROR!
B56: =#REF! -> #REF! | C56: =VLOOKUP(B56,'北段'!B:C,2,FALSE) -> #REF! | D56: =VLOOKUP('北段 (人資版)'!D56,'工作表1'!$A$3:$B$78,2,FALSE) -> #REF! | E56: =VLOOKUP('北段 (人資版)'!E56,'工作表1'!$A$3:$B$78,2,FALSE) -> #REF! | F56: =VLOOKUP('北段 (人資版)'!F56,'工作表1'!$A$3:$B$78,2,FALSE) -> #REF! | G56: =VLOOKUP('北段 (人資版)'!G56,'工作表1'!$A$3:$B$78,2,FALSE) -> #REF! | H56: =VLOOKUP('北段 (人資版)'!H56,'工作表1'!$A$3:$B$78,2,FALSE) -> #REF! | I56: =VLOOKUP('北段 (人資版)'!I56,'工作表1'!$A$3:$B$78,2,FALSE) -> #REF! | J56: =VLOOKUP('北段 (人資版)'!J56,'工作表1'!$A$3:$B$78,2,FALSE) -> #REF! | K56: =VLOOKUP('北段 (人資版)'!K56,'工作表1'!$A$3:$B$78,2,FALSE) -> #REF! | ... AN56: =VLOOKUP('北段 (人資版)'!AN56,'工作表1'!$A$3:$B$78,2,FALSE) -> #ERROR!
A57: A5 | B57: =#REF! -> #REF! | C57: =VLOOKUP(B57,'北段'!B:C,2,FALSE) -> #REF! | D57: =VLOOKUP('北段 (人資版)'!D57,'工作表1'!$A$3:$B$78,2,FALSE) -> #REF! | E57: =VLOOKUP('北段 (人資版)'!E57,'工作表1'!$A$3:$B$78,2,FALSE) -> #REF! | F57: =VLOOKUP('北段 (人資版)'!F57,'工作表1'!$A$3:$B$78,2,FALSE) -> #REF! | G57: =VLOOKUP('北段 (人資版)'!G57,'工作表1'!$A$3:$B$78,2,FALSE) -> #REF! | H57: =VLOOKUP('北段 (人資版)'!H57,'工作表1'!$A$3:$B$78,2,FALSE) -> #REF! | I57: =VLOOKUP('北段 (人資版)'!I57,'工作表1'!$A$3:$B$78,2,FALSE) -> #REF! | J57: =VLOOKUP('北段 (人資版)'!J57,'工作表1'!$A$3:$B$78,2,FALSE) -> #REF! | K57: =VLOOKUP('北段 (人資版)'!K57,'工作表1'!$A$3:$B$78,2,FALSE) -> #REF! | ... AN57: =VLOOKUP('北段 (人資版)'!AN57,'工作表1'!$A$3:$B$78,2,FALSE) -> #ERROR!
B58: =#REF! -> #REF! | C58: =VLOOKUP(B58,'北段'!B:C,2,FALSE) -> #REF! | D58: =VLOOKUP('北段 (人資版)'!D58,'工作表1'!$A$3:$B$78,2,FALSE) -> #REF! | E58: =VLOOKUP('北段 (人資版)'!E58,'工作表1'!$A$3:$B$78,2,FALSE) -> #REF! | F58: =VLOOKUP('北段 (人資版)'!F58,'工作表1'!$A$3:$B$78,2,FALSE) -> #REF! | G58: =VLOOKUP('北段 (人資版)'!G58,'工作表1'!$A$3:$B$78,2,FALSE) -> #REF! | H58: =VLOOKUP('北段 (人資版)'!H58,'工作表1'!$A$3:$B$78,2,FALSE) -> #REF! | I58: =VLOOKUP('北段 (人資版)'!I58,'工作表1'!$A$3:$B$78,2,FALSE) -> #REF! | J58: =VLOOKUP('北段 (人資版)'!J58,'工作表1'!$A$3:$B$78,2,FALSE) -> #REF! | K58: =VLOOKUP('北段 (人資版)'!K58,'工作表1'!$A$3:$B$78,2,FALSE) -> #REF! | ... AN58: =VLOOKUP('北段 (人資版)'!AN58,'工作表1'!$A$3:$B$78,2,FALSE) -> #ERROR!
B59: =#REF! -> #REF! | C59: =VLOOKUP(B59,'北段'!B:C,2,FALSE) -> #REF! | D59: =VLOOKUP('北段 (人資版)'!D59,'工作表1'!$A$3:$B$78,2,FALSE) -> #REF! | E59: =VLOOKUP('北段 (人資版)'!E59,'工作表1'!$A$3:$B$78,2,FALSE) -> #REF! | F59: =VLOOKUP('北段 (人資版)'!F59,'工作表1'!$A$3:$B$78,2,FALSE) -> #REF! | G59: =VLOOKUP('北段 (人資版)'!G59,'工作表1'!$A$3:$B$78,2,FALSE) -> #REF! | H59: =VLOOKUP('北段 (人資版)'!H59,'工作表1'!$A$3:$B$78,2,FALSE) -> #REF! | I59: =VLOOKUP('北段 (人資版)'!I59,'工作表1'!$A$3:$B$78,2,FALSE) -> #REF! | J59: =VLOOKUP('北段 (人資版)'!J59,'工作表1'!$A$3:$B$78,2,FALSE) -> #REF! | K59: =VLOOKUP('北段 (人資版)'!K59,'工作表1'!$A$3:$B$78,2,FALSE) -> #REF! | ... AN59: =VLOOKUP('北段 (人資版)'!AN59,'工作表1'!$A$3:$B$78,2,FALSE) -> #ERROR!
B60: =#REF! -> #REF! | C60: =VLOOKUP(B60,'北段'!B:C,2,FALSE) -> #REF! | D60: =VLOOKUP('北段 (人資版)'!D60,'工作表1'!$A$3:$B$78,2,FALSE) -> #REF! | E60: =VLOOKUP('北段 (人資版)'!E60,'工作表1'!$A$3:$B$78,2,FALSE) -> #REF! | F60: =VLOOKUP('北段 (人資版)'!F60,'工作表1'!$A$3:$B$78,2,FALSE) -> #REF! | G60: =VLOOKUP('北段 (人資版)'!G60,'工作表1'!$A$3:$B$78,2,FALSE) -> #REF! | H60: =VLOOKUP('北段 (人資版)'!H60,'工作表1'!$A$3:$B$78,2,FALSE) -> #REF! | I60: =VLOOKUP('北段 (人資版)'!I60,'工作表1'!$A$3:$B$78,2,FALSE) -> #REF! | J60: =VLOOKUP('北段 (人資版)'!J60,'工作表1'!$A$3:$B$78,2,FALSE) -> #REF! | K60: =VLOOKUP('北段 (人資版)'!K60,'工作表1'!$A$3:$B$78,2,FALSE) -> #REF! | ... AN60: =VLOOKUP('北段 (人資版)'!AN60,'工作表1'!$A$3:$B$78,2,FALSE) -> #ERROR!
B61: =#REF! -> #REF! | C61: =VLOOKUP(B61,'北段'!B:C,2,FALSE) -> #REF! | D61: =VLOOKUP('北段 (人資版)'!D61,'工作表1'!$A$3:$B$78,2,FALSE) -> #REF! | E61: =VLOOKUP('北段 (人資版)'!E61,'工作表1'!$A$3:$B$78,2,FALSE) -> #REF! | F61: =VLOOKUP('北段 (人資版)'!F61,'工作表1'!$A$3:$B$78,2,FALSE) -> #REF! | G61: =VLOOKUP('北段 (人資版)'!G61,'工作表1'!$A$3:$B$78,2,FALSE) -> #REF! | H61: =VLOOKUP('北段 (人資版)'!H61,'工作表1'!$A$3:$B$78,2,FALSE) -> #REF! | I61: =VLOOKUP('北段 (人資版)'!I61,'工作表1'!$A$3:$B$78,2,FALSE) -> #REF! | J61: =VLOOKUP('北段 (人資版)'!J61,'工作表1'!$A$3:$B$78,2,FALSE) -> #REF! | K61: =VLOOKUP('北段 (人資版)'!K61,'工作表1'!$A$3:$B$78,2,FALSE) -> #REF! | ... AN61: =VLOOKUP('北段 (人資版)'!AN61,'工作表1'!$A$3:$B$78,2,FALSE) -> #ERROR!
B62: =#REF! -> #REF! | C62: =VLOOKUP(B62,'北段'!B:C,2,FALSE) -> #REF! | D62: =VLOOKUP('北段 (人資版)'!D62,'工作表1'!$A$3:$B$78,2,FALSE) -> #REF! | E62: =VLOOKUP('北段 (人資版)'!E62,'工作表1'!$A$3:$B$78,2,FALSE) -> #REF! | F62: =VLOOKUP('北段 (人資版)'!F62,'工作表1'!$A$3:$B$78,2,FALSE) -> #REF! | G62: =VLOOKUP('北段 (人資版)'!G62,'工作表1'!$A$3:$B$78,2,FALSE) -> #REF! | H62: =VLOOKUP('北段 (人資版)'!H62,'工作表1'!$A$3:$B$78,2,FALSE) -> #REF! | I62: =VLOOKUP('北段 (人資版)'!I62,'工作表1'!$A$3:$B$78,2,FALSE) -> #REF! | J62: =VLOOKUP('北段 (人資版)'!J62,'工作表1'!$A$3:$B$78,2,FALSE) -> #REF! | K62: =VLOOKUP('北段 (人資版)'!K62,'工作表1'!$A$3:$B$78,2,FALSE) -> #REF! | ... AN62: =VLOOKUP('北段 (人資版)'!AN62,'工作表1'!$A$3:$B$78,2,FALSE) -> #ERROR!
B63: =#REF! -> #REF! | C63: =VLOOKUP(B63,'北段'!B:C,2,FALSE) -> #REF! | D63: =VLOOKUP('北段 (人資版)'!D63,'工作表1'!$A$3:$B$78,2,FALSE) -> #REF! | E63: =VLOOKUP('北段 (人資版)'!E63,'工作表1'!$A$3:$B$78,2,FALSE) -> #REF! | F63: =VLOOKUP('北段 (人資版)'!F63,'工作表1'!$A$3:$B$78,2,FALSE) -> #REF! | G63: =VLOOKUP('北段 (人資版)'!G63,'工作表1'!$A$3:$B$78,2,FALSE) -> #REF! | H63: =VLOOKUP('北段 (人資版)'!H63,'工作表1'!$A$3:$B$78,2,FALSE) -> #REF! | I63: =VLOOKUP('北段 (人資版)'!I63,'工作表1'!$A$3:$B$78,2,FALSE) -> #REF! | J63: =VLOOKUP('北段 (人資版)'!J63,'工作表1'!$A$3:$B$78,2,FALSE) -> #REF! | K63: =VLOOKUP('北段 (人資版)'!K63,'工作表1'!$A$3:$B$78,2,FALSE) -> #REF! | ... AN63: =VLOOKUP('北段 (人資版)'!AN63,'工作表1'!$A$3:$B$78,2,FALSE) -> #ERROR!
B64: =#REF! -> #REF! | C64: =VLOOKUP(B64,'北段'!B:C,2,FALSE) -> #REF! | D64: =VLOOKUP('北段 (人資版)'!D64,'工作表1'!$A$3:$B$78,2,FALSE) -> #REF! | E64: =VLOOKUP('北段 (人資版)'!E64,'工作表1'!$A$3:$B$78,2,FALSE) -> #REF! | F64: =VLOOKUP('北段 (人資版)'!F64,'工作表1'!$A$3:$B$78,2,FALSE) -> #REF! | G64: =VLOOKUP('北段 (人資版)'!G64,'工作表1'!$A$3:$B$78,2,FALSE) -> #REF! | H64: =VLOOKUP('北段 (人資版)'!H64,'工作表1'!$A$3:$B$78,2,FALSE) -> #REF! | I64: =VLOOKUP('北段 (人資版)'!I64,'工作表1'!$A$3:$B$78,2,FALSE) -> #REF! | J64: =VLOOKUP('北段 (人資版)'!J64,'工作表1'!$A$3:$B$78,2,FALSE) -> #REF! | K64: =VLOOKUP('北段 (人資版)'!K64,'工作表1'!$A$3:$B$78,2,FALSE) -> #REF! | ... AN64: =VLOOKUP('北段 (人資版)'!AN64,'工作表1'!$A$3:$B$78,2,FALSE) -> #ERROR!
B65: =#REF! -> #REF! | C65: =VLOOKUP(B65,'北段'!B:C,2,FALSE) -> #REF! | D65: =VLOOKUP('北段 (人資版)'!D65,'工作表1'!$A$3:$B$78,2,FALSE) -> #REF! | E65: =VLOOKUP('北段 (人資版)'!E65,'工作表1'!$A$3:$B$78,2,FALSE) -> #REF! | F65: =VLOOKUP('北段 (人資版)'!F65,'工作表1'!$A$3:$B$78,2,FALSE) -> #REF! | G65: =VLOOKUP('北段 (人資版)'!G65,'工作表1'!$A$3:$B$78,2,FALSE) -> #REF! | H65: =VLOOKUP('北段 (人資版)'!H65,'工作表1'!$A$3:$B$78,2,FALSE) -> #REF! | I65: =VLOOKUP('北段 (人資版)'!I65,'工作表1'!$A$3:$B$78,2,FALSE) -> #REF! | J65: =VLOOKUP('北段 (人資版)'!J65,'工作表1'!$A$3:$B$78,2,FALSE) -> #REF! | K65: =VLOOKUP('北段 (人資版)'!K65,'工作表1'!$A$3:$B$78,2,FALSE) -> #REF! | ... AN65: =VLOOKUP('北段 (人資版)'!AN65,'工作表1'!$A$3:$B$78,2,FALSE) -> #ERROR!
B66: =#REF! -> #REF! | C66: =VLOOKUP(B66,'北段'!B:C,2,FALSE) -> #REF! | D66: =VLOOKUP('北段 (人資版)'!D66,'工作表1'!$A$3:$B$78,2,FALSE) -> #REF! | E66: =VLOOKUP('北段 (人資版)'!E66,'工作表1'!$A$3:$B$78,2,FALSE) -> #REF! | F66: =VLOOKUP('北段 (人資版)'!F66,'工作表1'!$A$3:$B$78,2,FALSE) -> #REF! | G66: =VLOOKUP('北段 (人資版)'!G66,'工作表1'!$A$3:$B$78,2,FALSE) -> #REF! | H66: =VLOOKUP('北段 (人資版)'!H66,'工作表1'!$A$3:$B$78,2,FALSE) -> #REF! | I66: =VLOOKUP('北段 (人資版)'!I66,'工作表1'!$A$3:$B$78,2,FALSE) -> #REF! | J66: =VLOOKUP('北段 (人資版)'!J66,'工作表1'!$A$3:$B$78,2,FALSE) -> #REF! | K66: =VLOOKUP('北段 (人資版)'!K66,'工作表1'!$A$3:$B$78,2,FALSE) -> #REF! | ... AN66: =VLOOKUP('北段 (人資版)'!AN66,'工作表1'!$A$3:$B$78,2,FALSE) -> #ERROR!
B67: =#REF! -> #REF! | C67: =VLOOKUP(B67,'北段'!B:C,2,FALSE) -> #REF! | D67: =VLOOKUP('北段 (人資版)'!D67,'工作表1'!$A$3:$B$78,2,FALSE) -> #REF! | E67: =VLOOKUP('北段 (人資版)'!E67,'工作表1'!$A$3:$B$78,2,FALSE) -> #REF! | F67: =VLOOKUP('北段 (人資版)'!F67,'工作表1'!$A$3:$B$78,2,FALSE) -> #REF! | G67: =VLOOKUP('北段 (人資版)'!G67,'工作表1'!$A$3:$B$78,2,FALSE) -> #REF! | H67: =VLOOKUP('北段 (人資版)'!H67,'工作表1'!$A$3:$B$78,2,FALSE) -> #REF! | I67: =VLOOKUP('北段 (人資版)'!I67,'工作表1'!$A$3:$B$78,2,FALSE) -> #REF! | J67: =VLOOKUP('北段 (人資版)'!J67,'工作表1'!$A$3:$B$78,2,FALSE) -> #REF! | K67: =VLOOKUP('北段 (人資版)'!K67,'工作表1'!$A$3:$B$78,2,FALSE) -> #REF! | ... AN67: =VLOOKUP('北段 (人資版)'!AN67,'工作表1'!$A$3:$B$78,2,FALSE) -> #ERROR!
B68: =#REF! -> #REF! | C68: =VLOOKUP(B68,'北段'!B:C,2,FALSE) -> #REF! | D68: =VLOOKUP('北段 (人資版)'!D68,'工作表1'!$A$3:$B$78,2,FALSE) -> #REF! | E68: =VLOOKUP('北段 (人資版)'!E68,'工作表1'!$A$3:$B$78,2,FALSE) -> #REF! | F68: =VLOOKUP('北段 (人資版)'!F68,'工作表1'!$A$3:$B$78,2,FALSE) -> #REF! | G68: =VLOOKUP('北段 (人資版)'!G68,'工作表1'!$A$3:$B$78,2,FALSE) -> #REF! | H68: =VLOOKUP('北段 (人資版)'!H68,'工作表1'!$A$3:$B$78,2,FALSE) -> #REF! | I68: =VLOOKUP('北段 (人資版)'!I68,'工作表1'!$A$3:$B$78,2,FALSE) -> #REF! | J68: =VLOOKUP('北段 (人資版)'!J68,'工作表1'!$A$3:$B$78,2,FALSE) -> #REF! | K68: =VLOOKUP('北段 (人資版)'!K68,'工作表1'!$A$3:$B$78,2,FALSE) -> #REF! | ... AN68: =VLOOKUP('北段 (人資版)'!AN68,'工作表1'!$A$3:$B$78,2,FALSE) -> #ERROR!
B69: =#REF! -> #REF! | C69: =VLOOKUP(B69,'北段'!B:C,2,FALSE) -> #REF! | D69: =VLOOKUP('北段 (人資版)'!D69,'工作表1'!$A$3:$B$78,2,FALSE) -> #REF! | E69: =VLOOKUP('北段 (人資版)'!E69,'工作表1'!$A$3:$B$78,2,FALSE) -> #REF! | F69: =VLOOKUP('北段 (人資版)'!F69,'工作表1'!$A$3:$B$78,2,FALSE) -> #REF! | G69: =VLOOKUP('北段 (人資版)'!G69,'工作表1'!$A$3:$B$78,2,FALSE) -> #REF! | H69: =VLOOKUP('北段 (人資版)'!H69,'工作表1'!$A$3:$B$78,2,FALSE) -> #REF! | I69: =VLOOKUP('北段 (人資版)'!I69,'工作表1'!$A$3:$B$78,2,FALSE) -> #REF! | J69: =VLOOKUP('北段 (人資版)'!J69,'工作表1'!$A$3:$B$78,2,FALSE) -> #REF! | K69: =VLOOKUP('北段 (人資版)'!K69,'工作表1'!$A$3:$B$78,2,FALSE) -> #REF! | ... AN69: =VLOOKUP('北段 (人資版)'!AN69,'工作表1'!$A$3:$B$78,2,FALSE) -> #ERROR!
B70: =北段!#REF! -> #ERROR! | C70: =VLOOKUP(B70,'北段'!B:C,2,FALSE) -> #ERROR! | D70: =VLOOKUP('北段 (人資版)'!D70,'工作表1'!$A$3:$B$78,2,FALSE) -> #ERROR! | E70: =VLOOKUP('北段 (人資版)'!E70,'工作表1'!$A$3:$B$78,2,FALSE) -> #ERROR! | F70: =VLOOKUP('北段 (人資版)'!F70,'工作表1'!$A$3:$B$78,2,FALSE) -> #ERROR! | G70: =VLOOKUP('北段 (人資版)'!G70,'工作表1'!$A$3:$B$78,2,FALSE) -> #ERROR! | H70: =VLOOKUP('北段 (人資版)'!H70,'工作表1'!$A$3:$B$78,2,FALSE) -> #ERROR! | I70: =VLOOKUP('北段 (人資版)'!I70,'工作表1'!$A$3:$B$78,2,FALSE) -> #ERROR! | J70: =VLOOKUP('北段 (人資版)'!J70,'工作表1'!$A$3:$B$78,2,FALSE) -> #ERROR! | K70: =VLOOKUP('北段 (人資版)'!K70,'工作表1'!$A$3:$B$78,2,FALSE) -> #ERROR! | ... AN70: =VLOOKUP('北段 (人資版)'!AN70,'工作表1'!$A$3:$B$78,2,FALSE) -> #ERROR!
B71: =#REF! -> #REF! | C71: =VLOOKUP(B71,'北段'!B:C,2,FALSE) -> #REF! | D71: =VLOOKUP('北段 (人資版)'!D71,'工作表1'!$A$3:$B$78,2,FALSE) -> #REF! | E71: =VLOOKUP('北段 (人資版)'!E71,'工作表1'!$A$3:$B$78,2,FALSE) -> #REF! | F71: =VLOOKUP('北段 (人資版)'!F71,'工作表1'!$A$3:$B$78,2,FALSE) -> #REF! | G71: =VLOOKUP('北段 (人資版)'!G71,'工作表1'!$A$3:$B$78,2,FALSE) -> #REF! | H71: =VLOOKUP('北段 (人資版)'!H71,'工作表1'!$A$3:$B$78,2,FALSE) -> #REF! | I71: =VLOOKUP('北段 (人資版)'!I71,'工作表1'!$A$3:$B$78,2,FALSE) -> #REF! | J71: =VLOOKUP('北段 (人資版)'!J71,'工作表1'!$A$3:$B$78,2,FALSE) -> #REF! | K71: =VLOOKUP('北段 (人資版)'!K71,'工作表1'!$A$3:$B$78,2,FALSE) -> #REF! | ... AN71: =VLOOKUP('北段 (人資版)'!AN71,'工作表1'!$A$3:$B$78,2,FALSE) -> #ERROR!
B72: =#REF! -> #REF! | C72: =VLOOKUP(B72,'北段'!B:C,2,FALSE) -> #REF! | D72: =VLOOKUP('北段 (人資版)'!D72,'工作表1'!$A$3:$B$78,2,FALSE) -> #REF! | E72: =VLOOKUP('北段 (人資版)'!E72,'工作表1'!$A$3:$B$78,2,FALSE) -> #REF! | F72: =VLOOKUP('北段 (人資版)'!F72,'工作表1'!$A$3:$B$78,2,FALSE) -> #REF! | G72: =VLOOKUP('北段 (人資版)'!G72,'工作表1'!$A$3:$B$78,2,FALSE) -> #REF! | H72: =VLOOKUP('北段 (人資版)'!H72,'工作表1'!$A$3:$B$78,2,FALSE) -> #REF! | I72: =VLOOKUP('北段 (人資版)'!I72,'工作表1'!$A$3:$B$78,2,FALSE) -> #REF! | J72: =VLOOKUP('北段 (人資版)'!J72,'工作表1'!$A$3:$B$78,2,FALSE) -> #REF! | K72: =VLOOKUP('北段 (人資版)'!K72,'工作表1'!$A$3:$B$78,2,FALSE) -> #REF! | ... AN72: =VLOOKUP('北段 (人資版)'!AN72,'工作表1'!$A$3:$B$78,2,FALSE) -> #ERROR!
B73: =#REF! -> #REF! | C73: =VLOOKUP(B73,'北段'!B:C,2,FALSE) -> #REF! | D73: =VLOOKUP('北段 (人資版)'!D73,'工作表1'!$A$3:$B$78,2,FALSE) -> #REF! | E73: =VLOOKUP('北段 (人資版)'!E73,'工作表1'!$A$3:$B$78,2,FALSE) -> #REF! | F73: =VLOOKUP('北段 (人資版)'!F73,'工作表1'!$A$3:$B$78,2,FALSE) -> #REF! | G73: =VLOOKUP('北段 (人資版)'!G73,'工作表1'!$A$3:$B$78,2,FALSE) -> #REF! | H73: =VLOOKUP('北段 (人資版)'!H73,'工作表1'!$A$3:$B$78,2,FALSE) -> #REF! | I73: =VLOOKUP('北段 (人資版)'!I73,'工作表1'!$A$3:$B$78,2,FALSE) -> #REF! | J73: =VLOOKUP('北段 (人資版)'!J73,'工作表1'!$A$3:$B$78,2,FALSE) -> #REF! | K73: =VLOOKUP('北段 (人資版)'!K73,'工作表1'!$A$3:$B$78,2,FALSE) -> #REF! | ... AN73: =VLOOKUP('北段 (人資版)'!AN73,'工作表1'!$A$3:$B$78,2,FALSE) -> #ERROR!

Sheet 工作表1
B1: 請輸入年度 | C1: 2026 | E1: 請輸入月份 | H1: 4
A3: 41日 | B3: 05
A4: 01日 | B4: 05
A5: 06日 | B5: 05 | F5: 46075
A6: 01日. | B6: 03 | F6: 46081
A7: 02日 | B7: 05 | F7: 46082
A8: 03日 | B8: 05 | F8: 46088
A9: 04日 | B9: 05 | F9: 46089
A10: 05日 | B10: 05 | F10: 46095
A11: T | B11: 05 | F11: 46096
A12: 日 | B12: 05 | F12: 46102
A13: 01中A | B13: 07 | F13: 46103
A14: 02中A | B14: 07 | F14: 46109
A15: 03中A | B15: 07 | F15: 46110
A16: 04中A | B16: 07 | F16: 46116
A17: 05中A | B17: 07
A18: 06中A | B18: 07
A19: 41中A | B19: 07
A20: 05早Q | B20: 43
A21: 41早K | B21: 31
A22: 41早G | B22: 11
A23: 01早 | B23: 38
A24: 02早 | B24: 38
A25: 03早 | B25: 38
A26: 04早 | B26: 38
A27: 05早 | B27: 38
A28: 06早 | B28: 38
A29: 07早 | B29: 38
A30: 21早 | B30: 38
A31: 41早 | B31: 38
... A53: 41夜. | B53: 67
A54: 03早A | B54: 23d
A55: 03午F | B55: 34d
A56: L | B56: 07
A57: P | B57: 90
A58: R | B58: 91
A59: r' | B59: 92
A60: r'(01早) | B60: 92
A61: r'(02早) | B61: 92
A62: r'(03早) | B62: 92
A63: r'(04早) | B63: 92
A64: r'(05早) | B64: 92
A65: r'(06早) | B65: 92
A66: r'(03早A) | B66: 92
A67: P(05早) | B67: 90
A68: r'(01夜) | B68: 92D
A69: r'(06午) | B69: 92B
A70: r'(02午) | B70: 92B
A71: r'(05午) | B71: 92B
A72: r'(03午) | B72: 92B
A73: r'(03午F) | B73: 92C
A74: r'(06夜) | B74: 92D

Sheet 工作表2
