Workbook

Sheet 北段
B1: 員編 ID No. | C1: 日期 星期 姓名 | D1: 46201 | E1: 46202 | F1: 46203 | G1: 46204 | H1: 46205 | I1: 46206 | J1: 46207 | K1: 46208 | L1: 46209 | M1: 46210 | N1: 46211 | O1: 46212 | P1: 46213 | Q1: 46214 | R1: 46215 | S1: 46216 | T1: 46217 | U1: 46218 | V1: 46219 | W1: 46220 | X1: 46221 | Y1: 46222 | Z1: 46223 | AA1: 46224 | AB1: 46225 | AC1: 46226 | AD1: 46227 | AE1: 46228 | AF1: 46229 | AG1: 46230 | AH1: 46231 | AI1: 46232 | AJ1: 46233 | AK1: 46234 | AL1: 46235 | AM1: 1/1~7/4 P班天數 | AN1: 5/23~6/6 實際休假天數 | AP1: 6/7~7/4 實際休假天數 | AR1: 7/5~7/18 實際休假天數 | AT1: 7/5~7/18 剩餘休假天數 | AV1: 7份班別小計 | BD1: 7月份 | BI1: 5/31~6/6 | BJ1: 6/7~6/13 | BK1: 6/14~6/20 | BL1: 6/21~6/27 | BM1: 6/28~7/4 | BN1: 6月天數 | BP1: 1/1~6/6 P班天數 | BQ1: 6/7~7/4 P班天數
D2: =RIGHT(TEXT(D1,"[$-404]aaaa;@"),1) -> 日 | E2: =RIGHT(TEXT(E1,"[$-404]aaaa;@"),1) -> 一 | F2: =RIGHT(TEXT(F1,"[$-404]aaaa;@"),1) -> 二 | G2: =RIGHT(TEXT(G1,"[$-404]aaaa;@"),1) -> 三 | H2: =RIGHT(TEXT(H1,"[$-404]aaaa;@"),1) -> 四 | I2: =RIGHT(TEXT(I1,"[$-404]aaaa;@"),1) -> 五 | J2: =RIGHT(TEXT(J1,"[$-404]aaaa;@"),1) -> 六 | K2: =RIGHT(TEXT(K1,"[$-404]aaaa;@"),1) -> 日 | ... AL2: =RIGHT(TEXT(AL1,"[$-404]aaaa;@"),1) -> 六 | AN2: r | AO2: R | AP2: r | AQ2: R | AR2: r | AS2: R | AT2: r | AU2: R | AV2: 早 | AW2: 早A | AX2: 中 | AY2: 午 | AZ2: 午F | BA2: 夜 | BB2: T | BC2: 日 | BD2: L | BE2: R | BF2: r | BG2: P | BH2: 休假 日數 | BI2: R | BJ2: R | BK2: R | BL2: R | BM2: R
A3: 北 段 辦 | B3: T00082 | C3: 梁仲煒 | D3: R | E3: 41日 | F3: 41日 | G3: 41日 | H3: 41日 | I3: 41日 | J3: r' | AM3: =BP3+BQ3 -> 11 | AN3: 2 | AO3: 2 | AP3: 4 | AQ3: 4 | AR3: =COUNTIF(K3:X3,"r'*") -> 0 | AS3: =COUNTIF(K3:X3,"R") -> 0 | AT3: =8-AN3-AP3-AR3 -> 2 | AU3: =8-AO3-AQ3-AS3 -> 2 | AV3: =COUNTIF(G3:AK3,"*早*")-AW3 -> 0 | AW3: =COUNTIF(G3:AK3,"*早A") -> 0 | AX3: =COUNTIF(G3:AK3,"*中*") -> 0 | AY3: =COUNTIF(G3:AK3,"*午*")-AZ3 -> 0 | AZ3: =COUNTIF(G3:AK3,"*午F") -> 0 | BA3: =COUNTIF(G3:AK3,"*夜*") -> 0 | BB3: =COUNTIF(G3:AK3,"*T*") -> 0 | BC3: =COUNTIF(G3:AK3,"*日*") -> 3 | BD3: =COUNTIF(G3:AK3,"L") -> 0 | BE3: {=SUMPRODUCT(1*ISNUMBER(FIND("R",G3:AK3)))} -> 0 | BF3: {=SUMPRODUCT(1*ISNUMBER(FIND("r",G3:AK3)))} -> 1 | BG3: {=SUMPRODUCT(1*ISNUMBER(FIND("P",G3:AK3)))-SUMPRODUCT(1*ISNUMBER(FIND("午P",G3:AK3)))} -> 0 | BH3: =SUM(BE3:BG3) -> 1 | BI3: {=SUMPRODUCT(1*ISNUMBER(FIND("R",D3:J3)))} -> 1 | BJ3: {=SUMPRODUCT(1*ISNUMBER(FIND("R",K3:Q3)))} -> 0 | BK3: {=SUMPRODUCT(1*ISNUMBER(FIND("R",R3:X3)))} -> 0 | BL3: {=SUMPRODUCT(1*ISNUMBER(FIND("R",Y3:AE3)))} -> 0 | BM3: {=SUMPRODUCT(1*ISNUMBER(FIND("R",AF3:AL3)))} -> 0 | BN3: =SUM(AV3:BG3) -> 4 | BP3: 11 | BQ3: {=SUMPRODUCT(1*ISNUMBER(FIND("P",K3:AL3)))-SUMPRODUCT(1*ISNUMBER(FIND("午P",K3:AL3)))} -> 0
B4: T00178 | C4: 何旺宗 | D4: 06午 | E4: 41午 | F4: 41午 | G4: 41午 | H4: R | I4: 41早 | J4: 41早 | AM4: =BP4+BQ4 -> 9 | AN4: 2 | AO4: 2 | AP4: 4 | AQ4: 4 | AR4: =COUNTIF(K4:X4,"r'*") -> 0 | AS4: =COUNTIF(K4:X4,"R") -> 0 | AT4: =8-AN4-AP4-AR4 -> 2 | AU4: =8-AO4-AQ4-AS4 -> 2 | AV4: =COUNTIF(E4:AH4,"*早*")-AW4 -> 2 | AW4: =COUNTIF(E4:AH4,"*早A") -> 0 | AX4: =COUNTIF(E4:AH4,"*中*") -> 0 | AY4: =COUNTIF(E4:AH4,"*午*")-AZ4 -> 3 | AZ4: =COUNTIF(E4:AH4,"*午F") -> 0 | BA4: =COUNTIF(E4:AH4,"*夜*") -> 0 | BB4: =COUNTIF(E4:AH4,"*T*") -> 0 | BC4: =COUNTIF(E4:AH4,"*日*") -> 0 | BD4: =COUNTIF(E4:AH4,"L") -> 0 | BE4: {=SUMPRODUCT(1*ISNUMBER(FIND("R",E4:AH4)))} -> 1 | BF4: {=SUMPRODUCT(1*ISNUMBER(FIND("r",E4:AH4)))} -> 0 | BG4: {=SUMPRODUCT(1*ISNUMBER(FIND("P",E4:AH4)))-SUMPRODUCT(1*ISNUMBER(FIND("午P",E4:AH4)))} -> 0 | BH4: =SUM(BE4:BG4) -> 1 | BI4: {=SUMPRODUCT(1*ISNUMBER(FIND("R",D4:J4)))} -> 1 | BJ4: {=SUMPRODUCT(1*ISNUMBER(FIND("R",K4:Q4)))} -> 0 | BK4: {=SUMPRODUCT(1*ISNUMBER(FIND("R",R4:X4)))} -> 0 | BL4: {=SUMPRODUCT(1*ISNUMBER(FIND("R",Y4:AE4)))} -> 0 | BM4: {=SUMPRODUCT(1*ISNUMBER(FIND("R",AF4:AL4)))} -> 0 | BN4: =SUM(AV4:BG4) -> 6 | BP4: 9 | BQ4: {=SUMPRODUCT(1*ISNUMBER(FIND("P",K4:AL4)))-SUMPRODUCT(1*ISNUMBER(FIND("午P",K4:AL4)))} -> 0
B5: T00252 | C5: 馮炫強 | D5: R | E5: 41夜 | F5: 41夜 | G5: 41夜 | H5: 41夜 | I5: 41夜 | J5: 41夜 | AM5: =BP5+BQ5 -> 9 | AN5: 2 | AO5: 2 | AP5: 3 | AQ5: 4 | AR5: =COUNTIF(K5:X5,"r'*") -> 0 | AS5: =COUNTIF(K5:X5,"R") -> 0 | AT5: =8-AN5-AP5-AR5 -> 3 | AU5: =8-AO5-AQ5-AS5 -> 2 | AV5: =COUNTIF(E5:AH5,"*早*")-AW5 -> 0 | AW5: =COUNTIF(E5:AH5,"*早A") -> 0 | AX5: =COUNTIF(E5:AH5,"*中*") -> 0 | AY5: =COUNTIF(E5:AH5,"*午*")-AZ5 -> 0 | AZ5: =COUNTIF(E5:AH5,"*午F") -> 0 | BA5: =COUNTIF(E5:AH5,"*夜*") -> 6 | BB5: =COUNTIF(E5:AH5,"*T*") -> 0 | BC5: =COUNTIF(E5:AH5,"*日*") -> 0 | BD5: =COUNTIF(E5:AH5,"L") -> 0 | BE5: {=SUMPRODUCT(1*ISNUMBER(FIND("R",E5:AH5)))} -> 0 | BF5: {=SUMPRODUCT(1*ISNUMBER(FIND("r",E5:AH5)))} -> 0 | BG5: {=SUMPRODUCT(1*ISNUMBER(FIND("P",E5:AH5)))-SUMPRODUCT(1*ISNUMBER(FIND("午P",E5:AH5)))} -> 0 | BH5: =SUM(BE5:BG5) -> 0 | BI5: {=SUMPRODUCT(1*ISNUMBER(FIND("R",D5:J5)))} -> 1 | BJ5: {=SUMPRODUCT(1*ISNUMBER(FIND("R",K5:Q5)))} -> 0 | BK5: {=SUMPRODUCT(1*ISNUMBER(FIND("R",R5:X5)))} -> 0 | BL5: {=SUMPRODUCT(1*ISNUMBER(FIND("R",Y5:AE5)))} -> 0 | BM5: {=SUMPRODUCT(1*ISNUMBER(FIND("R",AF5:AL5)))} -> 0 | BN5: =SUM(AV5:BG5) -> 6 | BP5: 9 | BQ5: {=SUMPRODUCT(1*ISNUMBER(FIND("P",K5:AL5)))-SUMPRODUCT(1*ISNUMBER(FIND("午P",K5:AL5)))} -> 0
B6: T00343 | C6: 劉哲宇 | D6: R | E6: 41早 | F6: 41早 | G6: 41早 | H6: 41早 | I6: 41日(講師) | J6: 06早 | AA6: 勞安訓 | AM6: =BP6+BQ6 -> 8 | AN6: 2 | AO6: 2 | AP6: 3 | AQ6: 4 | AR6: =COUNTIF(K6:X6,"r'*") -> 0 | AS6: =COUNTIF(K6:X6,"R") -> 0 | AT6: =8-AN6-AP6-AR6 -> 3 | AU6: =8-AO6-AQ6-AS6 -> 2 | AV6: =COUNTIF(E6:AH6,"*早*")-AW6 -> 5 | AW6: =COUNTIF(E6:AH6,"*早A") -> 0 | AX6: =COUNTIF(E6:AH6,"*中*") -> 0 | AY6: =COUNTIF(E6:AH6,"*午*")-AZ6 -> 0 | AZ6: =COUNTIF(E6:AH6,"*午F") -> 0 | BA6: =COUNTIF(E6:AH6,"*夜*") -> 0 | BB6: =COUNTIF(E6:AH6,"*T*") -> 0 | BC6: =COUNTIF(E6:AH6,"*日*") -> 1 | BD6: =COUNTIF(E6:AH6,"L") -> 0 | BE6: {=SUMPRODUCT(1*ISNUMBER(FIND("R",E6:AH6)))} -> 0 | BF6: {=SUMPRODUCT(1*ISNUMBER(FIND("r",E6:AH6)))} -> 0 | BG6: {=SUMPRODUCT(1*ISNUMBER(FIND("P",E6:AH6)))-SUMPRODUCT(1*ISNUMBER(FIND("午P",E6:AH6)))} -> 0 | BH6: =SUM(BE6:BG6) -> 0 | BI6: {=SUMPRODUCT(1*ISNUMBER(FIND("R",D6:J6)))} -> 1 | BJ6: {=SUMPRODUCT(1*ISNUMBER(FIND("R",K6:Q6)))} -> 0 | BK6: {=SUMPRODUCT(1*ISNUMBER(FIND("R",R6:X6)))} -> 0 | BL6: {=SUMPRODUCT(1*ISNUMBER(FIND("R",Y6:AE6)))} -> 0 | BM6: {=SUMPRODUCT(1*ISNUMBER(FIND("R",AF6:AL6)))} -> 0 | BN6: =SUM(AV6:BG6) -> 6 | BP6: 8 | BQ6: {=SUMPRODUCT(1*ISNUMBER(FIND("P",K6:AL6)))-SUMPRODUCT(1*ISNUMBER(FIND("午P",K6:AL6)))} -> 0
B7: T00356 | C7: 吳國強 | D7: 41早 | E7: 03早 | F7: R | G7: 41日(講師) | H7: 41午 | I7: 41午 | J7: 41午 | AM7: =BP7+BQ7 -> 7 | AN7: 2 | AO7: 2 | AP7: 3 | AQ7: 4 | AR7: =COUNTIF(K7:X7,"r'*") -> 0 | AS7: =COUNTIF(K7:X7,"R") -> 0 | AT7: =8-AN7-AP7-AR7 -> 3 | AU7: =8-AO7-AQ7-AS7 -> 2 | AV7: =COUNTIF(E7:AH7,"*早*")-AW7 -> 1 | AW7: =COUNTIF(E7:AH7,"*早A") -> 0 | AX7: =COUNTIF(E7:AH7,"*中*") -> 0 | AY7: =COUNTIF(E7:AH7,"*午*")-AZ7 -> 3 | AZ7: =COUNTIF(E7:AH7,"*午F") -> 0 | BA7: =COUNTIF(E7:AH7,"*夜*") -> 0 | BB7: =COUNTIF(E7:AH7,"*T*") -> 0 | BC7: =COUNTIF(E7:AH7,"*日*") -> 1 | BD7: =COUNTIF(E7:AH7,"L") -> 0 | BE7: {=SUMPRODUCT(1*ISNUMBER(FIND("R",E7:AH7)))} -> 1 | BF7: {=SUMPRODUCT(1*ISNUMBER(FIND("r",E7:AH7)))} -> 0 | BG7: {=SUMPRODUCT(1*ISNUMBER(FIND("P",E7:AH7)))-SUMPRODUCT(1*ISNUMBER(FIND("午P",E7:AH7)))} -> 0 | BH7: =SUM(BE7:BG7) -> 1 | BI7: {=SUMPRODUCT(1*ISNUMBER(FIND("R",D7:J7)))} -> 1 | BJ7: {=SUMPRODUCT(1*ISNUMBER(FIND("R",K7:Q7)))} -> 0 | BK7: {=SUMPRODUCT(1*ISNUMBER(FIND("R",R7:X7)))} -> 0 | BL7: {=SUMPRODUCT(1*ISNUMBER(FIND("R",Y7:AE7)))} -> 0 | BM7: {=SUMPRODUCT(1*ISNUMBER(FIND("R",AF7:AL7)))} -> 0 | BN7: =SUM(AV7:BG7) -> 6 | BP7: 7 | BQ7: {=SUMPRODUCT(1*ISNUMBER(FIND("P",K7:AL7)))-SUMPRODUCT(1*ISNUMBER(FIND("午P",K7:AL7)))} -> 0
B8: T00492 | C8: 李尉羽 | D8: 41午 | E8: R | F8: L | G8: L | H8: L | I8: P | J8: r' | K8: 長假 | L8: 長假 | AM8: =BP8+BQ8 -> 10 | AN8: 2 | AO8: 2 | AP8: 4 | AQ8: 4 | AR8: =COUNTIF(K8:X8,"r'*") -> 0 | AS8: =COUNTIF(K8:X8,"R") -> 0 | AT8: =8-AN8-AP8-AR8 -> 2 | AU8: =8-AO8-AQ8-AS8 -> 2 | AV8: =COUNTIF(E8:AH8,"*早*")-AW8 -> 0 | AW8: =COUNTIF(E8:AH8,"*早A") -> 0 | AX8: =COUNTIF(E8:AH8,"*中*") -> 0 | AY8: =COUNTIF(E8:AH8,"*午*")-AZ8 -> 0 | AZ8: =COUNTIF(E8:AH8,"*午F") -> 0 | BA8: =COUNTIF(E8:AH8,"*夜*") -> 0 | BB8: =COUNTIF(E8:AH8,"*T*") -> 0 | BC8: =COUNTIF(E8:AH8,"*日*") -> 0 | BD8: =COUNTIF(E8:AH8,"L") -> 3 | BE8: {=SUMPRODUCT(1*ISNUMBER(FIND("R",E8:AH8)))} -> 1 | BF8: {=SUMPRODUCT(1*ISNUMBER(FIND("r",E8:AH8)))} -> 1 | BG8: {=SUMPRODUCT(1*ISNUMBER(FIND("P",E8:AH8)))-SUMPRODUCT(1*ISNUMBER(FIND("午P",E8:AH8)))} -> 1 | BH8: =SUM(BE8:BG8) -> 3 | BI8: {=SUMPRODUCT(1*ISNUMBER(FIND("R",D8:J8)))} -> 1 | BJ8: {=SUMPRODUCT(1*ISNUMBER(FIND("R",K8:Q8)))} -> 0 | BK8: {=SUMPRODUCT(1*ISNUMBER(FIND("R",R8:X8)))} -> 0 | BL8: {=SUMPRODUCT(1*ISNUMBER(FIND("R",Y8:AE8)))} -> 0 | BM8: {=SUMPRODUCT(1*ISNUMBER(FIND("R",AF8:AL8)))} -> 0 | BN8: =SUM(AV8:BG8) -> 6 | BP8: 10 | BQ8: {=SUMPRODUCT(1*ISNUMBER(FIND("P",K8:AL8)))-SUMPRODUCT(1*ISNUMBER(FIND("午P",K8:AL8)))} -> 0
B9: T00586 | C9: 江冠滿 | D9: r'(05早) | E9: 05早 | F9: 41日 | G9: 41日 | H9: 41日 | I9: 41日 | J9: R | K9: 長假 | L9: 長假 | M9: 長假 | N9: 長假 | O9: 長假 | P9: 長假 | Q9: 長假 | R9: 長假 | AM9: =BP9+BQ9 -> 11 | AN9: 2 | AO9: 2 | AP9: 4 | AQ9: 4 | AR9: =COUNTIF(K9:X9,"r'*") -> 0 | AS9: =COUNTIF(K9:X9,"R") -> 0 | AT9: =8-AN9-AP9-AR9 -> 2 | AU9: =8-AO9-AQ9-AS9 -> 2 | AV9: =COUNTIF(E9:AH9,"*早*")-AW9 -> 1 | AW9: =COUNTIF(E9:AH9,"*早A") -> 0 | AX9: =COUNTIF(E9:AH9,"*中*") -> 0 | AY9: =COUNTIF(E9:AH9,"*午*")-AZ9 -> 0 | AZ9: =COUNTIF(E9:AH9,"*午F") -> 0 | BA9: =COUNTIF(E9:AH9,"*夜*") -> 0 | BB9: =COUNTIF(E9:AH9,"*T*") -> 0 | BC9: =COUNTIF(E9:AH9,"*日*") -> 4 | BD9: =COUNTIF(E9:AH9,"L") -> 0 | BE9: {=SUMPRODUCT(1*ISNUMBER(FIND("R",E9:AH9)))} -> 1 | BF9: {=SUMPRODUCT(1*ISNUMBER(FIND("r",E9:AH9)))} -> 0 | BG9: {=SUMPRODUCT(1*ISNUMBER(FIND("P",E9:AH9)))-SUMPRODUCT(1*ISNUMBER(FIND("午P",E9:AH9)))} -> 0 | BH9: =SUM(BE9:BG9) -> 1 | BI9: {=SUMPRODUCT(1*ISNUMBER(FIND("R",D9:J9)))} -> 1 | BJ9: {=SUMPRODUCT(1*ISNUMBER(FIND("R",K9:Q9)))} -> 0 | BK9: {=SUMPRODUCT(1*ISNUMBER(FIND("R",R9:X9)))} -> 0 | BL9: {=SUMPRODUCT(1*ISNUMBER(FIND("R",Y9:AE9)))} -> 0 | BM9: {=SUMPRODUCT(1*ISNUMBER(FIND("R",AF9:AL9)))} -> 0 | BN9: =SUM(AV9:BG9) -> 6 | BP9: 11 | BQ9: {=SUMPRODUCT(1*ISNUMBER(FIND("P",K9:AL9)))-SUMPRODUCT(1*ISNUMBER(FIND("午P",K9:AL9)))} -> 0
B10: T00605 | C10: 謝蕙芸 | D10: R | E10: 41日 | F10: 41日 | G10: 41日 | H10: 41日 | I10: 41日 | J10: r' | AM10: =BP10+BQ10 -> 11 | AN10: 2 | AO10: 2 | AP10: 4 | AQ10: 4 | AR10: =COUNTIF(K10:X10,"r'*") -> 0 | AS10: =COUNTIF(K10:X10,"R") -> 0 | AT10: =8-AN10-AP10-AR10 -> 2 | AU10: =8-AO10-AQ10-AS10 -> 2 | AV10: =COUNTIF(E10:AH10,"*早*")-AW10 -> 0 | AW10: =COUNTIF(E10:AH10,"*早A") -> 0 | AX10: =COUNTIF(E10:AH10,"*中*") -> 0 | AY10: =COUNTIF(E10:AH10,"*午*")-AZ10 -> 0 | AZ10: =COUNTIF(E10:AH10,"*午F") -> 0 | BA10: =COUNTIF(E10:AH10,"*夜*") -> 0 | BB10: =COUNTIF(E10:AH10,"*T*") -> 0 | BC10: =COUNTIF(E10:AH10,"*日*") -> 5 | BD10: =COUNTIF(E10:AH10,"L") -> 0 | BE10: {=SUMPRODUCT(1*ISNUMBER(FIND("R",E10:AH10)))} -> 0 | BF10: {=SUMPRODUCT(1*ISNUMBER(FIND("r",E10:AH10)))} -> 1 | BG10: {=SUMPRODUCT(1*ISNUMBER(FIND("P",E10:AH10)))-SUMPRODUCT(1*ISNUMBER(FIND("午P",E10:AH10)))} -> 0 | BH10: =SUM(BE10:BG10) -> 1 | BI10: {=SUMPRODUCT(1*ISNUMBER(FIND("R",D10:J10)))} -> 1 | BJ10: {=SUMPRODUCT(1*ISNUMBER(FIND("R",K10:Q10)))} -> 0 | BK10: {=SUMPRODUCT(1*ISNUMBER(FIND("R",R10:X10)))} -> 0 | BL10: {=SUMPRODUCT(1*ISNUMBER(FIND("R",Y10:AE10)))} -> 0 | BM10: {=SUMPRODUCT(1*ISNUMBER(FIND("R",AF10:AL10)))} -> 0 | BN10: =SUM(AV10:BG10) -> 6 | BP10: 11 | BQ10: {=SUMPRODUCT(1*ISNUMBER(FIND("P",K10:AL10)))-SUMPRODUCT(1*ISNUMBER(FIND("午P",K10:AL10)))} -> 0
B11: T00912 | C11: 詹雅惠 | D11: R | E11: 41日 | F11: 41日 | G11: L | H11: L | I11: L | J11: r' | K11: 長假 | L11: 長假 | M11: 長假 | N11: 長假 | O11: 長假 | P11: 長假 | Q11: 長假 | R11: 長假 | AM11: =BP11+BQ11 -> 11 | AN11: 2 | AO11: 2 | AP11: 4 | AQ11: 4 | AR11: =COUNTIF(K11:X11,"r'*") -> 0 | AS11: =COUNTIF(K11:X11,"R") -> 0 | AT11: =8-AN11-AP11-AR11 -> 2 | AU11: =8-AO11-AQ11-AS11 -> 2 | AV11: =COUNTIF(E11:AH11,"*早*")-AW11 -> 0 | AW11: =COUNTIF(E11:AH11,"*早A") -> 0 | AX11: =COUNTIF(E11:AH11,"*中*") -> 0 | AY11: =COUNTIF(E11:AH11,"*午*")-AZ11 -> 0 | AZ11: =COUNTIF(E11:AH11,"*午F") -> 0 | BA11: =COUNTIF(E11:AH11,"*夜*") -> 0 | BB11: =COUNTIF(E11:AH11,"*T*") -> 0 | BC11: =COUNTIF(E11:AH11,"*日*") -> 2 | BD11: =COUNTIF(E11:AH11,"L") -> 3 | BE11: {=SUMPRODUCT(1*ISNUMBER(FIND("R",E11:AH11)))} -> 0 | BF11: {=SUMPRODUCT(1*ISNUMBER(FIND("r",E11:AH11)))} -> 1 | BG11: {=SUMPRODUCT(1*ISNUMBER(FIND("P",E11:AH11)))-SUMPRODUCT(1*ISNUMBER(FIND("午P",E11:AH11)))} -> 0 | BH11: =SUM(BE11:BG11) -> 1 | BI11: {=SUMPRODUCT(1*ISNUMBER(FIND("R",D11:J11)))} -> 1 | BJ11: {=SUMPRODUCT(1*ISNUMBER(FIND("R",K11:Q11)))} -> 0 | BK11: {=SUMPRODUCT(1*ISNUMBER(FIND("R",R11:X11)))} -> 0 | BL11: {=SUMPRODUCT(1*ISNUMBER(FIND("R",Y11:AE11)))} -> 0 | BM11: {=SUMPRODUCT(1*ISNUMBER(FIND("R",AF11:AL11)))} -> 0 | BN11: =SUM(AV11:BG11) -> 6 | BP11: 11 | BQ11: {=SUMPRODUCT(1*ISNUMBER(FIND("P",K11:AL11)))-SUMPRODUCT(1*ISNUMBER(FIND("午P",K11:AL11)))} -> 0
B12: T00860 | C12: 陳家瑋 | D12: R | E12: 41日 | F12: 41日 | G12: 41日 | H12: 41日 | I12: 41日 | J12: r' | AM12: =BP12+BQ12 -> 10 | AN12: 2 | AO12: 2 | AP12: 4 | AQ12: 4 | AR12: =COUNTIF(K12:X12,"r'*") -> 0 | AS12: =COUNTIF(K12:X12,"R") -> 0 | AT12: =8-AN12-AP12-AR12 -> 2 | AU12: =8-AO12-AQ12-AS12 -> 2 | AV12: =COUNTIF(E12:AH12,"*早*")-AW12 -> 0 | AW12: =COUNTIF(E12:AH12,"*早A") -> 0 | AX12: =COUNTIF(E12:AH12,"*中*") -> 0 | AY12: =COUNTIF(E12:AH12,"*午*")-AZ12 -> 0 | AZ12: =COUNTIF(E12:AH12,"*午F") -> 0 | BA12: =COUNTIF(E12:AH12,"*夜*") -> 0 | BB12: =COUNTIF(E12:AH12,"*T*") -> 0 | BC12: =COUNTIF(E12:AH12,"*日*") -> 5 | BD12: =COUNTIF(E12:AH12,"L") -> 0 | BE12: {=SUMPRODUCT(1*ISNUMBER(FIND("R",E12:AH12)))} -> 0 | BF12: {=SUMPRODUCT(1*ISNUMBER(FIND("r",E12:AH12)))} -> 1 | BG12: {=SUMPRODUCT(1*ISNUMBER(FIND("P",E12:AH12)))-SUMPRODUCT(1*ISNUMBER(FIND("午P",E12:AH12)))} -> 0 | BH12: =SUM(BE12:BG12) -> 1 | BI12: {=SUMPRODUCT(1*ISNUMBER(FIND("R",D12:J12)))} -> 1 | BJ12: {=SUMPRODUCT(1*ISNUMBER(FIND("R",K12:Q12)))} -> 0 | BK12: {=SUMPRODUCT(1*ISNUMBER(FIND("R",R12:X12)))} -> 0 | BL12: {=SUMPRODUCT(1*ISNUMBER(FIND("R",Y12:AE12)))} -> 0 | BM12: {=SUMPRODUCT(1*ISNUMBER(FIND("R",AF12:AL12)))} -> 0 | BN12: =SUM(AV12:BG12) -> 6 | BP12: 10 | BQ12: {=SUMPRODUCT(1*ISNUMBER(FIND("P",K12:AL12)))-SUMPRODUCT(1*ISNUMBER(FIND("午P",K12:AL12)))} -> 0
B13: T00509 | C13: 郭秋儀 | D13: 01午M | E13: 01午m | F13: R | G13: 01夜B2 | H13: 01夜B1 | I13: 01夜B2 | J13: 01夜B1 | U13: L | V13: L | AE13: R | AF13: R | AM13: =BP13+BQ13 -> 10 | AN13: 2 | AO13: 2 | AP13: 4 | AQ13: 4 | AR13: =COUNTIF(K13:X13,"r'*") -> 0 | AS13: =COUNTIF(K13:X13,"R") -> 0 | AT13: =8-AN13-AP13-AR13 -> 2 | AU13: =8-AO13-AQ13-AS13 -> 2 | AV13: =COUNTIF(E13:AH13,"*早*")-AW13 -> 0 | AW13: =COUNTIF(E13:AH13,"*早A") -> 0 | AX13: =COUNTIF(E13:AH13,"*中*") -> 0 | AY13: =COUNTIF(E13:AH13,"*午*")-AZ13 -> 1 | AZ13: =COUNTIF(E13:AH13,"*午F") -> 0 | BA13: =COUNTIF(E13:AH13,"*夜*") -> 4 | BB13: =COUNTIF(E13:AH13,"*T*") -> 0 | BC13: =COUNTIF(E13:AH13,"*日*") -> 0 | BD13: =COUNTIF(E13:AL13,"L") -> 2 | BE13: {=SUMPRODUCT(1*ISNUMBER(FIND("R",E13:AH13)))} -> 3 | BF13: {=SUMPRODUCT(1*ISNUMBER(FIND("r",E13:AH13)))} -> 0 | BG13: {=SUMPRODUCT(1*ISNUMBER(FIND("P",E13:AH13)))-SUMPRODUCT(1*ISNUMBER(FIND("午P",E13:AH13)))} -> 0 | BH13: =SUM(BE13:BG13) -> 3 | BI13: {=SUMPRODUCT(1*ISNUMBER(FIND("R",D13:J13)))} -> 1 | BJ13: {=SUMPRODUCT(1*ISNUMBER(FIND("R",K13:Q13)))} -> 0 | BK13: {=SUMPRODUCT(1*ISNUMBER(FIND("R",R13:X13)))} -> 0 | BL13: {=SUMPRODUCT(1*ISNUMBER(FIND("R",Y13:AE13)))} -> 1 | BM13: {=SUMPRODUCT(1*ISNUMBER(FIND("R",AF13:AL13)))} -> 1 | BN13: =SUM(AV13:BG13) -> 10 | BP13: 10 | BQ13: {=SUMPRODUCT(1*ISNUMBER(FIND("P",K13:AL13)))-SUMPRODUCT(1*ISNUMBER(FIND("午P",K13:AL13)))} -> 0
B14: T01028 | C14: 林金緗 | D14: 01早M | E14: 01早M | F14: 01午m | G14: P | H14: R | I14: 01午M | J14: 01午m | AG14: R | AH14: L | AI14: L | AJ14: r' | AM14: =BP14+BQ14 -> 10 | AN14: 2 | AO14: 2 | AP14: 4 | AQ14: 4 | AR14: =COUNTIF(K14:X14,"r'*") -> 0 | AS14: =COUNTIF(K14:X14,"R") -> 0 | AT14: =8-AN14-AP14-AR14 -> 2 | AU14: =8-AO14-AQ14-AS14 -> 2 | AV14: =COUNTIF(E14:AH14,"*早*")-AW14 -> 1 | AW14: =COUNTIF(E14:AH14,"*早A") -> 0 | AX14: =COUNTIF(E14:AH14,"*中*") -> 0 | AY14: =COUNTIF(E14:AH14,"*午*")-AZ14 -> 3 | AZ14: =COUNTIF(E14:AH14,"*午F") -> 0 | BA14: =COUNTIF(E14:AH14,"*夜*") -> 0 | BB14: =COUNTIF(E14:AH14,"*T*") -> 0 | BC14: =COUNTIF(E14:AH14,"*日*") -> 0 | BD14: =COUNTIF(E14:AH14,"L") -> 1 | BE14: {=SUMPRODUCT(1*ISNUMBER(FIND("R",E14:AH14)))} -> 2 | BF14: {=SUMPRODUCT(1*ISNUMBER(FIND("r",E14:AH14)))} -> 0 | BG14: {=SUMPRODUCT(1*ISNUMBER(FIND("P",E14:AH14)))-SUMPRODUCT(1*ISNUMBER(FIND("午P",E14:AH14)))} -> 1 | BH14: =SUM(BE14:BG14) -> 3 | BI14: {=SUMPRODUCT(1*ISNUMBER(FIND("R",D14:J14)))} -> 1 | BJ14: {=SUMPRODUCT(1*ISNUMBER(FIND("R",K14:Q14)))} -> 0 | BK14: {=SUMPRODUCT(1*ISNUMBER(FIND("R",R14:X14)))} -> 0 | BL14: {=SUMPRODUCT(1*ISNUMBER(FIND("R",Y14:AE14)))} -> 0 | BM14: {=SUMPRODUCT(1*ISNUMBER(FIND("R",AF14:AL14)))} -> 1 | BN14: =SUM(AV14:BG14) -> 8 | BP14: 10 | BQ14: {=SUMPRODUCT(1*ISNUMBER(FIND("P",K14:AL14)))-SUMPRODUCT(1*ISNUMBER(FIND("午P",K14:AL14)))} -> 0
B15: T01029 | C15: 林雯琳 | D15: 01午m | E15: 01午B1 | F15: R | G15: 01午M | H15: 01午M | I15: 01午B1 | J15: 01午M | U15: L | V15: L | AE15: L | AF15: L | AM15: =BP15+BQ15 -> 10 | AN15: 2 | AO15: 2 | AP15: 4 | AQ15: 4 | AR15: =COUNTIF(K15:X15,"r'*") -> 0 | AS15: =COUNTIF(K15:X15,"R") -> 0 | AT15: =8-AN15-AP15-AR15 -> 2 | AU15: =8-AO15-AQ15-AS15 -> 2 | AV15: =COUNTIF(E15:AH15,"*早*")-AW15 -> 0 | AW15: =COUNTIF(E15:AH15,"*早A") -> 0 | AX15: =COUNTIF(E15:AH15,"*中*") -> 0 | AY15: =COUNTIF(E15:AH15,"*午*")-AZ15 -> 5 | AZ15: =COUNTIF(E15:AH15,"*午F") -> 0 | BA15: =COUNTIF(E15:AH15,"*夜*") -> 0 | BB15: =COUNTIF(E15:AH15,"*T*") -> 0 | BC15: =COUNTIF(E15:AH15,"*日*") -> 0 | BD15: =COUNTIF(E15:AH15,"L") -> 4 | BE15: {=SUMPRODUCT(1*ISNUMBER(FIND("R",E15:AH15)))} -> 1 | BF15: {=SUMPRODUCT(1*ISNUMBER(FIND("r",E15:AH15)))} -> 0 | BG15: {=SUMPRODUCT(1*ISNUMBER(FIND("P",E15:AH15)))-SUMPRODUCT(1*ISNUMBER(FIND("午P",E15:AH15)))} -> 0 | BH15: =SUM(BE15:BG15) -> 1 | BI15: {=SUMPRODUCT(1*ISNUMBER(FIND("R",D15:J15)))} -> 1 | BJ15: {=SUMPRODUCT(1*ISNUMBER(FIND("R",K15:Q15)))} -> 0 | BK15: {=SUMPRODUCT(1*ISNUMBER(FIND("R",R15:X15)))} -> 0 | BL15: {=SUMPRODUCT(1*ISNUMBER(FIND("R",Y15:AE15)))} -> 0 | BM15: {=SUMPRODUCT(1*ISNUMBER(FIND("R",AF15:AL15)))} -> 0 | BN15: =SUM(AV15:BG15) -> 10 | BP15: 10 | BQ15: {=SUMPRODUCT(1*ISNUMBER(FIND("P",K15:AL15)))-SUMPRODUCT(1*ISNUMBER(FIND("午P",K15:AL15)))} -> 0
B16: T01734 | C16: 黃冠銘 | D16: 01早m | E16: R | F16: 01早m | G16: 01早M | H16: 01早m | I16: 01早M | J16: 01早M | K16: 長假 | L16: 長假 | M16: 長假(L) | N16: 長假(L) | O16: 長假(L) | AM16: =BP16+BQ16 -> 9 | AN16: 2 | AO16: 2 | AP16: 4 | AQ16: 4 | AR16: =COUNTIF(K16:X16,"r'*") -> 0 | AS16: =COUNTIF(K16:X16,"R") -> 0 | AT16: =8-AN16-AP16-AR16 -> 2 | AU16: =8-AO16-AQ16-AS16 -> 2 | AV16: =COUNTIF(E16:AH16,"*早*")-AW16 -> 5 | AW16: =COUNTIF(E16:AH16,"*早A") -> 0 | AX16: =COUNTIF(E16:AH16,"*中*") -> 0 | AY16: =COUNTIF(E16:AH16,"*午*")-AZ16 -> 0 | AZ16: =COUNTIF(E16:AH16,"*午F") -> 0 | BA16: =COUNTIF(E16:AH16,"*夜*") -> 0 | BB16: =COUNTIF(E16:AH16,"*T*") -> 0 | BC16: =COUNTIF(E16:AH16,"*日*") -> 0 | BD16: =COUNTIF(E16:AH16,"L") -> 0 | BE16: {=SUMPRODUCT(1*ISNUMBER(FIND("R",E16:AH16)))} -> 1 | BF16: {=SUMPRODUCT(1*ISNUMBER(FIND("r",E16:AH16)))} -> 0 | BG16: {=SUMPRODUCT(1*ISNUMBER(FIND("P",E16:AH16)))-SUMPRODUCT(1*ISNUMBER(FIND("午P",E16:AH16)))} -> 0 | BH16: =SUM(BE16:BG16) -> 1 | BI16: {=SUMPRODUCT(1*ISNUMBER(FIND("R",D16:J16)))} -> 1 | BJ16: {=SUMPRODUCT(1*ISNUMBER(FIND("R",K16:Q16)))} -> 0 | BK16: {=SUMPRODUCT(1*ISNUMBER(FIND("R",R16:X16)))} -> 0 | BL16: {=SUMPRODUCT(1*ISNUMBER(FIND("R",Y16:AE16)))} -> 0 | BM16: {=SUMPRODUCT(1*ISNUMBER(FIND("R",AF16:AL16)))} -> 0 | BN16: =SUM(AV16:BG16) -> 6 | BP16: 9 | BQ16: {=SUMPRODUCT(1*ISNUMBER(FIND("P",K16:AL16)))-SUMPRODUCT(1*ISNUMBER(FIND("午P",K16:AL16)))} -> 0
B17: T02287 | C17: 林江玉 | D17: R | E17: P | F17: 01中A | G17: 01早B1 | H17: 01早M | I17: 01早m | J17: r' | K17: 長假 | L17: 長假(L) | M17: 長假(L) | N17: 長假(L) | O17: 長假(L) | P17: 長假(L) | Q17: 長假 | R17: 長假 | S17: 長假(L) | T17: 長假(L) | U17: 長假(L) | V17: 長假(L) | W17: 長假(L) | X17: 長假 | Y17: 長假 | Z17: 長假 | AM17: =BP17+BQ17 -> 11 | AN17: 2 | AO17: 2 | AP17: 4 | AQ17: 4 | AR17: =COUNTIF(K17:X17,"r'*") -> 0 | AS17: =COUNTIF(K17:X17,"R") -> 0 | AT17: =8-AN17-AP17-AR17 -> 2 | AU17: =8-AO17-AQ17-AS17 -> 2 | AV17: =COUNTIF(E17:AH17,"*早*")-AW17 -> 3 | AW17: =COUNTIF(E17:AH17,"*早A") -> 0 | AX17: =COUNTIF(E17:AH17,"*中*") -> 1 | AY17: =COUNTIF(E17:AH17,"*午*")-AZ17 -> 0 | AZ17: =COUNTIF(E17:AH17,"*午F") -> 0 | BA17: =COUNTIF(E17:AH17,"*夜*") -> 0 | BB17: =COUNTIF(E17:AH17,"*T*") -> 0 | BC17: =COUNTIF(E17:AH17,"*日*") -> 0 | BD17: =COUNTIF(E17:AH17,"L") -> 0 | BE17: {=SUMPRODUCT(1*ISNUMBER(FIND("R",E17:AH17)))} -> 0 | BF17: {=SUMPRODUCT(1*ISNUMBER(FIND("r",E17:AH17)))} -> 1 | BG17: {=SUMPRODUCT(1*ISNUMBER(FIND("P",E17:AH17)))-SUMPRODUCT(1*ISNUMBER(FIND("午P",E17:AH17)))} -> 1 | BH17: =SUM(BE17:BG17) -> 2 | BI17: {=SUMPRODUCT(1*ISNUMBER(FIND("R",D17:J17)))} -> 1 | BJ17: {=SUMPRODUCT(1*ISNUMBER(FIND("R",K17:Q17)))} -> 0 | BK17: {=SUMPRODUCT(1*ISNUMBER(FIND("R",R17:X17)))} -> 0 | BL17: {=SUMPRODUCT(1*ISNUMBER(FIND("R",Y17:AE17)))} -> 0 | BM17: {=SUMPRODUCT(1*ISNUMBER(FIND("R",AF17:AL17)))} -> 0 | BN17: =SUM(AV17:BG17) -> 6 | BP17: 11 | BQ17: {=SUMPRODUCT(1*ISNUMBER(FIND("P",K17:AL17)))-SUMPRODUCT(1*ISNUMBER(FIND("午P",K17:AL17)))} -> 0
B18: T02359 | C18: 陳佳婷 | D18: R | E18: r' | F18: 01早M | G18: 01早m | H18: 01中A | I18: r' | J18: 01早m | Y18: R | Z18: r' | AM18: =BP18+BQ18 -> 9 | AN18: 2 | AO18: 2 | AP18: 4 | AQ18: 4 | AR18: =COUNTIF(K18:X18,"r'*") -> 0 | AS18: =COUNTIF(K18:X18,"R") -> 0 | AT18: =8-AN18-AP18-AR18 -> 2 | AU18: =8-AO18-AQ18-AS18 -> 2 | AV18: =COUNTIF(E18:AH18,"*早*")-AW18 -> 3 | AW18: =COUNTIF(E18:AH18,"*早A") -> 0 | AX18: =COUNTIF(E18:AH18,"*中*") -> 1 | AY18: =COUNTIF(E18:AH18,"*午*")-AZ18 -> 0 | AZ18: =COUNTIF(E18:AH18,"*午F") -> 0 | BA18: =COUNTIF(E18:AH18,"*夜*") -> 0 | BB18: =COUNTIF(E18:AH18,"*T*") -> 0 | BC18: =COUNTIF(E18:AH18,"*日*") -> 0 | BD18: =COUNTIF(E18:AH18,"L") -> 0 | BE18: {=SUMPRODUCT(1*ISNUMBER(FIND("R",E18:AH18)))} -> 1 | BF18: {=SUMPRODUCT(1*ISNUMBER(FIND("r",E18:AH18)))} -> 3 | BG18: {=SUMPRODUCT(1*ISNUMBER(FIND("P",E18:AH18)))-SUMPRODUCT(1*ISNUMBER(FIND("午P",E18:AH18)))} -> 0 | BH18: =SUM(BE18:BG18) -> 4 | BI18: {=SUMPRODUCT(1*ISNUMBER(FIND("R",D18:J18)))} -> 1 | BJ18: {=SUMPRODUCT(1*ISNUMBER(FIND("R",K18:Q18)))} -> 0 | BK18: {=SUMPRODUCT(1*ISNUMBER(FIND("R",R18:X18)))} -> 0 | BL18: {=SUMPRODUCT(1*ISNUMBER(FIND("R",Y18:AE18)))} -> 1 | BM18: {=SUMPRODUCT(1*ISNUMBER(FIND("R",AF18:AL18)))} -> 0 | BN18: =SUM(AV18:BG18) -> 8 | BP18: 9 | BQ18: {=SUMPRODUCT(1*ISNUMBER(FIND("P",K18:AL18)))-SUMPRODUCT(1*ISNUMBER(FIND("午P",K18:AL18)))} -> 0
B19: T02363 | C19: 林孟錡 | D19: 01夜B1 | E19: 01夜B2 | F19: 01夜B1 | G19: R | H19: 01夜B2 | I19: 01夜B1 | J19: 01夜B2 | AM19: =BP19+BQ19 -> 10 | AN19: 2 | AO19: 2 | AP19: 4 | AQ19: 4 | AR19: =COUNTIF(K19:X19,"r'*") -> 0 | AS19: =COUNTIF(K19:X19,"R") -> 0 | AT19: =8-AN19-AP19-AR19 -> 2 | AU19: =8-AO19-AQ19-AS19 -> 2 | AV19: =COUNTIF(E19:AH19,"*早*")-AW19 -> 0 | AW19: =COUNTIF(E19:AH19,"*早A") -> 0 | AX19: =COUNTIF(E19:AH19,"*中*") -> 0 | AY19: =COUNTIF(E19:AH19,"*午*")-AZ19 -> 0 | AZ19: =COUNTIF(E19:AH19,"*午F") -> 0 | BA19: =COUNTIF(E19:AH19,"*夜*") -> 5 | BB19: =COUNTIF(E19:AH19,"*T*") -> 0 | BC19: =COUNTIF(E19:AH19,"*日*") -> 0 | BD19: =COUNTIF(E19:AH19,"L") -> 0 | BE19: {=SUMPRODUCT(1*ISNUMBER(FIND("R",E19:AH19)))} -> 1 | BF19: {=SUMPRODUCT(1*ISNUMBER(FIND("r",E19:AH19)))} -> 0 | BG19: {=SUMPRODUCT(1*ISNUMBER(FIND("P",E19:AH19)))-SUMPRODUCT(1*ISNUMBER(FIND("午P",E19:AH19)))} -> 0 | BH19: =SUM(BE19:BG19) -> 1 | BI19: {=SUMPRODUCT(1*ISNUMBER(FIND("R",D19:J19)))} -> 1 | BJ19: {=SUMPRODUCT(1*ISNUMBER(FIND("R",K19:Q19)))} -> 0 | BK19: {=SUMPRODUCT(1*ISNUMBER(FIND("R",R19:X19)))} -> 0 | BL19: {=SUMPRODUCT(1*ISNUMBER(FIND("R",Y19:AE19)))} -> 0 | BM19: {=SUMPRODUCT(1*ISNUMBER(FIND("R",AF19:AL19)))} -> 0 | BN19: =SUM(AV19:BG19) -> 6 | BP19: 10 | BQ19: {=SUMPRODUCT(1*ISNUMBER(FIND("P",K19:AL19)))-SUMPRODUCT(1*ISNUMBER(FIND("午P",K19:AL19)))} -> 0
B20: T02504 | C20: 潘元浩 | D20: 01午B1 | E20: 01午M | F20: 01午M | G20: r' | H20: R | I20: 01午m | J20: 01午B1 | AC20: R | AD20: r' | AE20: L | AF20: L | AM20: =BP20+BQ20 -> 9 | AN20: 2 | AO20: 2 | AP20: 4 | AQ20: 4 | AR20: =COUNTIF(K20:X20,"r'*") -> 0 | AS20: =COUNTIF(K20:X20,"R") -> 0 | AT20: =8-AN20-AP20-AR20 -> 2 | AU20: =8-AO20-AQ20-AS20 -> 2 | AV20: =COUNTIF(E20:AH20,"*早*")-AW20 -> 0 | AW20: =COUNTIF(E20:AH20,"*早A") -> 0 | AX20: =COUNTIF(E20:AH20,"*中*") -> 0 | AY20: =COUNTIF(E20:AH20,"*午*")-AZ20 -> 4 | AZ20: =COUNTIF(E20:AH20,"*午F") -> 0 | BA20: =COUNTIF(E20:AH20,"*夜*") -> 0 | BB20: =COUNTIF(E20:AH20,"*T*") -> 0 | BC20: =COUNTIF(E20:AH20,"*日*") -> 0 | BD20: =COUNTIF(E20:AH20,"L") -> 2 | BE20: {=SUMPRODUCT(1*ISNUMBER(FIND("R",E20:AH20)))} -> 2 | BF20: {=SUMPRODUCT(1*ISNUMBER(FIND("r",E20:AH20)))} -> 2 | BG20: {=SUMPRODUCT(1*ISNUMBER(FIND("P",E20:AH20)))-SUMPRODUCT(1*ISNUMBER(FIND("午P",E20:AH20)))} -> 0 | BH20: =SUM(BE20:BG20) -> 4 | BI20: {=SUMPRODUCT(1*ISNUMBER(FIND("R",D20:J20)))} -> 1 | BJ20: {=SUMPRODUCT(1*ISNUMBER(FIND("R",K20:Q20)))} -> 0 | BK20: {=SUMPRODUCT(1*ISNUMBER(FIND("R",R20:X20)))} -> 0 | BL20: {=SUMPRODUCT(1*ISNUMBER(FIND("R",Y20:AE20)))} -> 1 | BM20: {=SUMPRODUCT(1*ISNUMBER(FIND("R",AF20:AL20)))} -> 0 | BN20: =SUM(AV20:BG20) -> 10 | BP20: 9 | BQ20: {=SUMPRODUCT(1*ISNUMBER(FIND("P",K20:AL20)))-SUMPRODUCT(1*ISNUMBER(FIND("午P",K20:AL20)))} -> 0
B21: T02505 | C21: 李慧盺 | D21: 01夜B2 | E21: 01夜B1 | F21: 01夜B2 | G21: 01夜B1 | H21: R | I21: P | J21: r' | AC21: R | AD21: r' | AE21: L | AF21: L | AM21: =BP21+BQ21 -> 10 | AN21: 2 | AO21: 2 | AP21: 4 | AQ21: 4 | AR21: =COUNTIF(K21:X21,"r'*") -> 0 | AS21: =COUNTIF(K21:X21,"R") -> 0 | AT21: =8-AN21-AP21-AR21 -> 2 | AU21: =8-AO21-AQ21-AS21 -> 2 | AV21: =COUNTIF(E21:AH21,"*早*")-AW21 -> 0 | AW21: =COUNTIF(E21:AH21,"*早A") -> 0 | AX21: =COUNTIF(E21:AH21,"*中*") -> 0 | AY21: =COUNTIF(E21:AH21,"*午*")-AZ21 -> 0 | AZ21: =COUNTIF(E21:AH21,"*午F") -> 0 | BA21: =COUNTIF(E21:AH21,"*夜*") -> 3 | BB21: =COUNTIF(E21:AH21,"*T*") -> 0 | BC21: =COUNTIF(E21:AH21,"*日*") -> 0 | BD21: =COUNTIF(E21:AH21,"L") -> 2 | BE21: {=SUMPRODUCT(1*ISNUMBER(FIND("R",E21:AH21)))} -> 2 | BF21: {=SUMPRODUCT(1*ISNUMBER(FIND("r",E21:AH21)))} -> 2 | BG21: {=SUMPRODUCT(1*ISNUMBER(FIND("P",E21:AH21)))-SUMPRODUCT(1*ISNUMBER(FIND("午P",E21:AH21)))} -> 1 | BH21: =SUM(BE21:BG21) -> 5 | BI21: {=SUMPRODUCT(1*ISNUMBER(FIND("R",D21:J21)))} -> 1 | BJ21: {=SUMPRODUCT(1*ISNUMBER(FIND("R",K21:Q21)))} -> 0 | BK21: {=SUMPRODUCT(1*ISNUMBER(FIND("R",R21:X21)))} -> 0 | BL21: {=SUMPRODUCT(1*ISNUMBER(FIND("R",Y21:AE21)))} -> 1 | BM21: {=SUMPRODUCT(1*ISNUMBER(FIND("R",AF21:AL21)))} -> 0 | BN21: =SUM(AV21:BG21) -> 10 | BP21: 10 | BQ21: {=SUMPRODUCT(1*ISNUMBER(FIND("P",K21:AL21)))-SUMPRODUCT(1*ISNUMBER(FIND("午P",K21:AL21)))} -> 0
B22: T00557 | C22: 陳志明 | D22: 01早B2 | E22: r' | F22: L | G22: R | H22: 01早B1 | I22: 01早B1 | J22: r' | P22: L | Q22: R | R22: R | Z22: R | AM22: =BP22+BQ22 -> 8 | AN22: 2 | AO22: 2 | AP22: 4 | AQ22: 4 | AR22: =COUNTIF(K22:X22,"r'*") -> 0 | AS22: =COUNTIF(K22:X22,"R") -> 2 | AT22: =8-AN22-AP22-AR22 -> 2 | AU22: =8-AO22-AQ22-AS22 -> 0 | AV22: =COUNTIF(E22:AH22,"*早*")-AW22 -> 2 | AW22: =COUNTIF(E22:AH22,"*早A") -> 0 | AX22: =COUNTIF(E22:AH22,"*中*") -> 0 | AY22: =COUNTIF(E22:AH22,"*午*")-AZ22 -> 0 | AZ22: =COUNTIF(E22:AH22,"*午F") -> 0 | BA22: =COUNTIF(E22:AH22,"*夜*") -> 0 | BB22: =COUNTIF(E22:AH22,"*T*") -> 0 | BC22: =COUNTIF(E22:AH22,"*日*") -> 0 | BD22: =COUNTIF(E22:AH22,"L") -> 2 | BE22: {=SUMPRODUCT(1*ISNUMBER(FIND("R",E22:AH22)))} -> 4 | BF22: {=SUMPRODUCT(1*ISNUMBER(FIND("r",E22:AH22)))} -> 2 | BG22: {=SUMPRODUCT(1*ISNUMBER(FIND("P",E22:AH22)))-SUMPRODUCT(1*ISNUMBER(FIND("午P",E22:AH22)))} -> 0 | BH22: =SUM(BE22:BG22) -> 6 | BI22: {=SUMPRODUCT(1*ISNUMBER(FIND("R",D22:J22)))} -> 1 | BJ22: {=SUMPRODUCT(1*ISNUMBER(FIND("R",K22:Q22)))} -> 1 | BK22: {=SUMPRODUCT(1*ISNUMBER(FIND("R",R22:X22)))} -> 1 | BL22: {=SUMPRODUCT(1*ISNUMBER(FIND("R",Y22:AE22)))} -> 1 | BM22: {=SUMPRODUCT(1*ISNUMBER(FIND("R",AF22:AL22)))} -> 0 | BN22: =SUM(AV22:BG22) -> 10 | BP22: 8 | BQ22: {=SUMPRODUCT(1*ISNUMBER(FIND("P",K22:AL22)))-SUMPRODUCT(1*ISNUMBER(FIND("午P",K22:AL22)))} -> 0
B23: T00929 | C23: 簡婉蓁 | D23: 01午B1 | E23: 01午B2 | F23: R | G23: 01早B1 | H23: 01早B2 | I23: 01中A | J23: r' | K23: 長假 | L23: 長假 | M23: 長假(P) | N23: 長假(P) | O23: 長假(P) | P23: 長假(P) | Q23: 長假 | R23: 長假 | AM23: =BP23+BQ23 -> 10 | AN23: 2 | AO23: 2 | AP23: 4 | AQ23: 4 | AR23: =COUNTIF(K23:X23,"r'*") -> 0 | AS23: =COUNTIF(K23:X23,"R") -> 0 | AT23: =8-AN23-AP23-AR23 -> 2 | AU23: =8-AO23-AQ23-AS23 -> 2 | AV23: =COUNTIF(E23:AH23,"*早*")-AW23 -> 2 | AW23: =COUNTIF(E23:AH23,"*早A") -> 0 | AX23: =COUNTIF(E23:AH23,"*中*") -> 1 | AY23: =COUNTIF(E23:AH23,"*午*")-AZ23 -> 1 | AZ23: =COUNTIF(E23:AH23,"*午F") -> 0 | BA23: =COUNTIF(E23:AH23,"*夜*") -> 0 | BB23: =COUNTIF(E23:AH23,"*T*") -> 0 | BC23: =COUNTIF(E23:AH23,"*日*") -> 0 | BD23: =COUNTIF(E23:AH23,"L") -> 0 | BE23: {=SUMPRODUCT(1*ISNUMBER(FIND("R",E23:AH23)))} -> 1 | BF23: {=SUMPRODUCT(1*ISNUMBER(FIND("r",E23:AH23)))} -> 1 | BG23: {=SUMPRODUCT(1*ISNUMBER(FIND("P",E23:AH23)))-SUMPRODUCT(1*ISNUMBER(FIND("午P",E23:AH23)))} -> 4 | BH23: =SUM(BE23:BG23) -> 6 | BI23: {=SUMPRODUCT(1*ISNUMBER(FIND("R",D23:J23)))} -> 1 | BJ23: {=SUMPRODUCT(1*ISNUMBER(FIND("R",K23:Q23)))} -> 0 | BK23: {=SUMPRODUCT(1*ISNUMBER(FIND("R",R23:X23)))} -> 0 | BL23: {=SUMPRODUCT(1*ISNUMBER(FIND("R",Y23:AE23)))} -> 0 | BM23: {=SUMPRODUCT(1*ISNUMBER(FIND("R",AF23:AL23)))} -> 0 | BN23: =SUM(AV23:BG23) -> 10 | BP23: 6 | BQ23: {=SUMPRODUCT(1*ISNUMBER(FIND("P",K23:AL23)))-SUMPRODUCT(1*ISNUMBER(FIND("午P",K23:AL23)))} -> 4
B24: T01459 | C24: 林禹丞 | D24: R | E24: r' | F24: 01午B1 | G24: 01午B2 | H24: 01午B1 | I24: 01午B2 | J24: 01午B1 | R24: R | S24: L | AF24: R | AG24: L | AM24: =BP24+BQ24 -> 9 | AN24: 2 | AO24: 2 | AP24: 4 | AQ24: 4 | AR24: =COUNTIF(K24:X24,"r'*") -> 0 | AS24: =COUNTIF(K24:X24,"R") -> 1 | AT24: =8-AN24-AP24-AR24 -> 2 | AU24: =8-AO24-AQ24-AS24 -> 1 | AV24: =COUNTIF(E24:AH24,"*早*")-AW24 -> 0 | AW24: =COUNTIF(E24:AH24,"*早A") -> 0 | AX24: =COUNTIF(E24:AH24,"*中*") -> 0 | AY24: =COUNTIF(E24:AH24,"*午*")-AZ24 -> 5 | AZ24: =COUNTIF(E24:AH24,"*午F") -> 0 | BA24: =COUNTIF(E24:AH24,"*夜*") -> 0 | BB24: =COUNTIF(E24:AH24,"*T*") -> 0 | BC24: =COUNTIF(E24:AH24,"*日*") -> 0 | BD24: =COUNTIF(E24:AH24,"L") -> 2 | BE24: {=SUMPRODUCT(1*ISNUMBER(FIND("R",E24:AH24)))} -> 2 | BF24: {=SUMPRODUCT(1*ISNUMBER(FIND("r",E24:AH24)))} -> 1 | BG24: {=SUMPRODUCT(1*ISNUMBER(FIND("P",E24:AH24)))-SUMPRODUCT(1*ISNUMBER(FIND("午P",E24:AH24)))} -> 0 | BH24: =SUM(BE24:BG24) -> 3 | BI24: {=SUMPRODUCT(1*ISNUMBER(FIND("R",D24:J24)))} -> 1 | BJ24: {=SUMPRODUCT(1*ISNUMBER(FIND("R",K24:Q24)))} -> 0 | BK24: {=SUMPRODUCT(1*ISNUMBER(FIND("R",R24:X24)))} -> 1 | BL24: {=SUMPRODUCT(1*ISNUMBER(FIND("R",Y24:AE24)))} -> 0 | BM24: {=SUMPRODUCT(1*ISNUMBER(FIND("R",AF24:AL24)))} -> 1 | BN24: =SUM(AV24:BG24) -> 10 | BP24: 9 | BQ24: {=SUMPRODUCT(1*ISNUMBER(FIND("P",K24:AL24)))-SUMPRODUCT(1*ISNUMBER(FIND("午P",K24:AL24)))} -> 0
B25: T01600 | C25: 陳奎羽 | D25: R | E25: P | F25: r' | G25: 01早B2 | H25: 01早B1 | I25: 01早B1 | J25: r' | AE25: R | AF25: L | AG25: R | AM25: =BP25+BQ25 -> 10 | AN25: 2 | AO25: 2 | AP25: 4 | AQ25: 4 | AR25: =COUNTIF(K25:X25,"r'*") -> 0 | AS25: =COUNTIF(K25:X25,"R") -> 0 | AT25: =8-AN25-AP25-AR25 -> 2 | AU25: =8-AO25-AQ25-AS25 -> 2 | AV25: =COUNTIF(E25:AH25,"*早*")-AW25 -> 3 | AW25: =COUNTIF(E25:AH25,"*早A") -> 0 | AX25: =COUNTIF(E25:AH25,"*中*") -> 0 | AY25: =COUNTIF(E25:AH25,"*午*")-AZ25 -> 0 | AZ25: =COUNTIF(E25:AH25,"*午F") -> 0 | BA25: =COUNTIF(E25:AH25,"*夜*") -> 0 | BB25: =COUNTIF(E25:AH25,"*T*") -> 0 | BC25: =COUNTIF(E25:AH25,"*日*") -> 0 | BD25: =COUNTIF(E25:AH25,"L") -> 1 | BE25: {=SUMPRODUCT(1*ISNUMBER(FIND("R",E25:AH25)))} -> 2 | BF25: {=SUMPRODUCT(1*ISNUMBER(FIND("r",E25:AH25)))} -> 2 | BG25: {=SUMPRODUCT(1*ISNUMBER(FIND("P",E25:AH25)))-SUMPRODUCT(1*ISNUMBER(FIND("午P",E25:AH25)))} -> 1 | BH25: =SUM(BE25:BG25) -> 5 | BI25: {=SUMPRODUCT(1*ISNUMBER(FIND("R",D25:J25)))} -> 1 | BJ25: {=SUMPRODUCT(1*ISNUMBER(FIND("R",K25:Q25)))} -> 0 | BK25: {=SUMPRODUCT(1*ISNUMBER(FIND("R",R25:X25)))} -> 0 | BL25: {=SUMPRODUCT(1*ISNUMBER(FIND("R",Y25:AE25)))} -> 1 | BM25: {=SUMPRODUCT(1*ISNUMBER(FIND("R",AF25:AL25)))} -> 1 | BN25: =SUM(AV25:BG25) -> 9 | BP25: 10 | BQ25: {=SUMPRODUCT(1*ISNUMBER(FIND("P",K25:AL25)))-SUMPRODUCT(1*ISNUMBER(FIND("午P",K25:AL25)))} -> 0
B26: T01795 | C26: 黃羿綾 | D26: 01早B1 | E26: 01早B1 | F26: 01午B2 | G26: 01午B2 | H26: 01午B1 | I26: R | J26: r' | K26: r' | L26: R | P26: R | R26: r' | AM26: =BP26+BQ26 -> 9 | AN26: 2 | AO26: 2 | AP26: 4 | AQ26: 4 | AR26: =COUNTIF(K26:X26,"r'*") -> 2 | AS26: =COUNTIF(K26:X26,"R") -> 2 | AT26: =8-AN26-AP26-AR26 -> 0 | AU26: =8-AO26-AQ26-AS26 -> 0 | AV26: =COUNTIF(E26:AH26,"*早*")-AW26 -> 1 | AW26: =COUNTIF(E26:AH26,"*早A") -> 0 | AX26: =COUNTIF(E26:AH26,"*中*") -> 0 | AY26: =COUNTIF(E26:AH26,"*午*")-AZ26 -> 3 | AZ26: =COUNTIF(E26:AH26,"*午F") -> 0 | BA26: =COUNTIF(E26:AH26,"*夜*") -> 0 | BB26: =COUNTIF(E26:AH26,"*T*") -> 0 | BC26: =COUNTIF(E26:AH26,"*日*") -> 0 | BD26: =COUNTIF(E26:AH26,"L") -> 0 | BE26: {=SUMPRODUCT(1*ISNUMBER(FIND("R",E26:AH26)))} -> 3 | BF26: {=SUMPRODUCT(1*ISNUMBER(FIND("r",E26:AH26)))} -> 3 | BG26: {=SUMPRODUCT(1*ISNUMBER(FIND("P",E26:AH26)))-SUMPRODUCT(1*ISNUMBER(FIND("午P",E26:AH26)))} -> 0 | BH26: =SUM(BE26:BG26) -> 6 | BI26: {=SUMPRODUCT(1*ISNUMBER(FIND("R",D26:J26)))} -> 1 | BJ26: {=SUMPRODUCT(1*ISNUMBER(FIND("R",K26:Q26)))} -> 2 | BK26: {=SUMPRODUCT(1*ISNUMBER(FIND("R",R26:X26)))} -> 0 | BL26: {=SUMPRODUCT(1*ISNUMBER(FIND("R",Y26:AE26)))} -> 0 | BM26: {=SUMPRODUCT(1*ISNUMBER(FIND("R",AF26:AL26)))} -> 0 | BN26: =SUM(AV26:BG26) -> 10 | BP26: 9 | BQ26: {=SUMPRODUCT(1*ISNUMBER(FIND("P",K26:AL26)))-SUMPRODUCT(1*ISNUMBER(FIND("午P",K26:AL26)))} -> 0
B27: T02222 | C27: 𡍼文妤 | D27: 01早B1 | E27: 01早B2 | F27: 01早B1 | G27: 01中A | H27: r' | I27: R | J27: 01早B2 | AA27: 勞安訓 | AF27: R | AG27: r' | AM27: =BP27+BQ27 -> 10 | AN27: 2 | AO27: 2 | AP27: 4 | AQ27: 4 | AR27: =COUNTIF(K27:X27,"r'*") -> 0 | AS27: =COUNTIF(K27:X27,"R") -> 0 | AT27: =8-AN27-AP27-AR27 -> 2 | AU27: =8-AO27-AQ27-AS27 -> 2 | AV27: =COUNTIF(E27:AH27,"*早*")-AW27 -> 3 | AW27: =COUNTIF(E27:AH27,"*早A") -> 0 | AX27: =COUNTIF(E27:AH27,"*中*") -> 1 | AY27: =COUNTIF(E27:AH27,"*午*")-AZ27 -> 0 | AZ27: =COUNTIF(E27:AH27,"*午F") -> 0 | BA27: =COUNTIF(E27:AH27,"*夜*") -> 0 | BB27: =COUNTIF(E27:AH27,"*T*") -> 0 | BC27: =COUNTIF(E27:AH27,"*日*") -> 0 | BD27: =COUNTIF(E27:AH27,"L") -> 0 | BE27: {=SUMPRODUCT(1*ISNUMBER(FIND("R",E27:AH27)))} -> 2 | BF27: {=SUMPRODUCT(1*ISNUMBER(FIND("r",E27:AH27)))} -> 2 | BG27: {=SUMPRODUCT(1*ISNUMBER(FIND("P",E27:AH27)))-SUMPRODUCT(1*ISNUMBER(FIND("午P",E27:AH27)))} -> 0 | BH27: =SUM(BE27:BG27) -> 4 | BI27: {=SUMPRODUCT(1*ISNUMBER(FIND("R",D27:J27)))} -> 1 | BJ27: {=SUMPRODUCT(1*ISNUMBER(FIND("R",K27:Q27)))} -> 0 | BK27: {=SUMPRODUCT(1*ISNUMBER(FIND("R",R27:X27)))} -> 0 | BL27: {=SUMPRODUCT(1*ISNUMBER(FIND("R",Y27:AE27)))} -> 0 | BM27: {=SUMPRODUCT(1*ISNUMBER(FIND("R",AF27:AL27)))} -> 1 | BN27: =SUM(AV27:BG27) -> 8 | BP27: 10 | BQ27: {=SUMPRODUCT(1*ISNUMBER(FIND("P",K27:AL27)))-SUMPRODUCT(1*ISNUMBER(FIND("午P",K27:AL27)))} -> 0
B28: T02233 | C28: 簡悅如 | D28: P | E28: 01早B2 | F28: 01早B1 | G28: r' | H28: R | I28: 01早B2 | J28: 01早B1 | M28: L | W28: L | X28: L | Y28: L | AM28: =BP28+BQ28 -> 10 | AN28: 1 | AO28: 2 | AP28: 4 | AQ28: 4 | AR28: =COUNTIF(K28:X28,"r'*") -> 0 | AS28: =COUNTIF(K28:X28,"R") -> 0 | AT28: =8-AN28-AP28-AR28 -> 3 | AU28: =8-AO28-AQ28-AS28 -> 2 | AV28: =COUNTIF(E28:AH28,"*早*")-AW28 -> 4 | AW28: =COUNTIF(E28:AH28,"*早A") -> 0 | AX28: =COUNTIF(E28:AH28,"*中*") -> 0 | AY28: =COUNTIF(E28:AH28,"*午*")-AZ28 -> 0 | AZ28: =COUNTIF(E28:AH28,"*午F") -> 0 | BA28: =COUNTIF(E28:AH28,"*夜*") -> 0 | BB28: =COUNTIF(E28:AH28,"*T*") -> 0 | BC28: =COUNTIF(E28:AH28,"*日*") -> 0 | BD28: =COUNTIF(E28:AH28,"L") -> 4 | BE28: {=SUMPRODUCT(1*ISNUMBER(FIND("R",E28:AH28)))} -> 1 | BF28: {=SUMPRODUCT(1*ISNUMBER(FIND("r",E28:AH28)))} -> 1 | BG28: {=SUMPRODUCT(1*ISNUMBER(FIND("P",E28:AH28)))-SUMPRODUCT(1*ISNUMBER(FIND("午P",E28:AH28)))} -> 0 | BH28: =SUM(BE28:BG28) -> 2 | BI28: {=SUMPRODUCT(1*ISNUMBER(FIND("R",D28:J28)))} -> 1 | BJ28: {=SUMPRODUCT(1*ISNUMBER(FIND("R",K28:Q28)))} -> 0 | BK28: {=SUMPRODUCT(1*ISNUMBER(FIND("R",R28:X28)))} -> 0 | BL28: {=SUMPRODUCT(1*ISNUMBER(FIND("R",Y28:AE28)))} -> 0 | BM28: {=SUMPRODUCT(1*ISNUMBER(FIND("R",AF28:AL28)))} -> 0 | BN28: =SUM(AV28:BG28) -> 10 | BP28: 10 | BQ28: {=SUMPRODUCT(1*ISNUMBER(FIND("P",K28:AL28)))-SUMPRODUCT(1*ISNUMBER(FIND("午P",K28:AL28)))} -> 0
B29: T02498 | C29: 張芯瑜 | D29: 01中A | E29: 01午B1 | F29: 01午B1 | G29: r' | H29: 01午B2 | I29: 01午B1 | J29: R | K29: 長假 | L29: 長假 | M29: 長假 | N29: 長假 | O29: 長假 | P29: 長假 | AM29: =BP29+BQ29 -> 9 | AN29: 2 | AO29: 2 | AP29: 4 | AQ29: 4 | AR29: =COUNTIF(K29:X29,"r'*") -> 0 | AS29: =COUNTIF(K29:X29,"R") -> 0 | AT29: =8-AN29-AP29-AR29 -> 2 | AU29: =8-AO29-AQ29-AS29 -> 2 | AV29: =COUNTIF(E29:AH29,"*早*")-AW29 -> 0 | AW29: =COUNTIF(E29:AH29,"*早A") -> 0 | AX29: =COUNTIF(E29:AH29,"*中*") -> 0 | AY29: =COUNTIF(E29:AH29,"*午*")-AZ29 -> 4 | AZ29: =COUNTIF(E29:AH29,"*午F") -> 0 | BA29: =COUNTIF(E29:AH29,"*夜*") -> 0 | BB29: =COUNTIF(E29:AH29,"*T*") -> 0 | BC29: =COUNTIF(E29:AH29,"*日*") -> 0 | BD29: =COUNTIF(E29:AH29,"L") -> 0 | BE29: {=SUMPRODUCT(1*ISNUMBER(FIND("R",E29:AH29)))} -> 1 | BF29: {=SUMPRODUCT(1*ISNUMBER(FIND("r",E29:AH29)))} -> 1 | BG29: {=SUMPRODUCT(1*ISNUMBER(FIND("P",E29:AH29)))-SUMPRODUCT(1*ISNUMBER(FIND("午P",E29:AH29)))} -> 0 | BH29: =SUM(BE29:BG29) -> 2 | BI29: {=SUMPRODUCT(1*ISNUMBER(FIND("R",D29:J29)))} -> 1 | BJ29: {=SUMPRODUCT(1*ISNUMBER(FIND("R",K29:Q29)))} -> 0 | BK29: {=SUMPRODUCT(1*ISNUMBER(FIND("R",R29:X29)))} -> 0 | BL29: {=SUMPRODUCT(1*ISNUMBER(FIND("R",Y29:AE29)))} -> 0 | BM29: {=SUMPRODUCT(1*ISNUMBER(FIND("R",AF29:AL29)))} -> 0 | BN29: =SUM(AV29:BG29) -> 6 | BP29: 9 | BQ29: {=SUMPRODUCT(1*ISNUMBER(FIND("P",K29:AL29)))-SUMPRODUCT(1*ISNUMBER(FIND("午P",K29:AL29)))} -> 0
B30: T02612 | C30: 蕭曉琦 | D30: R | E30: 01早B1 | F30: 01早B2 | G30: 01午B1 | H30: r' | I30: r' | J30: 01早B1 | R30: R | AF30: R | AM30: =BP30+BQ30 -> 8 | AN30: 2 | AO30: 2 | AP30: 4 | AQ30: 4 | AR30: =COUNTIF(K30:X30,"r'*") -> 0 | AS30: =COUNTIF(K30:X30,"R") -> 1 | AT30: =8-AN30-AP30-AR30 -> 2 | AU30: =8-AO30-AQ30-AS30 -> 1 | AV30: =COUNTIF(E30:AH30,"*早*")-AW30 -> 3 | AW30: =COUNTIF(E30:AH30,"*早A") -> 0 | AX30: =COUNTIF(E30:AH30,"*中*") -> 0 | AY30: =COUNTIF(E30:AH30,"*午*")-AZ30 -> 1 | AZ30: =COUNTIF(E30:AH30,"*午F") -> 0 | BA30: =COUNTIF(E30:AH30,"*夜*") -> 0 | BB30: =COUNTIF(E30:AH30,"*T*") -> 0 | BC30: =COUNTIF(E30:AH30,"*日*") -> 0 | BD30: =COUNTIF(E30:AH30,"L") -> 0 | BE30: {=SUMPRODUCT(1*ISNUMBER(FIND("R",E30:AH30)))} -> 2 | BF30: {=SUMPRODUCT(1*ISNUMBER(FIND("r",E30:AH30)))} -> 2 | BG30: {=SUMPRODUCT(1*ISNUMBER(FIND("P",E30:AH30)))-SUMPRODUCT(1*ISNUMBER(FIND("午P",E30:AH30)))} -> 0 | BH30: =SUM(BE30:BG30) -> 4 | BI30: {=SUMPRODUCT(1*ISNUMBER(FIND("R",D30:J30)))} -> 1 | BJ30: {=SUMPRODUCT(1*ISNUMBER(FIND("R",K30:Q30)))} -> 0 | BK30: {=SUMPRODUCT(1*ISNUMBER(FIND("R",R30:X30)))} -> 1 | BL30: {=SUMPRODUCT(1*ISNUMBER(FIND("R",Y30:AE30)))} -> 0 | BM30: {=SUMPRODUCT(1*ISNUMBER(FIND("R",AF30:AL30)))} -> 1 | BN30: =SUM(AV30:BG30) -> 8 | BP30: 8 | BQ30: {=SUMPRODUCT(1*ISNUMBER(FIND("P",K30:AL30)))-SUMPRODUCT(1*ISNUMBER(FIND("午P",K30:AL30)))} -> 0
B31: T02613 | C31: 張雅荃 | D31: 01午B2 | E31: 01中A | F31: R | G31: 01午B1 | H31: 01午B2 | I31: r' | J31: 01午B2 | U31: R | AE31: R | AF31: r' | AK31: r' | AM31: =BP31+BQ31 -> 8 | AN31: 2 | AO31: 2 | AP31: 4 | AQ31: 4 | AR31: =COUNTIF(K31:X31,"r'*") -> 0 | AS31: =COUNTIF(K31:X31,"R") -> 1 | AT31: =8-AN31-AP31-AR31 -> 2 | AU31: =8-AO31-AQ31-AS31 -> 1 | AV31: =COUNTIF(E31:AH31,"*早*")-AW31 -> 0 | AW31: =COUNTIF(E31:AH31,"*早A") -> 0 | AX31: =COUNTIF(E31:AH31,"*中*") -> 1 | AY31: =COUNTIF(E31:AH31,"*午*")-AZ31 -> 3 | AZ31: =COUNTIF(E31:AH31,"*午F") -> 0 | BA31: =COUNTIF(E31:AH31,"*夜*") -> 0 | BB31: =COUNTIF(E31:AH31,"*T*") -> 0 | BC31: =COUNTIF(E31:AH31,"*日*") -> 0 | BD31: =COUNTIF(E31:AH31,"L") -> 0 | BE31: {=SUMPRODUCT(1*ISNUMBER(FIND("R",E31:AH31)))} -> 3 | BF31: {=SUMPRODUCT(1*ISNUMBER(FIND("r",E31:AH31)))} -> 2 | BG31: {=SUMPRODUCT(1*ISNUMBER(FIND("P",E31:AH31)))-SUMPRODUCT(1*ISNUMBER(FIND("午P",E31:AH31)))} -> 0 | BH31: =SUM(BE31:BG31) -> 5 | BI31: {=SUMPRODUCT(1*ISNUMBER(FIND("R",D31:J31)))} -> 1 | BJ31: {=SUMPRODUCT(1*ISNUMBER(FIND("R",K31:Q31)))} -> 0 | BK31: {=SUMPRODUCT(1*ISNUMBER(FIND("R",R31:X31)))} -> 1 | BL31: {=SUMPRODUCT(1*ISNUMBER(FIND("R",Y31:AE31)))} -> 1 | BM31: {=SUMPRODUCT(1*ISNUMBER(FIND("R",AF31:AL31)))} -> 0 | BN31: =SUM(AV31:BG31) -> 9 | BP31: 8 | BQ31: {=SUMPRODUCT(1*ISNUMBER(FIND("P",K31:AL31)))-SUMPRODUCT(1*ISNUMBER(FIND("午P",K31:AL31)))} -> 0
A32: A2 | B32: T00489 | C32: 吳珮伃 | D32: L | E32: R | F32: 02午 | G32: 02午 | H32: 02午 | I32: r' | J32: 02午 | V32: 長假 | W32: 長假 | X32: 長假 | Y32: 長假 | Z32: 長假 | AA32: 長假 | AB32: 長假 | AC32: 長假 | AD32: 長假 | AM32: =BP32+BQ32 -> 10 | AN32: 2 | AO32: 2 | AP32: 5 | AQ32: 4 | AR32: =COUNTIF(K32:X32,"r'*") -> 0 | AS32: =COUNTIF(K32:X32,"R") -> 0 | AT32: =8-AN32-AP32-AR32 -> 1 | AU32: =8-AO32-AQ32-AS32 -> 2 | AV32: =COUNTIF(E32:AH32,"*早*")-AW32 -> 0 | AW32: =COUNTIF(E32:AH32,"*早A") -> 0 | AX32: =COUNTIF(E32:AH32,"*中*") -> 0 | AY32: =COUNTIF(E32:AH32,"*午*")-AZ32 -> 4 | AZ32: =COUNTIF(E32:AH32,"*午F") -> 0 | BA32: =COUNTIF(E32:AH32,"*夜*") -> 0 | BB32: =COUNTIF(E32:AH32,"*T*") -> 0 | BC32: =COUNTIF(E32:AH32,"*日*") -> 0 | BD32: =COUNTIF(E32:AH32,"L") -> 0 | BE32: {=SUMPRODUCT(1*ISNUMBER(FIND("R",E32:AH32)))} -> 1 | BF32: {=SUMPRODUCT(1*ISNUMBER(FIND("r",E32:AH32)))} -> 1 | BG32: {=SUMPRODUCT(1*ISNUMBER(FIND("P",E32:AH32)))-SUMPRODUCT(1*ISNUMBER(FIND("午P",E32:AH32)))} -> 0 | BH32: =SUM(BE32:BG32) -> 2 | BI32: {=SUMPRODUCT(1*ISNUMBER(FIND("R",D32:J32)))} -> 1 | BJ32: {=SUMPRODUCT(1*ISNUMBER(FIND("R",K32:Q32)))} -> 0 | BK32: {=SUMPRODUCT(1*ISNUMBER(FIND("R",R32:X32)))} -> 0 | BL32: {=SUMPRODUCT(1*ISNUMBER(FIND("R",Y32:AE32)))} -> 0 | BM32: {=SUMPRODUCT(1*ISNUMBER(FIND("R",AF32:AL32)))} -> 0 | BN32: =SUM(AV32:BG32) -> 6 | BP32: 10 | BQ32: {=SUMPRODUCT(1*ISNUMBER(FIND("P",K32:AL32)))-SUMPRODUCT(1*ISNUMBER(FIND("午P",K32:AL32)))} -> 0
B33: T00523 | C33: 鄭翰鴻 | D33: 02午 | E33: 02午 | F33: P | G33: R | H33: 02早 | I33: 02早 | J33: 02早 | AM33: =BP33+BQ33 -> 10 | AN33: 3 | AO33: 2 | AP33: 5 | AQ33: 4 | AR33: =COUNTIF(K33:X33,"r'*") -> 0 | AS33: =COUNTIF(K33:X33,"R") -> 0 | AT33: =8-AN33-AP33-AR33 -> 0 | AU33: =8-AO33-AQ33-AS33 -> 2 | AV33: =COUNTIF(E33:AH33,"*早*")-AW33 -> 3 | AW33: =COUNTIF(E33:AH33,"*早A") -> 0 | AX33: =COUNTIF(E33:AH33,"*中*") -> 0 | AY33: =COUNTIF(E33:AH33,"*午*")-AZ33 -> 1 | AZ33: =COUNTIF(E33:AH33,"*午F") -> 0 | BA33: =COUNTIF(E33:AH33,"*夜*") -> 0 | BB33: =COUNTIF(E33:AH33,"*T*") -> 0 | BC33: =COUNTIF(E33:AH33,"*日*") -> 0 | BD33: =COUNTIF(E33:AH33,"L") -> 0 | BE33: {=SUMPRODUCT(1*ISNUMBER(FIND("R",E33:AH33)))} -> 1 | BF33: {=SUMPRODUCT(1*ISNUMBER(FIND("r",E33:AH33)))} -> 0 | BG33: {=SUMPRODUCT(1*ISNUMBER(FIND("P",E33:AH33)))-SUMPRODUCT(1*ISNUMBER(FIND("午P",E33:AH33)))} -> 1 | BH33: =SUM(BE33:BG33) -> 2 | BI33: {=SUMPRODUCT(1*ISNUMBER(FIND("R",D33:J33)))} -> 1 | BJ33: {=SUMPRODUCT(1*ISNUMBER(FIND("R",K33:Q33)))} -> 0 | BK33: {=SUMPRODUCT(1*ISNUMBER(FIND("R",R33:X33)))} -> 0 | BL33: {=SUMPRODUCT(1*ISNUMBER(FIND("R",Y33:AE33)))} -> 0 | BM33: {=SUMPRODUCT(1*ISNUMBER(FIND("R",AF33:AL33)))} -> 0 | BN33: =SUM(AV33:BG33) -> 6 | BP33: 10 | BQ33: {=SUMPRODUCT(1*ISNUMBER(FIND("P",K33:AL33)))-SUMPRODUCT(1*ISNUMBER(FIND("午P",K33:AL33)))} -> 0
B34: T00899 | C34: 陳炘玉 | D34: r' | E34: R | F34: r' | G34: 02夜 | H34: 02夜 | I34: 02夜 | J34: 02夜 | AI34: 長假 | AJ34: 長假 | AK34: 長假 | AL34: 長假 | AM34: =BP34+BQ34 -> 9 | AN34: 2 | AO34: 2 | AP34: 4 | AQ34: 4 | AR34: =COUNTIF(K34:X34,"r'*") -> 0 | AS34: =COUNTIF(K34:X34,"R") -> 0 | AT34: =8-AN34-AP34-AR34 -> 2 | AU34: =8-AO34-AQ34-AS34 -> 2 | AV34: =COUNTIF(E34:AH34,"*早*")-AW34 -> 0 | AW34: =COUNTIF(E34:AH34,"*早A") -> 0 | AX34: =COUNTIF(E34:AH34,"*中*") -> 0 | AY34: =COUNTIF(E34:AH34,"*午*")-AZ34 -> 0 | AZ34: =COUNTIF(E34:AH34,"*午F") -> 0 | BA34: =COUNTIF(E34:AH34,"*夜*") -> 4 | BB34: =COUNTIF(E34:AH34,"*T*") -> 0 | BC34: =COUNTIF(E34:AH34,"*日*") -> 0 | BD34: =COUNTIF(E34:AH34,"L") -> 0 | BE34: {=SUMPRODUCT(1*ISNUMBER(FIND("R",E34:AH34)))} -> 1 | BF34: {=SUMPRODUCT(1*ISNUMBER(FIND("r",E34:AH34)))} -> 1 | BG34: {=SUMPRODUCT(1*ISNUMBER(FIND("P",E34:AH34)))-SUMPRODUCT(1*ISNUMBER(FIND("午P",E34:AH34)))} -> 0 | BH34: =SUM(BE34:BG34) -> 2 | BI34: {=SUMPRODUCT(1*ISNUMBER(FIND("R",D34:J34)))} -> 1 | BJ34: {=SUMPRODUCT(1*ISNUMBER(FIND("R",K34:Q34)))} -> 0 | BK34: {=SUMPRODUCT(1*ISNUMBER(FIND("R",R34:X34)))} -> 0 | BL34: {=SUMPRODUCT(1*ISNUMBER(FIND("R",Y34:AE34)))} -> 0 | BM34: {=SUMPRODUCT(1*ISNUMBER(FIND("R",AF34:AL34)))} -> 0 | BN34: =SUM(AV34:BG34) -> 6 | BP34: 9 | BQ34: {=SUMPRODUCT(1*ISNUMBER(FIND("P",K34:AL34)))-SUMPRODUCT(1*ISNUMBER(FIND("午P",K34:AL34)))} -> 0
B35: T01025 | C35: 卓子揚 | D35: 02早 | E35: 02早 | F35: 02早 | G35: 02早 | H35: 01日(講師) | I35: r' | J35: R | N35: 長假 | O35: 長假 | P35: 長假 | Q35: 長假 | R35: 長假 | AM35: =BP35+BQ35 -> 10 | AN35: 2 | AO35: 2 | AP35: 4 | AQ35: 4 | AR35: =COUNTIF(K35:X35,"r'*") -> 0 | AS35: =COUNTIF(K35:X35,"R") -> 0 | AT35: =8-AN35-AP35-AR35 -> 2 | AU35: =8-AO35-AQ35-AS35 -> 2 | AV35: =COUNTIF(E35:AH35,"*早*")-AW35 -> 3 | AW35: =COUNTIF(E35:AH35,"*早A") -> 0 | AX35: =COUNTIF(E35:AH35,"*中*") -> 0 | AY35: =COUNTIF(E35:AH35,"*午*")-AZ35 -> 0 | AZ35: =COUNTIF(E35:AH35,"*午F") -> 0 | BA35: =COUNTIF(E35:AH35,"*夜*") -> 0 | BB35: =COUNTIF(E35:AH35,"*T*") -> 0 | BC35: =COUNTIF(E35:AH35,"*日*") -> 1 | BD35: =COUNTIF(E35:AH35,"L") -> 0 | BE35: {=SUMPRODUCT(1*ISNUMBER(FIND("R",E35:AH35)))} -> 1 | BF35: {=SUMPRODUCT(1*ISNUMBER(FIND("r",E35:AH35)))} -> 1 | BG35: {=SUMPRODUCT(1*ISNUMBER(FIND("P",E35:AH35)))-SUMPRODUCT(1*ISNUMBER(FIND("午P",E35:AH35)))} -> 0 | BH35: =SUM(BE35:BG35) -> 2 | BI35: {=SUMPRODUCT(1*ISNUMBER(FIND("R",D35:J35)))} -> 1 | BJ35: {=SUMPRODUCT(1*ISNUMBER(FIND("R",K35:Q35)))} -> 0 | BK35: {=SUMPRODUCT(1*ISNUMBER(FIND("R",R35:X35)))} -> 0 | BL35: {=SUMPRODUCT(1*ISNUMBER(FIND("R",Y35:AE35)))} -> 0 | BM35: {=SUMPRODUCT(1*ISNUMBER(FIND("R",AF35:AL35)))} -> 0 | BN35: =SUM(AV35:BG35) -> 6 | BP35: 10 | BQ35: {=SUMPRODUCT(1*ISNUMBER(FIND("P",K35:AL35)))-SUMPRODUCT(1*ISNUMBER(FIND("午P",K35:AL35)))} -> 0
B36: T02510 | C36: 張詠迎 | D36: 02夜 | E36: 02夜 | F36: 02夜 | G36: R | H36: P | I36: 02午 | J36: r' | K36: 長假 | L36: 長假 | M36: 長假 | N36: 長假 | O36: 長假 | AM36: =BP36+BQ36 -> 9 | AN36: 2 | AO36: 2 | AP36: 5 | AQ36: 4 | AR36: =COUNTIF(K36:X36,"r'*") -> 0 | AS36: =COUNTIF(K36:X36,"R") -> 0 | AT36: =8-AN36-AP36-AR36 -> 1 | AU36: =8-AO36-AQ36-AS36 -> 2 | AV36: =COUNTIF(E36:AH36,"*早*")-AW36 -> 0 | AW36: =COUNTIF(E36:AH36,"*早A") -> 0 | AX36: =COUNTIF(E36:AH36,"*中*") -> 0 | AY36: =COUNTIF(E36:AH36,"*午*")-AZ36 -> 1 | AZ36: =COUNTIF(E36:AH36,"*午F") -> 0 | BA36: =COUNTIF(E36:AH36,"*夜*") -> 2 | BB36: =COUNTIF(E36:AH36,"*T*") -> 0 | BC36: =COUNTIF(E36:AH36,"*日*") -> 0 | BD36: =COUNTIF(E36:AH36,"L") -> 0 | BE36: {=SUMPRODUCT(1*ISNUMBER(FIND("R",E36:AH36)))} -> 1 | BF36: {=SUMPRODUCT(1*ISNUMBER(FIND("r",E36:AH36)))} -> 1 | BG36: {=SUMPRODUCT(1*ISNUMBER(FIND("P",E36:AH36)))-SUMPRODUCT(1*ISNUMBER(FIND("午P",E36:AH36)))} -> 1 | BH36: =SUM(BE36:BG36) -> 3 | BI36: {=SUMPRODUCT(1*ISNUMBER(FIND("R",D36:J36)))} -> 1 | BJ36: {=SUMPRODUCT(1*ISNUMBER(FIND("R",K36:Q36)))} -> 0 | BK36: {=SUMPRODUCT(1*ISNUMBER(FIND("R",R36:X36)))} -> 0 | BL36: {=SUMPRODUCT(1*ISNUMBER(FIND("R",Y36:AE36)))} -> 0 | BM36: {=SUMPRODUCT(1*ISNUMBER(FIND("R",AF36:AL36)))} -> 0 | BN36: =SUM(AV36:BG36) -> 6 | BP36: 9 | BQ36: {=SUMPRODUCT(1*ISNUMBER(FIND("P",K36:AL36)))-SUMPRODUCT(1*ISNUMBER(FIND("午P",K36:AL36)))} -> 0
B37: T00510 | C37: 郭凌毓 | D37: R | E37: L | F37: L | G37: L | H37: L | I37: L | J37: r' | AM37: =BP37+BQ37 -> 11 | AN37: 2 | AO37: 2 | AP37: 4 | AQ37: 4 | AR37: =COUNTIF(K37:X37,"r'*") -> 0 | AS37: =COUNTIF(K37:X37,"R") -> 0 | AT37: =8-AN37-AP37-AR37 -> 2 | AU37: =8-AO37-AQ37-AS37 -> 2 | AV37: =COUNTIF(E37:AH37,"*早*")-AW37 -> 0 | AW37: =COUNTIF(E37:AH37,"*早A") -> 0 | AX37: =COUNTIF(E37:AH37,"*中*") -> 0 | AY37: =COUNTIF(E37:AH37,"*午*")-AZ37 -> 0 | AZ37: =COUNTIF(E37:AH37,"*午F") -> 0 | BA37: =COUNTIF(E37:AH37,"*夜*") -> 0 | BB37: =COUNTIF(E37:AH37,"*T*") -> 0 | BC37: =COUNTIF(E37:AH37,"*日*") -> 0 | BD37: =COUNTIF(E37:AH37,"L") -> 5 | BE37: {=SUMPRODUCT(1*ISNUMBER(FIND("R",E37:AH37)))} -> 0 | BF37: {=SUMPRODUCT(1*ISNUMBER(FIND("r",E37:AH37)))} -> 1 | BG37: {=SUMPRODUCT(1*ISNUMBER(FIND("P",E37:AH37)))-SUMPRODUCT(1*ISNUMBER(FIND("午P",E37:AH37)))} -> 0 | BH37: =SUM(BE37:BG37) -> 1 | BI37: {=SUMPRODUCT(1*ISNUMBER(FIND("R",D37:J37)))} -> 1 | BJ37: {=SUMPRODUCT(1*ISNUMBER(FIND("R",K37:Q37)))} -> 0 | BK37: {=SUMPRODUCT(1*ISNUMBER(FIND("R",R37:X37)))} -> 0 | BL37: {=SUMPRODUCT(1*ISNUMBER(FIND("R",Y37:AE37)))} -> 0 | BM37: {=SUMPRODUCT(1*ISNUMBER(FIND("R",AF37:AL37)))} -> 0 | BN37: =SUM(AV37:BG37) -> 6 | BP37: 11 | BQ37: {=SUMPRODUCT(1*ISNUMBER(FIND("P",K37:AL37)))-SUMPRODUCT(1*ISNUMBER(FIND("午P",K37:AL37)))} -> 0
B38: T01264 | C38: 高子翔 | D38: R | E38: r' | F38: 02早 | G38: 02早 | H38: r' | I38: P | J38: 02早 | AA38: 勞安訓 | AM38: =BP38+BQ38 -> 7 | AN38: 2 | AO38: 2 | AP38: 4 | AQ38: 4 | AR38: =COUNTIF(K38:X38,"r'*") -> 0 | AS38: =COUNTIF(K38:X38,"R") -> 0 | AT38: =8-AN38-AP38-AR38 -> 2 | AU38: =8-AO38-AQ38-AS38 -> 2 | AV38: =COUNTIF(E38:AH38,"*早*")-AW38 -> 3 | AW38: =COUNTIF(E38:AH38,"*早A") -> 0 | AX38: =COUNTIF(E38:AH38,"*中*") -> 0 | AY38: =COUNTIF(E38:AH38,"*午*")-AZ38 -> 0 | AZ38: =COUNTIF(E38:AH38,"*午F") -> 0 | BA38: =COUNTIF(E38:AH38,"*夜*") -> 0 | BB38: =COUNTIF(E38:AH38,"*T*") -> 0 | BC38: =COUNTIF(E38:AH38,"*日*") -> 0 | BD38: =COUNTIF(E38:AH38,"L") -> 0 | BE38: {=SUMPRODUCT(1*ISNUMBER(FIND("R",E38:AH38)))} -> 0 | BF38: {=SUMPRODUCT(1*ISNUMBER(FIND("r",E38:AH38)))} -> 2 | BG38: {=SUMPRODUCT(1*ISNUMBER(FIND("P",E38:AH38)))-SUMPRODUCT(1*ISNUMBER(FIND("午P",E38:AH38)))} -> 1 | BH38: =SUM(BE38:BG38) -> 3 | BI38: {=SUMPRODUCT(1*ISNUMBER(FIND("R",D38:J38)))} -> 1 | BJ38: {=SUMPRODUCT(1*ISNUMBER(FIND("R",K38:Q38)))} -> 0 | BK38: {=SUMPRODUCT(1*ISNUMBER(FIND("R",R38:X38)))} -> 0 | BL38: {=SUMPRODUCT(1*ISNUMBER(FIND("R",Y38:AE38)))} -> 0 | BM38: {=SUMPRODUCT(1*ISNUMBER(FIND("R",AF38:AL38)))} -> 0 | BN38: =SUM(AV38:BG38) -> 6 | BP38: 7 | BQ38: {=SUMPRODUCT(1*ISNUMBER(FIND("P",K38:AL38)))-SUMPRODUCT(1*ISNUMBER(FIND("午P",K38:AL38)))} -> 0
B39: T01746 | C39: 古佩宜 | D39: 02午 | E39: P | F39: r' | G39: 02午 | H39: 02午 | I39: R | J39: r' | AL39: 長假 | AM39: =BP39+BQ39 -> 8 | AN39: 2 | AO39: 2 | AP39: 4 | AQ39: 4 | AR39: =COUNTIF(K39:X39,"r'*") -> 0 | AS39: =COUNTIF(K39:X39,"R") -> 0 | AT39: =8-AN39-AP39-AR39 -> 2 | AU39: =8-AO39-AQ39-AS39 -> 2 | AV39: =COUNTIF(E39:AH39,"*早*")-AW39 -> 0 | AW39: =COUNTIF(E39:AH39,"*早A") -> 0 | AX39: =COUNTIF(E39:AH39,"*中*") -> 0 | AY39: =COUNTIF(E39:AH39,"*午*")-AZ39 -> 2 | AZ39: =COUNTIF(E39:AH39,"*午F") -> 0 | BA39: =COUNTIF(E39:AH39,"*夜*") -> 0 | BB39: =COUNTIF(E39:AH39,"*T*") -> 0 | BC39: =COUNTIF(E39:AH39,"*日*") -> 0 | BD39: =COUNTIF(E39:AH39,"L") -> 0 | BE39: {=SUMPRODUCT(1*ISNUMBER(FIND("R",E39:AH39)))} -> 1 | BF39: {=SUMPRODUCT(1*ISNUMBER(FIND("r",E39:AH39)))} -> 2 | BG39: {=SUMPRODUCT(1*ISNUMBER(FIND("P",E39:AH39)))-SUMPRODUCT(1*ISNUMBER(FIND("午P",E39:AH39)))} -> 1 | BH39: =SUM(BE39:BG39) -> 4 | BI39: {=SUMPRODUCT(1*ISNUMBER(FIND("R",D39:J39)))} -> 1 | BJ39: {=SUMPRODUCT(1*ISNUMBER(FIND("R",K39:Q39)))} -> 0 | BK39: {=SUMPRODUCT(1*ISNUMBER(FIND("R",R39:X39)))} -> 0 | BL39: {=SUMPRODUCT(1*ISNUMBER(FIND("R",Y39:AE39)))} -> 0 | BM39: {=SUMPRODUCT(1*ISNUMBER(FIND("R",AF39:AL39)))} -> 0 | BN39: =SUM(AV39:BG39) -> 6 | BP39: 8 | BQ39: {=SUMPRODUCT(1*ISNUMBER(FIND("P",K39:AL39)))-SUMPRODUCT(1*ISNUMBER(FIND("午P",K39:AL39)))} -> 0
B40: T01865 | C40: 顏志宇 | D40: 02早 | E40: 02早 | F40: 02午 | G40: R | H40: 02早 | I40: 02午 | J40: 02午 | AM40: =BP40+BQ40 -> 8 | AN40: 2 | AO40: 2 | AP40: 5 | AQ40: 4 | AR40: =COUNTIF(K40:X40,"r'*") -> 0 | AS40: =COUNTIF(K40:X40,"R") -> 0 | AT40: =8-AN40-AP40-AR40 -> 1 | AU40: =8-AO40-AQ40-AS40 -> 2 | AV40: =COUNTIF(E40:AH40,"*早*")-AW40 -> 2 | AW40: =COUNTIF(E40:AH40,"*早A") -> 0 | AX40: =COUNTIF(E40:AH40,"*中*") -> 0 | AY40: =COUNTIF(E40:AH40,"*午*")-AZ40 -> 3 | AZ40: =COUNTIF(E40:AH40,"*午F") -> 0 | BA40: =COUNTIF(E40:AH40,"*夜*") -> 0 | BB40: =COUNTIF(E40:AH40,"*T*") -> 0 | BC40: =COUNTIF(E40:AH40,"*日*") -> 0 | BD40: =COUNTIF(E40:AH40,"L") -> 0 | BE40: {=SUMPRODUCT(1*ISNUMBER(FIND("R",E40:AH40)))} -> 1 | BF40: {=SUMPRODUCT(1*ISNUMBER(FIND("r",E40:AH40)))} -> 0 | BG40: {=SUMPRODUCT(1*ISNUMBER(FIND("P",E40:AH40)))-SUMPRODUCT(1*ISNUMBER(FIND("午P",E40:AH40)))} -> 0 | BH40: =SUM(BE40:BG40) -> 1 | BI40: {=SUMPRODUCT(1*ISNUMBER(FIND("R",D40:J40)))} -> 1 | BJ40: {=SUMPRODUCT(1*ISNUMBER(FIND("R",K40:Q40)))} -> 0 | BK40: {=SUMPRODUCT(1*ISNUMBER(FIND("R",R40:X40)))} -> 0 | BL40: {=SUMPRODUCT(1*ISNUMBER(FIND("R",Y40:AE40)))} -> 0 | BM40: {=SUMPRODUCT(1*ISNUMBER(FIND("R",AF40:AL40)))} -> 0 | BN40: =SUM(AV40:BG40) -> 6 | BP40: 8 | BQ40: {=SUMPRODUCT(1*ISNUMBER(FIND("P",K40:AL40)))-SUMPRODUCT(1*ISNUMBER(FIND("午P",K40:AL40)))} -> 0
A41: A3 | B41: T00806 | C41: 郭育瑋 | D41: r'(03午) | E41: 03午 | F41: 03午 | G41: 03午 | H41: 03午 | I41: L | J41: R | AM41: =BP41+BQ41 -> 9 | AN41: 2 | AO41: 2 | AP41: 4 | AQ41: 4 | AR41: =COUNTIF(K41:X41,"r'*") -> 0 | AS41: =COUNTIF(K41:X41,"R") -> 0 | AT41: =8-AN41-AP41-AR41 -> 2 | AU41: =8-AO41-AQ41-AS41 -> 2 | AV41: =COUNTIF(E41:AH41,"*早*")-AW41 -> 0 | AW41: =COUNTIF(E41:AH41,"*早A") -> 0 | AX41: =COUNTIF(E41:AH41,"*中*") -> 0 | AY41: =COUNTIF(E41:AH41,"*午*")-AZ41 -> 4 | AZ41: =COUNTIF(E41:AH41,"*午F") -> 0 | BA41: =COUNTIF(E41:AH41,"*夜*") -> 0 | BB41: =COUNTIF(E41:AH41,"*T*") -> 0 | BC41: =COUNTIF(E41:AH41,"*日*") -> 0 | BD41: =COUNTIF(E41:AH41,"L") -> 1 | BE41: {=SUMPRODUCT(1*ISNUMBER(FIND("R",E41:AH41)))} -> 1 | BF41: {=SUMPRODUCT(1*ISNUMBER(FIND("r",E41:AH41)))} -> 0 | BG41: {=SUMPRODUCT(1*ISNUMBER(FIND("P",E41:AH41)))-SUMPRODUCT(1*ISNUMBER(FIND("午P",E41:AH41)))} -> 0 | BH41: =SUM(BE41:BG41) -> 1 | BI41: {=SUMPRODUCT(1*ISNUMBER(FIND("R",D41:J41)))} -> 1 | BJ41: {=SUMPRODUCT(1*ISNUMBER(FIND("R",K41:Q41)))} -> 0 | BK41: {=SUMPRODUCT(1*ISNUMBER(FIND("R",R41:X41)))} -> 0 | BL41: {=SUMPRODUCT(1*ISNUMBER(FIND("R",Y41:AE41)))} -> 0 | BM41: {=SUMPRODUCT(1*ISNUMBER(FIND("R",AF41:AL41)))} -> 0 | BN41: =SUM(AV41:BG41) -> 6 | BP41: 9 | BQ41: {=SUMPRODUCT(1*ISNUMBER(FIND("P",K41:AL41)))-SUMPRODUCT(1*ISNUMBER(FIND("午P",K41:AL41)))} -> 0
B42: T01864 | C42: 謝宗昇 | D42: r' | E42: R | F42: 03早 | G42: 03早 | H42: 03早 | I42: 03午 | J42: 03午 | AM42: =BP42+BQ42 -> 9 | AN42: 2 | AO42: 2 | AP42: 4 | AQ42: 4 | AR42: =COUNTIF(K42:X42,"r'*") -> 0 | AS42: =COUNTIF(K42:X42,"R") -> 0 | AT42: =8-AN42-AP42-AR42 -> 2 | AU42: =8-AO42-AQ42-AS42 -> 2 | AV42: =COUNTIF(E42:AH42,"*早*")-AW42 -> 3 | AW42: =COUNTIF(E42:AH42,"*早A") -> 0 | AX42: =COUNTIF(E42:AH42,"*中*") -> 0 | AY42: =COUNTIF(E42:AH42,"*午*")-AZ42 -> 2 | AZ42: =COUNTIF(E42:AH42,"*午F") -> 0 | BA42: =COUNTIF(E42:AH42,"*夜*") -> 0 | BB42: =COUNTIF(E42:AH42,"*T*") -> 0 | BC42: =COUNTIF(E42:AH42,"*日*") -> 0 | BD42: =COUNTIF(E42:AH42,"L") -> 0 | BE42: {=SUMPRODUCT(1*ISNUMBER(FIND("R",E42:AH42)))} -> 1 | BF42: {=SUMPRODUCT(1*ISNUMBER(FIND("r",E42:AH42)))} -> 0 | BG42: {=SUMPRODUCT(1*ISNUMBER(FIND("P",E42:AH42)))-SUMPRODUCT(1*ISNUMBER(FIND("午P",E42:AH42)))} -> 0 | BH42: =SUM(BE42:BG42) -> 1 | BI42: {=SUMPRODUCT(1*ISNUMBER(FIND("R",D42:J42)))} -> 1 | BJ42: {=SUMPRODUCT(1*ISNUMBER(FIND("R",K42:Q42)))} -> 0 | BK42: {=SUMPRODUCT(1*ISNUMBER(FIND("R",R42:X42)))} -> 0 | BL42: {=SUMPRODUCT(1*ISNUMBER(FIND("R",Y42:AE42)))} -> 0 | BM42: {=SUMPRODUCT(1*ISNUMBER(FIND("R",AF42:AL42)))} -> 0 | BN42: =SUM(AV42:BG42) -> 6 | BP42: 9 | BQ42: {=SUMPRODUCT(1*ISNUMBER(FIND("P",K42:AL42)))-SUMPRODUCT(1*ISNUMBER(FIND("午P",K42:AL42)))} -> 0
B43: T02503 | C43: 蘇宸毅 | D43: 03早 | E43: R | F43: 03夜 | G43: 03夜 | H43: 03夜 | I43: 03夜 | J43: 03夜 | AM43: =BP43+BQ43 -> 9 | AN43: 2 | AO43: 2 | AP43: 4 | AQ43: 4 | AR43: =COUNTIF(K43:X43,"r'*") -> 0 | AS43: =COUNTIF(K43:X43,"R") -> 0 | AT43: =8-AN43-AP43-AR43 -> 2 | AU43: =8-AO43-AQ43-AS43 -> 2 | AV43: =COUNTIF(E43:AH43,"*早*")-AW43 -> 0 | AW43: =COUNTIF(E43:AH43,"*早A") -> 0 | AX43: =COUNTIF(E43:AH43,"*中*") -> 0 | AY43: =COUNTIF(E43:AH43,"*午*")-AZ43 -> 0 | AZ43: =COUNTIF(E43:AH43,"*午F") -> 0 | BA43: =COUNTIF(E43:AH43,"*夜*") -> 5 | BB43: =COUNTIF(E43:AH43,"*T*") -> 0 | BC43: =COUNTIF(E43:AH43,"*日*") -> 0 | BD43: =COUNTIF(E43:AH43,"L") -> 0 | BE43: {=SUMPRODUCT(1*ISNUMBER(FIND("R",E43:AH43)))} -> 1 | BF43: {=SUMPRODUCT(1*ISNUMBER(FIND("r",E43:AH43)))} -> 0 | BG43: {=SUMPRODUCT(1*ISNUMBER(FIND("P",E43:AH43)))-SUMPRODUCT(1*ISNUMBER(FIND("午P",E43:AH43)))} -> 0 | BH43: =SUM(BE43:BG43) -> 1 | BI43: {=SUMPRODUCT(1*ISNUMBER(FIND("R",D43:J43)))} -> 1 | BJ43: {=SUMPRODUCT(1*ISNUMBER(FIND("R",K43:Q43)))} -> 0 | BK43: {=SUMPRODUCT(1*ISNUMBER(FIND("R",R43:X43)))} -> 0 | BL43: {=SUMPRODUCT(1*ISNUMBER(FIND("R",Y43:AE43)))} -> 0 | BM43: {=SUMPRODUCT(1*ISNUMBER(FIND("R",AF43:AL43)))} -> 0 | BN43: =SUM(AV43:BG43) -> 6 | BP43: 9 | BQ43: {=SUMPRODUCT(1*ISNUMBER(FIND("P",K43:AL43)))-SUMPRODUCT(1*ISNUMBER(FIND("午P",K43:AL43)))} -> 0
B44: T02509 | C44: 薛朋竹 | D44: 03夜 | E44: 03夜 | F44: R | G44: P | H44: r' | I44: 03早 | J44: 03早 | AM44: =BP44+BQ44 -> 11 | AN44: 2 | AO44: 2 | AP44: 4 | AQ44: 4 | AR44: =COUNTIF(K44:X44,"r'*") -> 0 | AS44: =COUNTIF(K44:X44,"R") -> 0 | AT44: =8-AN44-AP44-AR44 -> 2 | AU44: =8-AO44-AQ44-AS44 -> 2 | AV44: =COUNTIF(E44:AH44,"*早*")-AW44 -> 2 | AW44: =COUNTIF(E44:AH44,"*早A") -> 0 | AX44: =COUNTIF(E44:AH44,"*中*") -> 0 | AY44: =COUNTIF(E44:AH44,"*午*")-AZ44 -> 0 | AZ44: =COUNTIF(E44:AH44,"*午F") -> 0 | BA44: =COUNTIF(E44:AH44,"*夜*") -> 1 | BB44: =COUNTIF(E44:AH44,"*T*") -> 0 | BC44: =COUNTIF(E44:AH44,"*日*") -> 0 | BD44: =COUNTIF(E44:AH44,"L") -> 0 | BE44: {=SUMPRODUCT(1*ISNUMBER(FIND("R",E44:AH44)))} -> 1 | BF44: {=SUMPRODUCT(1*ISNUMBER(FIND("r",E44:AH44)))} -> 1 | BG44: {=SUMPRODUCT(1*ISNUMBER(FIND("P",E44:AH44)))-SUMPRODUCT(1*ISNUMBER(FIND("午P",E44:AH44)))} -> 1 | BH44: =SUM(BE44:BG44) -> 3 | BI44: {=SUMPRODUCT(1*ISNUMBER(FIND("R",D44:J44)))} -> 1 | BJ44: {=SUMPRODUCT(1*ISNUMBER(FIND("R",K44:Q44)))} -> 0 | BK44: {=SUMPRODUCT(1*ISNUMBER(FIND("R",R44:X44)))} -> 0 | BL44: {=SUMPRODUCT(1*ISNUMBER(FIND("R",Y44:AE44)))} -> 0 | BM44: {=SUMPRODUCT(1*ISNUMBER(FIND("R",AF44:AL44)))} -> 0 | BN44: =SUM(AV44:BG44) -> 6 | BP44: 11 | BQ44: {=SUMPRODUCT(1*ISNUMBER(FIND("P",K44:AL44)))-SUMPRODUCT(1*ISNUMBER(FIND("午P",K44:AL44)))} -> 0
B45: T00924 | C45: 鄧宛萍 | D45: r' | E45: R | F45: 03早 | G45: 03午 | H45: 03午 | I45: 03午 | J45: 03午 | X45: 長假 | Y45: 長假 | Z45: 長假 | AA45: 長假 | AB45: 長假 | AC45: 長假 | AD45: 長假 | AE45: 長假 | AF45: 長假 | AG45: 長假 | AM45: =BP45+BQ45 -> 9 | AN45: 2 | AO45: 2 | AP45: 4 | AQ45: 4 | AR45: =COUNTIF(K45:X45,"r'*") -> 0 | AS45: =COUNTIF(K45:X45,"R") -> 0 | AT45: =8-AN45-AP45-AR45 -> 2 | AU45: =8-AO45-AQ45-AS45 -> 2 | AV45: =COUNTIF(E45:AH45,"*早*")-AW45 -> 1 | AW45: =COUNTIF(E45:AH45,"*早A") -> 0 | AX45: =COUNTIF(E45:AH45,"*中*") -> 0 | AY45: =COUNTIF(E45:AH45,"*午*")-AZ45 -> 4 | AZ45: =COUNTIF(E45:AH45,"*午F") -> 0 | BA45: =COUNTIF(E45:AH45,"*夜*") -> 0 | BB45: =COUNTIF(E45:AH45,"*T*") -> 0 | BC45: =COUNTIF(E45:AH45,"*日*") -> 0 | BD45: =COUNTIF(E45:AH45,"L") -> 0 | BE45: {=SUMPRODUCT(1*ISNUMBER(FIND("R",E45:AH45)))} -> 1 | BF45: {=SUMPRODUCT(1*ISNUMBER(FIND("r",E45:AH45)))} -> 0 | BG45: {=SUMPRODUCT(1*ISNUMBER(FIND("P",E45:AH45)))-SUMPRODUCT(1*ISNUMBER(FIND("午P",E45:AH45)))} -> 0 | BH45: =SUM(BE45:BG45) -> 1 | BI45: {=SUMPRODUCT(1*ISNUMBER(FIND("R",D45:J45)))} -> 1 | BJ45: {=SUMPRODUCT(1*ISNUMBER(FIND("R",K45:Q45)))} -> 0 | BK45: {=SUMPRODUCT(1*ISNUMBER(FIND("R",R45:X45)))} -> 0 | BL45: {=SUMPRODUCT(1*ISNUMBER(FIND("R",Y45:AE45)))} -> 0 | BM45: {=SUMPRODUCT(1*ISNUMBER(FIND("R",AF45:AL45)))} -> 0 | BN45: =SUM(AV45:BG45) -> 6 | BP45: 9 | BQ45: {=SUMPRODUCT(1*ISNUMBER(FIND("P",K45:AL45)))-SUMPRODUCT(1*ISNUMBER(FIND("午P",K45:AL45)))} -> 0
B46: T01198 | C46: 許慰音 | D46: P | E46: 03午F | F46: 03午F | G46: 03午F | H46: 03午F | I46: r' | J46: R | AM46: =BP46+BQ46 -> 9 | AN46: 2 | AO46: 2 | AP46: 4 | AQ46: 4 | AR46: =COUNTIF(K46:X46,"r'*") -> 0 | AS46: =COUNTIF(K46:X46,"R") -> 0 | AT46: =8-AN46-AP46-AR46 -> 2 | AU46: =8-AO46-AQ46-AS46 -> 2 | AV46: =COUNTIF(E46:AH46,"*早*")-AW46 -> 0 | AW46: =COUNTIF(E46:AH46,"*早A") -> 0 | AX46: =COUNTIF(E46:AH46,"*中*") -> 0 | AY46: =COUNTIF(E46:AH46,"*午*")-AZ46 -> 0 | AZ46: =COUNTIF(E46:AH46,"*午F") -> 4 | BA46: =COUNTIF(E46:AH46,"*夜*") -> 0 | BB46: =COUNTIF(E46:AH46,"*T*") -> 0 | BC46: =COUNTIF(E46:AH46,"*日*") -> 0 | BD46: =COUNTIF(E46:AH46,"L") -> 0 | BE46: {=SUMPRODUCT(1*ISNUMBER(FIND("R",E46:AH46)))} -> 1 | BF46: {=SUMPRODUCT(1*ISNUMBER(FIND("r",E46:AH46)))} -> 1 | BG46: {=SUMPRODUCT(1*ISNUMBER(FIND("P",E46:AH46)))-SUMPRODUCT(1*ISNUMBER(FIND("午P",E46:AH46)))} -> 0 | BH46: =SUM(BE46:BG46) -> 2 | BI46: {=SUMPRODUCT(1*ISNUMBER(FIND("R",D46:J46)))} -> 1 | BJ46: {=SUMPRODUCT(1*ISNUMBER(FIND("R",K46:Q46)))} -> 0 | BK46: {=SUMPRODUCT(1*ISNUMBER(FIND("R",R46:X46)))} -> 0 | BL46: {=SUMPRODUCT(1*ISNUMBER(FIND("R",Y46:AE46)))} -> 0 | BM46: {=SUMPRODUCT(1*ISNUMBER(FIND("R",AF46:AL46)))} -> 0 | BN46: =SUM(AV46:BG46) -> 6 | BP46: 9 | BQ46: {=SUMPRODUCT(1*ISNUMBER(FIND("P",K46:AL46)))-SUMPRODUCT(1*ISNUMBER(FIND("午P",K46:AL46)))} -> 0
B47: T01260 | C47: 林毓萱 | D47: 03午 | E47: 03午 | F47: R | G47: P | H47: r' | I47: 03早A | J47: 03早 | L47: 長假 | M47: 長假 | N47: 長假 | O47: 長假 | P47: 長假 | Q47: 長假 | R47: 長假 | AM47: =BP47+BQ47 -> 9 | AN47: 2 | AO47: 2 | AP47: 4 | AQ47: 4 | AR47: =COUNTIF(K47:X47,"r'*") -> 0 | AS47: =COUNTIF(K47:X47,"R") -> 0 | AT47: =8-AN47-AP47-AR47 -> 2 | AU47: =8-AO47-AQ47-AS47 -> 2 | AV47: =COUNTIF(E47:AH47,"*早*")-AW47 -> 1 | AW47: =COUNTIF(E47:AH47,"*早A") -> 1 | AX47: =COUNTIF(E47:AH47,"*中*") -> 0 | AY47: =COUNTIF(E47:AH47,"*午*")-AZ47 -> 1 | AZ47: =COUNTIF(E47:AH47,"*午F") -> 0 | BA47: =COUNTIF(E47:AH47,"*夜*") -> 0 | BB47: =COUNTIF(E47:AH47,"*T*") -> 0 | BC47: =COUNTIF(E47:AH47,"*日*") -> 0 | BD47: =COUNTIF(E47:AH47,"L") -> 0 | BE47: {=SUMPRODUCT(1*ISNUMBER(FIND("R",E47:AH47)))} -> 1 | BF47: {=SUMPRODUCT(1*ISNUMBER(FIND("r",E47:AH47)))} -> 1 | BG47: {=SUMPRODUCT(1*ISNUMBER(FIND("P",E47:AH47)))-SUMPRODUCT(1*ISNUMBER(FIND("午P",E47:AH47)))} -> 1 | BH47: =SUM(BE47:BG47) -> 3 | BI47: {=SUMPRODUCT(1*ISNUMBER(FIND("R",D47:J47)))} -> 1 | BJ47: {=SUMPRODUCT(1*ISNUMBER(FIND("R",K47:Q47)))} -> 0 | BK47: {=SUMPRODUCT(1*ISNUMBER(FIND("R",R47:X47)))} -> 0 | BL47: {=SUMPRODUCT(1*ISNUMBER(FIND("R",Y47:AE47)))} -> 0 | BM47: {=SUMPRODUCT(1*ISNUMBER(FIND("R",AF47:AL47)))} -> 0 | BN47: =SUM(AV47:BG47) -> 6 | BP47: 9 | BQ47: {=SUMPRODUCT(1*ISNUMBER(FIND("P",K47:AL47)))-SUMPRODUCT(1*ISNUMBER(FIND("午P",K47:AL47)))} -> 0
B48: T02220 | C48: 曹宇嫺 | D48: 03午F | E48: R | F48: r' | G48: P | H48: 03早A | I48: 03午F | J48: 03午F | AM48: =BP48+BQ48 -> 9 | AN48: 2 | AO48: 2 | AP48: 4 | AQ48: 4 | AR48: =COUNTIF(K48:X48,"r'*") -> 0 | AS48: =COUNTIF(K48:X48,"R") -> 0 | AT48: =8-AN48-AP48-AR48 -> 2 | AU48: =8-AO48-AQ48-AS48 -> 2 | AV48: =COUNTIF(E48:AH48,"*早*")-AW48 -> 0 | AW48: =COUNTIF(E48:AH48,"*早A") -> 1 | AX48: =COUNTIF(E48:AH48,"*中*") -> 0 | AY48: =COUNTIF(E48:AH48,"*午*")-AZ48 -> 0 | AZ48: =COUNTIF(E48:AH48,"*午F") -> 2 | BA48: =COUNTIF(E48:AH48,"*夜*") -> 0 | BB48: =COUNTIF(E48:AH48,"*T*") -> 0 | BC48: =COUNTIF(E48:AH48,"*日*") -> 0 | BD48: =COUNTIF(E48:AH48,"L") -> 0 | BE48: {=SUMPRODUCT(1*ISNUMBER(FIND("R",E48:AH48)))} -> 1 | BF48: {=SUMPRODUCT(1*ISNUMBER(FIND("r",E48:AH48)))} -> 1 | BG48: {=SUMPRODUCT(1*ISNUMBER(FIND("P",E48:AH48)))-SUMPRODUCT(1*ISNUMBER(FIND("午P",E48:AH48)))} -> 1 | BH48: =SUM(BE48:BG48) -> 3 | BI48: {=SUMPRODUCT(1*ISNUMBER(FIND("R",D48:J48)))} -> 1 | BJ48: {=SUMPRODUCT(1*ISNUMBER(FIND("R",K48:Q48)))} -> 0 | BK48: {=SUMPRODUCT(1*ISNUMBER(FIND("R",R48:X48)))} -> 0 | BL48: {=SUMPRODUCT(1*ISNUMBER(FIND("R",Y48:AE48)))} -> 0 | BM48: {=SUMPRODUCT(1*ISNUMBER(FIND("R",AF48:AL48)))} -> 0 | BN48: =SUM(AV48:BG48) -> 6 | BP48: 9 | BQ48: {=SUMPRODUCT(1*ISNUMBER(FIND("P",K48:AL48)))-SUMPRODUCT(1*ISNUMBER(FIND("午P",K48:AL48)))} -> 0
B49: T02221 | C49: 陳彥伶 | D49: 03早 | E49: 03早 | F49: R | G49: P | H49: 03早 | I49: 03早 | J49: r' | AM49: =BP49+BQ49 -> 9 | AN49: 1 | AO49: 2 | AP49: 5 | AQ49: 4 | AR49: =COUNTIF(K49:X49,"r'*") -> 0 | AS49: =COUNTIF(K49:X49,"R") -> 0 | AT49: =8-AN49-AP49-AR49 -> 2 | AU49: =8-AO49-AQ49-AS49 -> 2 | AV49: =COUNTIF(E49:AH49,"*早*")-AW49 -> 3 | AW49: =COUNTIF(E49:AH49,"*早A") -> 0 | AX49: =COUNTIF(E49:AH49,"*中*") -> 0 | AY49: =COUNTIF(E49:AH49,"*午*")-AZ49 -> 0 | AZ49: =COUNTIF(E49:AH49,"*午F") -> 0 | BA49: =COUNTIF(E49:AH49,"*夜*") -> 0 | BB49: =COUNTIF(E49:AH49,"*T*") -> 0 | BC49: =COUNTIF(E49:AH49,"*日*") -> 0 | BD49: =COUNTIF(E49:AH49,"L") -> 0 | BE49: {=SUMPRODUCT(1*ISNUMBER(FIND("R",E49:AH49)))} -> 1 | BF49: {=SUMPRODUCT(1*ISNUMBER(FIND("r",E49:AH49)))} -> 1 | BG49: {=SUMPRODUCT(1*ISNUMBER(FIND("P",E49:AH49)))-SUMPRODUCT(1*ISNUMBER(FIND("午P",E49:AH49)))} -> 1 | BH49: =SUM(BE49:BG49) -> 3 | BI49: {=SUMPRODUCT(1*ISNUMBER(FIND("R",D49:J49)))} -> 1 | BJ49: {=SUMPRODUCT(1*ISNUMBER(FIND("R",K49:Q49)))} -> 0 | BK49: {=SUMPRODUCT(1*ISNUMBER(FIND("R",R49:X49)))} -> 0 | BL49: {=SUMPRODUCT(1*ISNUMBER(FIND("R",Y49:AE49)))} -> 0 | BM49: {=SUMPRODUCT(1*ISNUMBER(FIND("R",AF49:AL49)))} -> 0 | BN49: =SUM(AV49:BG49) -> 6 | BP49: 9 | BQ49: {=SUMPRODUCT(1*ISNUMBER(FIND("P",K49:AL49)))-SUMPRODUCT(1*ISNUMBER(FIND("午P",K49:AL49)))} -> 0
B50: T02223 | C50: 鄭景豪 | D50: 03早A | E50: 03早A | F50: 03午 | G50: P | H50: R | I50: P | J50: r' | AA50: 勞安訓 | AM50: =BP50+BQ50 -> 8 | AN50: 2 | AO50: 2 | AP50: 4 | AQ50: 4 | AR50: =COUNTIF(K50:X50,"r'*") -> 0 | AS50: =COUNTIF(K50:X50,"R") -> 0 | AT50: =8-AN50-AP50-AR50 -> 2 | AU50: =8-AO50-AQ50-AS50 -> 2 | AV50: =COUNTIF(E50:AH50,"*早*")-AW50 -> 0 | AW50: =COUNTIF(E50:AH50,"*早A") -> 1 | AX50: =COUNTIF(E50:AH50,"*中*") -> 0 | AY50: =COUNTIF(E50:AH50,"*午*")-AZ50 -> 1 | AZ50: =COUNTIF(E50:AH50,"*午F") -> 0 | BA50: =COUNTIF(E50:AH50,"*夜*") -> 0 | BB50: =COUNTIF(E50:AH50,"*T*") -> 0 | BC50: =COUNTIF(E50:AH50,"*日*") -> 0 | BD50: =COUNTIF(E50:AH50,"L") -> 0 | BE50: {=SUMPRODUCT(1*ISNUMBER(FIND("R",E50:AH50)))} -> 1 | BF50: {=SUMPRODUCT(1*ISNUMBER(FIND("r",E50:AH50)))} -> 1 | BG50: {=SUMPRODUCT(1*ISNUMBER(FIND("P",E50:AH50)))-SUMPRODUCT(1*ISNUMBER(FIND("午P",E50:AH50)))} -> 2 | BH50: =SUM(BE50:BG50) -> 4 | BI50: {=SUMPRODUCT(1*ISNUMBER(FIND("R",D50:J50)))} -> 1 | BJ50: {=SUMPRODUCT(1*ISNUMBER(FIND("R",K50:Q50)))} -> 0 | BK50: {=SUMPRODUCT(1*ISNUMBER(FIND("R",R50:X50)))} -> 0 | BL50: {=SUMPRODUCT(1*ISNUMBER(FIND("R",Y50:AE50)))} -> 0 | BM50: {=SUMPRODUCT(1*ISNUMBER(FIND("R",AF50:AL50)))} -> 0 | BN50: =SUM(AV50:BG50) -> 6 | BP50: 8 | BQ50: {=SUMPRODUCT(1*ISNUMBER(FIND("P",K50:AL50)))-SUMPRODUCT(1*ISNUMBER(FIND("午P",K50:AL50)))} -> 0
A51: A4 | B51: T01083 | C51: 趙中靖 | D51: 04夜 | E51: 04夜 | F51: 04夜 | G51: R | H51: L | I51: P | J51: 04午 | AM51: =BP51+BQ51 -> 8 | AN51: 4 | AO51: 2 | AP51: 2 | AQ51: 4 | AR51: =COUNTIF(K51:X51,"r'*") -> 0 | AS51: =COUNTIF(K51:X51,"R") -> 0 | AT51: =8-AN51-AP51-AR51 -> 2 | AU51: =8-AO51-AQ51-AS51 -> 2 | AV51: =COUNTIF(E51:AH51,"*早*")-AW51 -> 0 | AW51: =COUNTIF(E51:AH51,"*早A") -> 0 | AX51: =COUNTIF(E51:AH51,"*中*") -> 0 | AY51: =COUNTIF(E51:AH51,"*午*")-AZ51 -> 1 | AZ51: =COUNTIF(E51:AH51,"*午F") -> 0 | BA51: =COUNTIF(E51:AH51,"*夜*") -> 2 | BB51: =COUNTIF(E51:AH51,"*T*") -> 0 | BC51: =COUNTIF(E51:AH51,"*日*") -> 0 | BD51: =COUNTIF(E51:AH51,"L") -> 1 | BE51: {=SUMPRODUCT(1*ISNUMBER(FIND("R",E51:AH51)))} -> 1 | BF51: {=SUMPRODUCT(1*ISNUMBER(FIND("r",E51:AH51)))} -> 0 | BG51: {=SUMPRODUCT(1*ISNUMBER(FIND("P",E51:AH51)))-SUMPRODUCT(1*ISNUMBER(FIND("午P",E51:AH51)))} -> 1 | BH51: =SUM(BE51:BG51) -> 2 | BI51: {=SUMPRODUCT(1*ISNUMBER(FIND("R",D51:J51)))} -> 1 | BJ51: {=SUMPRODUCT(1*ISNUMBER(FIND("R",K51:Q51)))} -> 0 | BK51: {=SUMPRODUCT(1*ISNUMBER(FIND("R",R51:X51)))} -> 0 | BL51: {=SUMPRODUCT(1*ISNUMBER(FIND("R",Y51:AE51)))} -> 0 | BM51: {=SUMPRODUCT(1*ISNUMBER(FIND("R",AF51:AL51)))} -> 0 | BN51: =SUM(AV51:BG51) -> 6 | BP51: 8 | BQ51: {=SUMPRODUCT(1*ISNUMBER(FIND("P",K51:AL51)))-SUMPRODUCT(1*ISNUMBER(FIND("午P",K51:AL51)))} -> 0
B52: T00515 | C52: 曾靜君 | D52: R | E52: 04午 | F52: r' | G52: 04夜 | H52: 04夜 | I52: 04夜 | J52: 04夜 | AM52: =BP52+BQ52 -> 8 | AN52: 2 | AO52: 2 | AP52: 4 | AQ52: 4 | AR52: =COUNTIF(K52:X52,"r'*") -> 0 | AS52: =COUNTIF(K52:X52,"R") -> 0 | AT52: =8-AN52-AP52-AR52 -> 2 | AU52: =8-AO52-AQ52-AS52 -> 2 | AV52: =COUNTIF(E52:AH52,"*早*")-AW52 -> 0 | AW52: =COUNTIF(E52:AH52,"*早A") -> 0 | AX52: =COUNTIF(E52:AH52,"*中*") -> 0 | AY52: =COUNTIF(E52:AH52,"*午*")-AZ52 -> 1 | AZ52: =COUNTIF(E52:AH52,"*午F") -> 0 | BA52: =COUNTIF(E52:AH52,"*夜*") -> 4 | BB52: =COUNTIF(E52:AH52,"*T*") -> 0 | BC52: =COUNTIF(E52:AH52,"*日*") -> 0 | BD52: =COUNTIF(E52:AH52,"L") -> 0 | BE52: {=SUMPRODUCT(1*ISNUMBER(FIND("R",E52:AH52)))} -> 0 | BF52: {=SUMPRODUCT(1*ISNUMBER(FIND("r",E52:AH52)))} -> 1 | BG52: {=SUMPRODUCT(1*ISNUMBER(FIND("P",E52:AH52)))-SUMPRODUCT(1*ISNUMBER(FIND("午P",E52:AH52)))} -> 0 | BH52: =SUM(BE52:BG52) -> 1 | BI52: {=SUMPRODUCT(1*ISNUMBER(FIND("R",D52:J52)))} -> 1 | BJ52: {=SUMPRODUCT(1*ISNUMBER(FIND("R",K52:Q52)))} -> 0 | BK52: {=SUMPRODUCT(1*ISNUMBER(FIND("R",R52:X52)))} -> 0 | BL52: {=SUMPRODUCT(1*ISNUMBER(FIND("R",Y52:AE52)))} -> 0 | BM52: {=SUMPRODUCT(1*ISNUMBER(FIND("R",AF52:AL52)))} -> 0 | BN52: =SUM(AV52:BG52) -> 6 | BP52: 8 | BQ52: {=SUMPRODUCT(1*ISNUMBER(FIND("P",K52:AL52)))-SUMPRODUCT(1*ISNUMBER(FIND("午P",K52:AL52)))} -> 0
B53: T00895 | C53: 張鑫聰 | D53: R | E53: r' | F53: 04早 | G53: 04早 | H53: 04早 | I53: 04早 | J53: 04早 | AM53: =BP53+BQ53 -> 8 | AN53: 2 | AO53: 2 | AP53: 4 | AQ53: 4 | AR53: =COUNTIF(K53:X53,"r'*") -> 0 | AS53: =COUNTIF(K53:X53,"R") -> 0 | AT53: =8-AN53-AP53-AR53 -> 2 | AU53: =8-AO53-AQ53-AS53 -> 2 | AV53: =COUNTIF(E53:AH53,"*早*")-AW53 -> 5 | AW53: =COUNTIF(E53:AH53,"*早A") -> 0 | AX53: =COUNTIF(E53:AH53,"*中*") -> 0 | AY53: =COUNTIF(E53:AH53,"*午*")-AZ53 -> 0 | AZ53: =COUNTIF(E53:AH53,"*午F") -> 0 | BA53: =COUNTIF(E53:AH53,"*夜*") -> 0 | BB53: =COUNTIF(E53:AH53,"*T*") -> 0 | BC53: =COUNTIF(E53:AH53,"*日*") -> 0 | BD53: =COUNTIF(E53:AH53,"L") -> 0 | BE53: {=SUMPRODUCT(1*ISNUMBER(FIND("R",E53:AH53)))} -> 0 | BF53: {=SUMPRODUCT(1*ISNUMBER(FIND("r",E53:AH53)))} -> 1 | BG53: {=SUMPRODUCT(1*ISNUMBER(FIND("P",E53:AH53)))-SUMPRODUCT(1*ISNUMBER(FIND("午P",E53:AH53)))} -> 0 | BH53: =SUM(BE53:BG53) -> 1 | BI53: {=SUMPRODUCT(1*ISNUMBER(FIND("R",D53:J53)))} -> 1 | BJ53: {=SUMPRODUCT(1*ISNUMBER(FIND("R",K53:Q53)))} -> 0 | BK53: {=SUMPRODUCT(1*ISNUMBER(FIND("R",R53:X53)))} -> 0 | BL53: {=SUMPRODUCT(1*ISNUMBER(FIND("R",Y53:AE53)))} -> 0 | BM53: {=SUMPRODUCT(1*ISNUMBER(FIND("R",AF53:AL53)))} -> 0 | BN53: =SUM(AV53:BG53) -> 6 | BP53: 8 | BQ53: {=SUMPRODUCT(1*ISNUMBER(FIND("P",K53:AL53)))-SUMPRODUCT(1*ISNUMBER(FIND("午P",K53:AL53)))} -> 0
B54: T01066 | C54: 陳瑞欽 | D54: 04早 | E54: 04早 | F54: 04午 | G54: 04午 | H54: R | I54: L | J54: r' | AM54: =BP54+BQ54 -> 8 | AN54: 2 | AO54: 2 | AP54: 4 | AQ54: 4 | AR54: =COUNTIF(K54:X54,"r'*") -> 0 | AS54: =COUNTIF(K54:X54,"R") -> 0 | AT54: =8-AN54-AP54-AR54 -> 2 | AU54: =8-AO54-AQ54-AS54 -> 2 | AV54: =COUNTIF(E54:AH54,"*早*")-AW54 -> 1 | AW54: =COUNTIF(E54:AH54,"*早A") -> 0 | AX54: =COUNTIF(E54:AH54,"*中*") -> 0 | AY54: =COUNTIF(E54:AH54,"*午*")-AZ54 -> 2 | AZ54: =COUNTIF(E54:AH54,"*午F") -> 0 | BA54: =COUNTIF(E54:AH54,"*夜*") -> 0 | BB54: =COUNTIF(E54:AH54,"*T*") -> 0 | BC54: =COUNTIF(E54:AH54,"*日*") -> 0 | BD54: =COUNTIF(E54:AH54,"L") -> 1 | BE54: {=SUMPRODUCT(1*ISNUMBER(FIND("R",E54:AH54)))} -> 1 | BF54: {=SUMPRODUCT(1*ISNUMBER(FIND("r",E54:AH54)))} -> 1 | BG54: {=SUMPRODUCT(1*ISNUMBER(FIND("P",E54:AH54)))-SUMPRODUCT(1*ISNUMBER(FIND("午P",E54:AH54)))} -> 0 | BH54: =SUM(BE54:BG54) -> 2 | BI54: {=SUMPRODUCT(1*ISNUMBER(FIND("R",D54:J54)))} -> 1 | BJ54: {=SUMPRODUCT(1*ISNUMBER(FIND("R",K54:Q54)))} -> 0 | BK54: {=SUMPRODUCT(1*ISNUMBER(FIND("R",R54:X54)))} -> 0 | BL54: {=SUMPRODUCT(1*ISNUMBER(FIND("R",Y54:AE54)))} -> 0 | BM54: {=SUMPRODUCT(1*ISNUMBER(FIND("R",AF54:AL54)))} -> 0 | BN54: =SUM(AV54:BG54) -> 6 | BP54: 8 | BQ54: {=SUMPRODUCT(1*ISNUMBER(FIND("P",K54:AL54)))-SUMPRODUCT(1*ISNUMBER(FIND("午P",K54:AL54)))} -> 0
B55: T01427 | C55: 沈裕謙 | D55: 04午 | E55: R | F55: L | G55: P | H55: 04午 | I55: 04午 | J55: r' | AA55: 勞安訓 | AM55: =BP55+BQ55 -> 9 | AN55: 2 | AO55: 2 | AP55: 4 | AQ55: 4 | AR55: =COUNTIF(K55:X55,"r'*") -> 0 | AS55: =COUNTIF(K55:X55,"R") -> 0 | AT55: =8-AN55-AP55-AR55 -> 2 | AU55: =8-AO55-AQ55-AS55 -> 2 | AV55: =COUNTIF(E55:AH55,"*早*")-AW55 -> 0 | AW55: =COUNTIF(E55:AH55,"*早A") -> 0 | AX55: =COUNTIF(E55:AH55,"*中*") -> 0 | AY55: =COUNTIF(E55:AH55,"*午*")-AZ55 -> 2 | AZ55: =COUNTIF(E55:AH55,"*午F") -> 0 | BA55: =COUNTIF(E55:AH55,"*夜*") -> 0 | BB55: =COUNTIF(E55:AH55,"*T*") -> 0 | BC55: =COUNTIF(E55:AH55,"*日*") -> 0 | BD55: =COUNTIF(E55:AH55,"L") -> 1 | BE55: {=SUMPRODUCT(1*ISNUMBER(FIND("R",E55:AH55)))} -> 1 | BF55: {=SUMPRODUCT(1*ISNUMBER(FIND("r",E55:AH55)))} -> 1 | BG55: {=SUMPRODUCT(1*ISNUMBER(FIND("P",E55:AH55)))-SUMPRODUCT(1*ISNUMBER(FIND("午P",E55:AH55)))} -> 1 | BH55: =SUM(BE55:BG55) -> 3 | BI55: {=SUMPRODUCT(1*ISNUMBER(FIND("R",D55:J55)))} -> 1 | BJ55: {=SUMPRODUCT(1*ISNUMBER(FIND("R",K55:Q55)))} -> 0 | BK55: {=SUMPRODUCT(1*ISNUMBER(FIND("R",R55:X55)))} -> 0 | BL55: {=SUMPRODUCT(1*ISNUMBER(FIND("R",Y55:AE55)))} -> 0 | BM55: {=SUMPRODUCT(1*ISNUMBER(FIND("R",AF55:AL55)))} -> 0 | BN55: =SUM(AV55:BG55) -> 6 | BP55: 9 | BQ55: {=SUMPRODUCT(1*ISNUMBER(FIND("P",K55:AL55)))-SUMPRODUCT(1*ISNUMBER(FIND("午P",K55:AL55)))} -> 0
B56: T00501 | C56: 林慧姍 | D56: R | E56: L | F56: L | G56: L | H56: L | I56: L | J56: r' | AM56: =BP56+BQ56 -> 11 | AN56: 2 | AO56: 2 | AP56: 4 | AQ56: 4 | AR56: =COUNTIF(K56:X56,"r'*") -> 0 | AS56: =COUNTIF(K56:X56,"R") -> 0 | AT56: =8-AN56-AP56-AR56 -> 2 | AU56: =8-AO56-AQ56-AS56 -> 2 | AV56: =COUNTIF(E56:AH56,"*早*")-AW56 -> 0 | AW56: =COUNTIF(E56:AH56,"*早A") -> 0 | AX56: =COUNTIF(E56:AH56,"*中*") -> 0 | AY56: =COUNTIF(E56:AH56,"*午*")-AZ56 -> 0 | AZ56: =COUNTIF(E56:AH56,"*午F") -> 0 | BA56: =COUNTIF(E56:AH56,"*夜*") -> 0 | BB56: =COUNTIF(E56:AH56,"*T*") -> 0 | BC56: =COUNTIF(E56:AH56,"*日*") -> 0 | BD56: =COUNTIF(E56:AH56,"L") -> 5 | BE56: {=SUMPRODUCT(1*ISNUMBER(FIND("R",E56:AH56)))} -> 0 | BF56: {=SUMPRODUCT(1*ISNUMBER(FIND("r",E56:AH56)))} -> 1 | BG56: {=SUMPRODUCT(1*ISNUMBER(FIND("P",E56:AH56)))-SUMPRODUCT(1*ISNUMBER(FIND("午P",E56:AH56)))} -> 0 | BH56: =SUM(BE56:BG56) -> 1 | BI56: {=SUMPRODUCT(1*ISNUMBER(FIND("R",D56:J56)))} -> 1 | BJ56: {=SUMPRODUCT(1*ISNUMBER(FIND("R",K56:Q56)))} -> 0 | BK56: {=SUMPRODUCT(1*ISNUMBER(FIND("R",R56:X56)))} -> 0 | BL56: {=SUMPRODUCT(1*ISNUMBER(FIND("R",Y56:AE56)))} -> 0 | BM56: {=SUMPRODUCT(1*ISNUMBER(FIND("R",AF56:AL56)))} -> 0 | BN56: =SUM(AV56:BG56) -> 6 | BP56: 11 | BQ56: {=SUMPRODUCT(1*ISNUMBER(FIND("P",K56:AL56)))-SUMPRODUCT(1*ISNUMBER(FIND("午P",K56:AL56)))} -> 0
B57: T00925 | C57: 鄭淑玲 | D57: 04中A | E57: 04中A | F57: 03早A | G57: 03早A | H57: R | I57: 04中A | J57: r' | AA57: 勞安訓 | AM57: =BP57+BQ57 -> 10 | AN57: 2 | AO57: 2 | AP57: 4 | AQ57: 4 | AR57: =COUNTIF(K57:X57,"r'*") -> 0 | AS57: =COUNTIF(K57:X57,"R") -> 0 | AT57: =8-AN57-AP57-AR57 -> 2 | AU57: =8-AO57-AQ57-AS57 -> 2 | AV57: =COUNTIF(E57:AH57,"*早*")-AW57 -> 0 | AW57: =COUNTIF(E57:AH57,"*早A") -> 2 | AX57: =COUNTIF(E57:AH57,"*中*") -> 2 | AY57: =COUNTIF(E57:AH57,"*午*")-AZ57 -> 0 | AZ57: =COUNTIF(E57:AH57,"*午F") -> 0 | BA57: =COUNTIF(E57:AH57,"*夜*") -> 0 | BB57: =COUNTIF(E57:AH57,"*T*") -> 0 | BC57: =COUNTIF(E57:AH57,"*日*") -> 0 | BD57: =COUNTIF(E57:AH57,"L") -> 0 | BE57: {=SUMPRODUCT(1*ISNUMBER(FIND("R",E57:AH57)))} -> 1 | BF57: {=SUMPRODUCT(1*ISNUMBER(FIND("r",E57:AH57)))} -> 1 | BG57: {=SUMPRODUCT(1*ISNUMBER(FIND("P",E57:AH57)))-SUMPRODUCT(1*ISNUMBER(FIND("午P",E57:AH57)))} -> 0 | BH57: =SUM(BE57:BG57) -> 2 | BI57: {=SUMPRODUCT(1*ISNUMBER(FIND("R",D57:J57)))} -> 1 | BJ57: {=SUMPRODUCT(1*ISNUMBER(FIND("R",K57:Q57)))} -> 0 | BK57: {=SUMPRODUCT(1*ISNUMBER(FIND("R",R57:X57)))} -> 0 | BL57: {=SUMPRODUCT(1*ISNUMBER(FIND("R",Y57:AE57)))} -> 0 | BM57: {=SUMPRODUCT(1*ISNUMBER(FIND("R",AF57:AL57)))} -> 0 | BN57: =SUM(AV57:BG57) -> 6 | BP57: 10 | BQ57: {=SUMPRODUCT(1*ISNUMBER(FIND("P",K57:AL57)))-SUMPRODUCT(1*ISNUMBER(FIND("午P",K57:AL57)))} -> 0
B58: T01426 | C58: 林怡輝 | D58: P | E58: R | F58: 04中A | G58: 04中A | H58: 04中A | I58: r' | J58: 04中A | AM58: =BP58+BQ58 -> 8 | AN58: 2 | AO58: 2 | AP58: 5 | AQ58: 4 | AR58: =COUNTIF(K58:X58,"r'*") -> 0 | AS58: =COUNTIF(K58:X58,"R") -> 0 | AT58: =8-AN58-AP58-AR58 -> 1 | AU58: =8-AO58-AQ58-AS58 -> 2 | AV58: =COUNTIF(E58:AH58,"*早*")-AW58 -> 0 | AW58: =COUNTIF(E58:AH58,"*早A") -> 0 | AX58: =COUNTIF(E58:AH58,"*中*") -> 4 | AY58: =COUNTIF(E58:AH58,"*午*")-AZ58 -> 0 | AZ58: =COUNTIF(E58:AH58,"*午F") -> 0 | BA58: =COUNTIF(E58:AH58,"*夜*") -> 0 | BB58: =COUNTIF(E58:AH58,"*T*") -> 0 | BC58: =COUNTIF(E58:AH58,"*日*") -> 0 | BD58: =COUNTIF(E58:AH58,"L") -> 0 | BE58: {=SUMPRODUCT(1*ISNUMBER(FIND("R",E58:AH58)))} -> 1 | BF58: {=SUMPRODUCT(1*ISNUMBER(FIND("r",E58:AH58)))} -> 1 | BG58: {=SUMPRODUCT(1*ISNUMBER(FIND("P",E58:AH58)))-SUMPRODUCT(1*ISNUMBER(FIND("午P",E58:AH58)))} -> 0 | BH58: =SUM(BE58:BG58) -> 2 | BI58: {=SUMPRODUCT(1*ISNUMBER(FIND("R",D58:J58)))} -> 1 | BJ58: {=SUMPRODUCT(1*ISNUMBER(FIND("R",K58:Q58)))} -> 0 | BK58: {=SUMPRODUCT(1*ISNUMBER(FIND("R",R58:X58)))} -> 0 | BL58: {=SUMPRODUCT(1*ISNUMBER(FIND("R",Y58:AE58)))} -> 0 | BM58: {=SUMPRODUCT(1*ISNUMBER(FIND("R",AF58:AL58)))} -> 0 | BN58: =SUM(AV58:BG58) -> 6 | BP58: 8 | BQ58: {=SUMPRODUCT(1*ISNUMBER(FIND("P",K58:AL58)))-SUMPRODUCT(1*ISNUMBER(FIND("午P",K58:AL58)))} -> 0
A59: A5 | B59: T00487 | C59: 余柏翰 | D59: R | E59: 05夜 | F59: 05夜 | G59: 05夜 | H59: 05夜 | I59: 05夜 | J59: r' | AM59: =BP59+BQ59 -> 5 | AN59: 2 | AO59: 2 | AP59: 4 | AQ59: 4 | AR59: =COUNTIF(K59:X59,"r'*") -> 0 | AS59: =COUNTIF(K59:X59,"R") -> 0 | AT59: =8-AN59-AP59-AR59 -> 2 | AU59: =8-AO59-AQ59-AS59 -> 2 | AV59: =COUNTIF(E59:AH59,"*早*")-AW59 -> 0 | AW59: =COUNTIF(E59:AH59,"*早A") -> 0 | AX59: =COUNTIF(E59:AH59,"*中*") -> 0 | AY59: =COUNTIF(E59:AH59,"*午*")-AZ59 -> 0 | AZ59: =COUNTIF(E59:AH59,"*午F") -> 0 | BA59: =COUNTIF(E59:AH59,"*夜*") -> 5 | BB59: =COUNTIF(E59:AH59,"*T*") -> 0 | BC59: =COUNTIF(E59:AH59,"*日*") -> 0 | BD59: =COUNTIF(E59:AH59,"L") -> 0 | BE59: {=SUMPRODUCT(1*ISNUMBER(FIND("R",E59:AH59)))} -> 0 | BF59: {=SUMPRODUCT(1*ISNUMBER(FIND("r",E59:AH59)))} -> 1 | BG59: {=SUMPRODUCT(1*ISNUMBER(FIND("P",E59:AH59)))-SUMPRODUCT(1*ISNUMBER(FIND("午P",E59:AH59)))} -> 0 | BH59: =SUM(BE59:BG59) -> 1 | BI59: {=SUMPRODUCT(1*ISNUMBER(FIND("R",D59:J59)))} -> 1 | BJ59: {=SUMPRODUCT(1*ISNUMBER(FIND("R",K59:Q59)))} -> 0 | BK59: {=SUMPRODUCT(1*ISNUMBER(FIND("R",R59:X59)))} -> 0 | BL59: {=SUMPRODUCT(1*ISNUMBER(FIND("R",Y59:AE59)))} -> 0 | BM59: {=SUMPRODUCT(1*ISNUMBER(FIND("R",AF59:AL59)))} -> 0 | BN59: =SUM(AV59:BG59) -> 6 | BP59: 5 | BQ59: {=SUMPRODUCT(1*ISNUMBER(FIND("P",K59:AL59)))-SUMPRODUCT(1*ISNUMBER(FIND("午P",K59:AL59)))} -> 0
B60: T00506 | C60: 高雅婷 | D60: 05午 | E60: 05午 | F60: 05午 | G60: R | H60: r' | I60: 05早 | J60: 05早 | AM60: =BP60+BQ60 -> 7 | AN60: 1 | AO60: 2 | AP60: 4 | AQ60: 4 | AR60: =COUNTIF(K60:X60,"r'*") -> 0 | AS60: =COUNTIF(K60:X60,"R") -> 0 | AT60: =8-AN60-AP60-AR60 -> 3 | AU60: =8-AO60-AQ60-AS60 -> 2 | AV60: =COUNTIF(E60:AH60,"*早*")-AW60 -> 2 | AW60: =COUNTIF(E60:AH60,"*早A") -> 0 | AX60: =COUNTIF(E60:AH60,"*中*") -> 0 | AY60: =COUNTIF(E60:AH60,"*午*")-AZ60 -> 2 | AZ60: =COUNTIF(E60:AH60,"*午F") -> 0 | BA60: =COUNTIF(E60:AH60,"*夜*") -> 0 | BB60: =COUNTIF(E60:AH60,"*T*") -> 0 | BC60: =COUNTIF(E60:AH60,"*日*") -> 0 | BD60: =COUNTIF(E60:AH60,"L") -> 0 | BE60: {=SUMPRODUCT(1*ISNUMBER(FIND("R",E60:AH60)))} -> 1 | BF60: {=SUMPRODUCT(1*ISNUMBER(FIND("r",E60:AH60)))} -> 1 | BG60: {=SUMPRODUCT(1*ISNUMBER(FIND("P",E60:AH60)))-SUMPRODUCT(1*ISNUMBER(FIND("午P",E60:AH60)))} -> 0 | BH60: =SUM(BE60:BG60) -> 2 | BI60: {=SUMPRODUCT(1*ISNUMBER(FIND("R",D60:J60)))} -> 1 | BJ60: {=SUMPRODUCT(1*ISNUMBER(FIND("R",K60:Q60)))} -> 0 | BK60: {=SUMPRODUCT(1*ISNUMBER(FIND("R",R60:X60)))} -> 0 | BL60: {=SUMPRODUCT(1*ISNUMBER(FIND("R",Y60:AE60)))} -> 0 | BM60: {=SUMPRODUCT(1*ISNUMBER(FIND("R",AF60:AL60)))} -> 0 | BN60: =SUM(AV60:BG60) -> 6 | BP60: 7 | BQ60: {=SUMPRODUCT(1*ISNUMBER(FIND("P",K60:AL60)))-SUMPRODUCT(1*ISNUMBER(FIND("午P",K60:AL60)))} -> 0
B61: T00839 | C61: 蘇雅惠 | D61: R | E61: P | F61: 05早 | G61: 05早 | H61: 05早 | I61: r' | J61: 05夜 | AM61: =BP61+BQ61 -> 7 | AN61: 2 | AO61: 2 | AP61: 4 | AQ61: 4 | AR61: =COUNTIF(K61:X61,"r'*") -> 0 | AS61: =COUNTIF(K61:X61,"R") -> 0 | AT61: =8-AN61-AP61-AR61 -> 2 | AU61: =8-AO61-AQ61-AS61 -> 2 | AV61: =COUNTIF(E61:AH61,"*早*")-AW61 -> 3 | AW61: =COUNTIF(E61:AH61,"*早A") -> 0 | AX61: =COUNTIF(E61:AH61,"*中*") -> 0 | AY61: =COUNTIF(E61:AH61,"*午*")-AZ61 -> 0 | AZ61: =COUNTIF(E61:AH61,"*午F") -> 0 | BA61: =COUNTIF(E61:AH61,"*夜*") -> 1 | BB61: =COUNTIF(E61:AH61,"*T*") -> 0 | BC61: =COUNTIF(E61:AH61,"*日*") -> 0 | BD61: =COUNTIF(E61:AH61,"L") -> 0 | BE61: {=SUMPRODUCT(1*ISNUMBER(FIND("R",E61:AH61)))} -> 0 | BF61: {=SUMPRODUCT(1*ISNUMBER(FIND("r",E61:AH61)))} -> 1 | BG61: {=SUMPRODUCT(1*ISNUMBER(FIND("P",E61:AH61)))-SUMPRODUCT(1*ISNUMBER(FIND("午P",E61:AH61)))} -> 1 | BH61: =SUM(BE61:BG61) -> 2 | BI61: {=SUMPRODUCT(1*ISNUMBER(FIND("R",D61:J61)))} -> 1 | BJ61: {=SUMPRODUCT(1*ISNUMBER(FIND("R",K61:Q61)))} -> 0 | BK61: {=SUMPRODUCT(1*ISNUMBER(FIND("R",R61:X61)))} -> 0 | BL61: {=SUMPRODUCT(1*ISNUMBER(FIND("R",Y61:AE61)))} -> 0 | BM61: {=SUMPRODUCT(1*ISNUMBER(FIND("R",AF61:AL61)))} -> 0 | BN61: =SUM(AV61:BG61) -> 6 | BP61: 7 | BQ61: {=SUMPRODUCT(1*ISNUMBER(FIND("P",K61:AL61)))-SUMPRODUCT(1*ISNUMBER(FIND("午P",K61:AL61)))} -> 0
B62: T02362 | C62: 簡維頤 | D62: 05夜 | E62: R | F62: r' | G62: 05午 | H62: 05午 | I62: 05午 | J62: 05午 | AM62: =BP62+BQ62 -> 8 | AN62: 2 | AO62: 2 | AP62: 4 | AQ62: 4 | AR62: =COUNTIF(K62:X62,"r'*") -> 0 | AS62: =COUNTIF(K62:X62,"R") -> 0 | AT62: =8-AN62-AP62-AR62 -> 2 | AU62: =8-AO62-AQ62-AS62 -> 2 | AV62: =COUNTIF(E62:AH62,"*早*")-AW62 -> 0 | AW62: =COUNTIF(E62:AH62,"*早A") -> 0 | AX62: =COUNTIF(E62:AH62,"*中*") -> 0 | AY62: =COUNTIF(E62:AH62,"*午*")-AZ62 -> 4 | AZ62: =COUNTIF(E62:AH62,"*午F") -> 0 | BA62: =COUNTIF(E62:AH62,"*夜*") -> 0 | BB62: =COUNTIF(E62:AH62,"*T*") -> 0 | BC62: =COUNTIF(E62:AH62,"*日*") -> 0 | BD62: =COUNTIF(E62:AH62,"L") -> 0 | BE62: {=SUMPRODUCT(1*ISNUMBER(FIND("R",E62:AH62)))} -> 1 | BF62: {=SUMPRODUCT(1*ISNUMBER(FIND("r",E62:AH62)))} -> 1 | BG62: {=SUMPRODUCT(1*ISNUMBER(FIND("P",E62:AH62)))-SUMPRODUCT(1*ISNUMBER(FIND("午P",E62:AH62)))} -> 0 | BH62: =SUM(BE62:BG62) -> 2 | BI62: {=SUMPRODUCT(1*ISNUMBER(FIND("R",D62:J62)))} -> 1 | BJ62: {=SUMPRODUCT(1*ISNUMBER(FIND("R",K62:Q62)))} -> 0 | BK62: {=SUMPRODUCT(1*ISNUMBER(FIND("R",R62:X62)))} -> 0 | BL62: {=SUMPRODUCT(1*ISNUMBER(FIND("R",Y62:AE62)))} -> 0 | BM62: {=SUMPRODUCT(1*ISNUMBER(FIND("R",AF62:AL62)))} -> 0 | BN62: =SUM(AV62:BG62) -> 6 | BP62: 8 | BQ62: {=SUMPRODUCT(1*ISNUMBER(FIND("P",K62:AL62)))-SUMPRODUCT(1*ISNUMBER(FIND("午P",K62:AL62)))} -> 0
B63: T01736 | C63: 廖紫吟 | D63: R | E63: 05中A | F63: 05中A | G63: 05中A | H63: 05中A | I63: 02早 | J63: r' | AM63: =BP63+BQ63 -> 8 | AN63: 2 | AO63: 2 | AP63: 4 | AQ63: 4 | AR63: =COUNTIF(K63:X63,"r'*") -> 0 | AS63: =COUNTIF(K63:X63,"R") -> 0 | AT63: =8-AN63-AP63-AR63 -> 2 | AU63: =8-AO63-AQ63-AS63 -> 2 | AV63: =COUNTIF(E63:AH63,"*早*")-AW63 -> 1 | AW63: =COUNTIF(E63:AH63,"*早A") -> 0 | AX63: =COUNTIF(E63:AH63,"*中*") -> 4 | AY63: =COUNTIF(E63:AH63,"*午*")-AZ63 -> 0 | AZ63: =COUNTIF(E63:AH63,"*午F") -> 0 | BA63: =COUNTIF(E63:AH63,"*夜*") -> 0 | BB63: =COUNTIF(E63:AH63,"*T*") -> 0 | BC63: =COUNTIF(E63:AH63,"*日*") -> 0 | BD63: =COUNTIF(E63:AH63,"L") -> 0 | BE63: {=SUMPRODUCT(1*ISNUMBER(FIND("R",E63:AH63)))} -> 0 | BF63: {=SUMPRODUCT(1*ISNUMBER(FIND("r",E63:AH63)))} -> 1 | BG63: {=SUMPRODUCT(1*ISNUMBER(FIND("P",E63:AH63)))-SUMPRODUCT(1*ISNUMBER(FIND("午P",E63:AH63)))} -> 0 | BH63: =SUM(BE63:BG63) -> 1 | BI63: {=SUMPRODUCT(1*ISNUMBER(FIND("R",D63:J63)))} -> 1 | BJ63: {=SUMPRODUCT(1*ISNUMBER(FIND("R",K63:Q63)))} -> 0 | BK63: {=SUMPRODUCT(1*ISNUMBER(FIND("R",R63:X63)))} -> 0 | BL63: {=SUMPRODUCT(1*ISNUMBER(FIND("R",Y63:AE63)))} -> 0 | BM63: {=SUMPRODUCT(1*ISNUMBER(FIND("R",AF63:AL63)))} -> 0 | BN63: =SUM(AV63:BG63) -> 6 | BP63: 8 | BQ63: {=SUMPRODUCT(1*ISNUMBER(FIND("P",K63:AL63)))-SUMPRODUCT(1*ISNUMBER(FIND("午P",K63:AL63)))} -> 0
B64: T02124 | C64: 張宸睿 | D64: 05中A | E64: 02午 | F64: r' | G64: R | H64: r' | I64: 05中A | J64: 05中A | AM64: =BP64+BQ64 -> 8 | AN64: 2 | AO64: 2 | AP64: 4 | AQ64: 4 | AR64: =COUNTIF(K64:X64,"r'*") -> 0 | AS64: =COUNTIF(K64:X64,"R") -> 0 | AT64: =8-AN64-AP64-AR64 -> 2 | AU64: =8-AO64-AQ64-AS64 -> 2 | AV64: =COUNTIF(E64:AH64,"*早*")-AW64 -> 0 | AW64: =COUNTIF(E64:AH64,"*早A") -> 0 | AX64: =COUNTIF(E64:AH64,"*中*") -> 2 | AY64: =COUNTIF(E64:AH64,"*午*")-AZ64 -> 1 | AZ64: =COUNTIF(E64:AH64,"*午F") -> 0 | BA64: =COUNTIF(E64:AH64,"*夜*") -> 0 | BB64: =COUNTIF(E64:AH64,"*T*") -> 0 | BC64: =COUNTIF(E64:AH64,"*日*") -> 0 | BD64: =COUNTIF(E64:AH64,"L") -> 0 | BE64: {=SUMPRODUCT(1*ISNUMBER(FIND("R",E64:AH64)))} -> 1 | BF64: {=SUMPRODUCT(1*ISNUMBER(FIND("r",E64:AH64)))} -> 2 | BG64: {=SUMPRODUCT(1*ISNUMBER(FIND("P",E64:AH64)))-SUMPRODUCT(1*ISNUMBER(FIND("午P",E64:AH64)))} -> 0 | BH64: =SUM(BE64:BG64) -> 3 | BI64: {=SUMPRODUCT(1*ISNUMBER(FIND("R",D64:J64)))} -> 1 | BJ64: {=SUMPRODUCT(1*ISNUMBER(FIND("R",K64:Q64)))} -> 0 | BK64: {=SUMPRODUCT(1*ISNUMBER(FIND("R",R64:X64)))} -> 0 | BL64: {=SUMPRODUCT(1*ISNUMBER(FIND("R",Y64:AE64)))} -> 0 | BM64: {=SUMPRODUCT(1*ISNUMBER(FIND("R",AF64:AL64)))} -> 0 | BN64: =SUM(AV64:BG64) -> 6 | BP64: 8 | BQ64: {=SUMPRODUCT(1*ISNUMBER(FIND("P",K64:AL64)))-SUMPRODUCT(1*ISNUMBER(FIND("午P",K64:AL64)))} -> 0
A65: A6 | B65: T00921 | C65: 蔡承昊 | D65: 06早 | E65: P | F65: 06夜 | G65: 06夜 | H65: 06夜 | I65: r' | J65: R | AM65: =BP65+BQ65 -> 7 | AN65: 2 | AO65: 2 | AP65: 4 | AQ65: 4 | AR65: =COUNTIF(K65:X65,"r'*") -> 0 | AS65: =COUNTIF(K65:X65,"R") -> 0 | AT65: =8-AN65-AP65-AR65 -> 2 | AU65: =8-AO65-AQ65-AS65 -> 2 | AV65: =COUNTIF(E65:AH65,"*早*")-AW65 -> 0 | AW65: =COUNTIF(E65:AH65,"*早A") -> 0 | AX65: =COUNTIF(E65:AH65,"*中*") -> 0 | AY65: =COUNTIF(E65:AH65,"*午*")-AZ65 -> 0 | AZ65: =COUNTIF(E65:AH65,"*午F") -> 0 | BA65: =COUNTIF(E65:AH65,"*夜*") -> 3 | BB65: =COUNTIF(E65:AH65,"*T*") -> 0 | BC65: =COUNTIF(E65:AH65,"*日*") -> 0 | BD65: =COUNTIF(E65:AH65,"L") -> 0 | BE65: {=SUMPRODUCT(1*ISNUMBER(FIND("R",E65:AH65)))} -> 1 | BF65: {=SUMPRODUCT(1*ISNUMBER(FIND("r",E65:AH65)))} -> 1 | BG65: {=SUMPRODUCT(1*ISNUMBER(FIND("P",E65:AH65)))-SUMPRODUCT(1*ISNUMBER(FIND("午P",E65:AH65)))} -> 1 | BH65: =SUM(BE65:BG65) -> 3 | BI65: {=SUMPRODUCT(1*ISNUMBER(FIND("R",D65:J65)))} -> 1 | BJ65: {=SUMPRODUCT(1*ISNUMBER(FIND("R",K65:Q65)))} -> 0 | BK65: {=SUMPRODUCT(1*ISNUMBER(FIND("R",R65:X65)))} -> 0 | BL65: {=SUMPRODUCT(1*ISNUMBER(FIND("R",Y65:AE65)))} -> 0 | BM65: {=SUMPRODUCT(1*ISNUMBER(FIND("R",AF65:AL65)))} -> 0 | BN65: =SUM(AV65:BG65) -> 6 | BP65: 7 | BQ65: {=SUMPRODUCT(1*ISNUMBER(FIND("P",K65:AL65)))-SUMPRODUCT(1*ISNUMBER(FIND("午P",K65:AL65)))} -> 0
B66: T00503 | C66: 范素梅 | D66: R | E66: 06早 | F66: 06早 | G66: 06早 | H66: 06早 | I66: 06早 | J66: r' | AM66: =BP66+BQ66 -> 9 | AN66: 2 | AO66: 2 | AP66: 4 | AQ66: 4 | AR66: =COUNTIF(K66:X66,"r'*") -> 0 | AS66: =COUNTIF(K66:X66,"R") -> 0 | AT66: =8-AN66-AP66-AR66 -> 2 | AU66: =8-AO66-AQ66-AS66 -> 2 | AV66: =COUNTIF(E66:AH66,"*早*")-AW66 -> 5 | AW66: =COUNTIF(E66:AH66,"*早A") -> 0 | AX66: =COUNTIF(E66:AH66,"*中*") -> 0 | AY66: =COUNTIF(E66:AH66,"*午*")-AZ66 -> 0 | AZ66: =COUNTIF(E66:AH66,"*午F") -> 0 | BA66: =COUNTIF(E66:AH66,"*夜*") -> 0 | BB66: =COUNTIF(E66:AH66,"*T*") -> 0 | BC66: =COUNTIF(E66:AH66,"*日*") -> 0 | BD66: =COUNTIF(E66:AH66,"L") -> 0 | BE66: {=SUMPRODUCT(1*ISNUMBER(FIND("R",E66:AH66)))} -> 0 | BF66: {=SUMPRODUCT(1*ISNUMBER(FIND("r",E66:AH66)))} -> 1 | BG66: {=SUMPRODUCT(1*ISNUMBER(FIND("P",E66:AH66)))-SUMPRODUCT(1*ISNUMBER(FIND("午P",E66:AH66)))} -> 0 | BH66: =SUM(BE66:BG66) -> 1 | BI66: {=SUMPRODUCT(1*ISNUMBER(FIND("R",D66:J66)))} -> 1 | BJ66: {=SUMPRODUCT(1*ISNUMBER(FIND("R",K66:Q66)))} -> 0 | BK66: {=SUMPRODUCT(1*ISNUMBER(FIND("R",R66:X66)))} -> 0 | BL66: {=SUMPRODUCT(1*ISNUMBER(FIND("R",Y66:AE66)))} -> 0 | BM66: {=SUMPRODUCT(1*ISNUMBER(FIND("R",AF66:AL66)))} -> 0 | BN66: =SUM(AV66:BG66) -> 6 | BP66: 9 | BQ66: {=SUMPRODUCT(1*ISNUMBER(FIND("P",K66:AL66)))-SUMPRODUCT(1*ISNUMBER(FIND("午P",K66:AL66)))} -> 0
B67: T01084 | C67: 蔡佳玲 | D67: R | E67: 06午 | F67: 06午 | G67: 06午 | H67: r' | I67: 06夜 | J67: 06夜 | AM67: =BP67+BQ67 -> 8 | AN67: 2 | AO67: 2 | AP67: 4 | AQ67: 4 | AR67: =COUNTIF(K67:X67,"r'*") -> 0 | AS67: =COUNTIF(K67:X67,"R") -> 0 | AT67: =8-AN67-AP67-AR67 -> 2 | AU67: =8-AO67-AQ67-AS67 -> 2 | AV67: =COUNTIF(E67:AH67,"*早*")-AW67 -> 0 | AW67: =COUNTIF(E67:AH67,"*早A") -> 0 | AX67: =COUNTIF(E67:AH67,"*中*") -> 0 | AY67: =COUNTIF(E67:AH67,"*午*")-AZ67 -> 3 | AZ67: =COUNTIF(E67:AH67,"*午F") -> 0 | BA67: =COUNTIF(E67:AH67,"*夜*") -> 2 | BB67: =COUNTIF(E67:AH67,"*T*") -> 0 | BC67: =COUNTIF(E67:AH67,"*日*") -> 0 | BD67: =COUNTIF(E67:AH67,"L") -> 0 | BE67: {=SUMPRODUCT(1*ISNUMBER(FIND("R",E67:AH67)))} -> 0 | BF67: {=SUMPRODUCT(1*ISNUMBER(FIND("r",E67:AH67)))} -> 1 | BG67: {=SUMPRODUCT(1*ISNUMBER(FIND("P",E67:AH67)))-SUMPRODUCT(1*ISNUMBER(FIND("午P",E67:AH67)))} -> 0 | BH67: =SUM(BE67:BG67) -> 1 | BI67: {=SUMPRODUCT(1*ISNUMBER(FIND("R",D67:J67)))} -> 1 | BJ67: {=SUMPRODUCT(1*ISNUMBER(FIND("R",K67:Q67)))} -> 0 | BK67: {=SUMPRODUCT(1*ISNUMBER(FIND("R",R67:X67)))} -> 0 | BL67: {=SUMPRODUCT(1*ISNUMBER(FIND("R",Y67:AE67)))} -> 0 | BM67: {=SUMPRODUCT(1*ISNUMBER(FIND("R",AF67:AL67)))} -> 0 | BN67: =SUM(AV67:BG67) -> 6 | BP67: 8 | BQ67: {=SUMPRODUCT(1*ISNUMBER(FIND("P",K67:AL67)))-SUMPRODUCT(1*ISNUMBER(FIND("午P",K67:AL67)))} -> 0
B68: T01465 | C68: 簡聖育 | D68: 06夜 | E68: 06夜 | F68: R | G68: r' | H68: 06午 | I68: 06午 | J68: 06午 | AM68: =BP68+BQ68 -> 8 | AN68: 2 | AO68: 2 | AP68: 4 | AQ68: 4 | AR68: =COUNTIF(K68:X68,"r'*") -> 0 | AS68: =COUNTIF(K68:X68,"R") -> 0 | AT68: =8-AN68-AP68-AR68 -> 2 | AU68: =8-AO68-AQ68-AS68 -> 2 | AV68: =COUNTIF(E68:AH68,"*早*")-AW68 -> 0 | AW68: =COUNTIF(E68:AH68,"*早A") -> 0 | AX68: =COUNTIF(E68:AH68,"*中*") -> 0 | AY68: =COUNTIF(E68:AH68,"*午*")-AZ68 -> 3 | AZ68: =COUNTIF(E68:AH68,"*午F") -> 0 | BA68: =COUNTIF(E68:AH68,"*夜*") -> 1 | BB68: =COUNTIF(E68:AH68,"*T*") -> 0 | BC68: =COUNTIF(E68:AH68,"*日*") -> 0 | BD68: =COUNTIF(E68:AH68,"L") -> 0 | BE68: {=SUMPRODUCT(1*ISNUMBER(FIND("R",E68:AH68)))} -> 1 | BF68: {=SUMPRODUCT(1*ISNUMBER(FIND("r",E68:AH68)))} -> 1 | BG68: {=SUMPRODUCT(1*ISNUMBER(FIND("P",E68:AH68)))-SUMPRODUCT(1*ISNUMBER(FIND("午P",E68:AH68)))} -> 0 | BH68: =SUM(BE68:BG68) -> 2 | BI68: {=SUMPRODUCT(1*ISNUMBER(FIND("R",D68:J68)))} -> 1 | BJ68: {=SUMPRODUCT(1*ISNUMBER(FIND("R",K68:Q68)))} -> 0 | BK68: {=SUMPRODUCT(1*ISNUMBER(FIND("R",R68:X68)))} -> 0 | BL68: {=SUMPRODUCT(1*ISNUMBER(FIND("R",Y68:AE68)))} -> 0 | BM68: {=SUMPRODUCT(1*ISNUMBER(FIND("R",AF68:AL68)))} -> 0 | BN68: =SUM(AV68:BG68) -> 6 | BP68: 8 | BQ68: {=SUMPRODUCT(1*ISNUMBER(FIND("P",K68:AL68)))-SUMPRODUCT(1*ISNUMBER(FIND("午P",K68:AL68)))} -> 0
B69: T02230 | C69: 葉夏 | AM69: =BP69+BQ69 -> 9 | AN69: 2 | AO69: 2 | AP69: 0 | AQ69: 0 | AR69: =COUNTIF(K69:X69,"r'*") -> 0 | AS69: =COUNTIF(K69:X69,"R") -> 0 | AT69: =8-AN69-AP69-AR69 -> 6 | AU69: =8-AO69-AQ69-AS69 -> 6 | AV69: =COUNTIF(E69:AH69,"*早*")-AW69 -> 0 | AW69: =COUNTIF(E69:AH69,"*早A") -> 0 | AX69: =COUNTIF(E69:AH69,"*中*") -> 0 | AY69: =COUNTIF(E69:AH69,"*午*")-AZ69 -> 0 | AZ69: =COUNTIF(E69:AH69,"*午F") -> 0 | BA69: =COUNTIF(E69:AH69,"*夜*") -> 0 | BB69: =COUNTIF(E69:AH69,"*T*") -> 0 | BC69: =COUNTIF(E69:AH69,"*日*") -> 0 | BD69: =COUNTIF(E69:AH69,"L") -> 0 | BE69: {=SUMPRODUCT(1*ISNUMBER(FIND("R",E69:AH69)))} -> 0 | BF69: {=SUMPRODUCT(1*ISNUMBER(FIND("r",E69:AH69)))} -> 0 | BG69: {=SUMPRODUCT(1*ISNUMBER(FIND("P",E69:AH69)))-SUMPRODUCT(1*ISNUMBER(FIND("午P",E69:AH69)))} -> 0 | BH69: =SUM(BE69:BG69) -> 0 | BI69: {=SUMPRODUCT(1*ISNUMBER(FIND("R",D69:J69)))} -> 0 | BJ69: {=SUMPRODUCT(1*ISNUMBER(FIND("R",K69:Q69)))} -> 0 | BK69: {=SUMPRODUCT(1*ISNUMBER(FIND("R",R69:X69)))} -> 0 | BL69: {=SUMPRODUCT(1*ISNUMBER(FIND("R",Y69:AE69)))} -> 0 | BM69: {=SUMPRODUCT(1*ISNUMBER(FIND("R",AF69:AL69)))} -> 0 | BN69: =SUM(AV69:BG69) -> 0 | BP69: 9 | BQ69: {=SUMPRODUCT(1*ISNUMBER(FIND("P",K69:AL69)))-SUMPRODUCT(1*ISNUMBER(FIND("午P",K69:AL69)))} -> 0
B70: T00813 | C70: 陳雅愉 | D70: R | E70: L | F70: L | G70: L | H70: L | I70: L | J70: r' | AM70: =BP70+BQ70 -> 11 | AN70: 2 | AO70: 2 | AP70: 4 | AQ70: 4 | AR70: =COUNTIF(K70:X70,"r'*") -> 0 | AS70: =COUNTIF(K70:X70,"R") -> 0 | AT70: =8-AN70-AP70-AR70 -> 2 | AU70: =8-AO70-AQ70-AS70 -> 2 | AV70: =COUNTIF(E70:AH70,"*早*")-AW70 -> 0 | AW70: =COUNTIF(E70:AH70,"*早A") -> 0 | AX70: =COUNTIF(E70:AH70,"*中*") -> 0 | AY70: =COUNTIF(E70:AH70,"*午*")-AZ70 -> 0 | AZ70: =COUNTIF(E70:AH70,"*午F") -> 0 | BA70: =COUNTIF(E70:AH70,"*夜*") -> 0 | BB70: =COUNTIF(E70:AH70,"*T*") -> 0 | BC70: =COUNTIF(E70:AH70,"*日*") -> 0 | BD70: =COUNTIF(E70:AH70,"L") -> 5 | BE70: {=SUMPRODUCT(1*ISNUMBER(FIND("R",E70:AH70)))} -> 0 | BF70: {=SUMPRODUCT(1*ISNUMBER(FIND("r",E70:AH70)))} -> 1 | BG70: {=SUMPRODUCT(1*ISNUMBER(FIND("P",E70:AH70)))-SUMPRODUCT(1*ISNUMBER(FIND("午P",E70:AH70)))} -> 0 | BH70: =SUM(BE70:BG70) -> 1 | BI70: {=SUMPRODUCT(1*ISNUMBER(FIND("R",D70:J70)))} -> 1 | BJ70: {=SUMPRODUCT(1*ISNUMBER(FIND("R",K70:Q70)))} -> 0 | BK70: {=SUMPRODUCT(1*ISNUMBER(FIND("R",R70:X70)))} -> 0 | BL70: {=SUMPRODUCT(1*ISNUMBER(FIND("R",Y70:AE70)))} -> 0 | BM70: {=SUMPRODUCT(1*ISNUMBER(FIND("R",AF70:AL70)))} -> 0 | BN70: =SUM(AV70:BG70) -> 6 | BP70: 11 | BQ70: {=SUMPRODUCT(1*ISNUMBER(FIND("P",K70:AL70)))-SUMPRODUCT(1*ISNUMBER(FIND("午P",K70:AL70)))} -> 0
B71: T02215 | C71: 吳尚達 | D71: P | E71: 06午 | F71: 06中A | G71: 06中A | H71: 06中A | I71: R | J71: r' | AA71: 勞安訓 | AM71: =BP71+BQ71 -> 8 | AN71: 2 | AO71: 2 | AP71: 4 | AQ71: 4 | AR71: =COUNTIF(K71:X71,"r'*") -> 0 | AS71: =COUNTIF(K71:X71,"R") -> 0 | AT71: =8-AN71-AP71-AR71 -> 2 | AU71: =8-AO71-AQ71-AS71 -> 2 | AV71: =COUNTIF(E71:AH71,"*早*")-AW71 -> 0 | AW71: =COUNTIF(E71:AH71,"*早A") -> 0 | AX71: =COUNTIF(E71:AH71,"*中*") -> 3 | AY71: =COUNTIF(E71:AH71,"*午*")-AZ71 -> 1 | AZ71: =COUNTIF(E71:AH71,"*午F") -> 0 | BA71: =COUNTIF(E71:AH71,"*夜*") -> 0 | BB71: =COUNTIF(E71:AH71,"*T*") -> 0 | BC71: =COUNTIF(E71:AH71,"*日*") -> 0 | BD71: =COUNTIF(E71:AH71,"L") -> 0 | BE71: {=SUMPRODUCT(1*ISNUMBER(FIND("R",E71:AH71)))} -> 1 | BF71: {=SUMPRODUCT(1*ISNUMBER(FIND("r",E71:AH71)))} -> 1 | BG71: {=SUMPRODUCT(1*ISNUMBER(FIND("P",E71:AH71)))-SUMPRODUCT(1*ISNUMBER(FIND("午P",E71:AH71)))} -> 0 | BH71: =SUM(BE71:BG71) -> 2 | BI71: {=SUMPRODUCT(1*ISNUMBER(FIND("R",D71:J71)))} -> 1 | BJ71: {=SUMPRODUCT(1*ISNUMBER(FIND("R",K71:Q71)))} -> 0 | BK71: {=SUMPRODUCT(1*ISNUMBER(FIND("R",R71:X71)))} -> 0 | BL71: {=SUMPRODUCT(1*ISNUMBER(FIND("R",Y71:AE71)))} -> 0 | BM71: {=SUMPRODUCT(1*ISNUMBER(FIND("R",AF71:AL71)))} -> 0 | BN71: =SUM(AV71:BG71) -> 6 | BP71: 8 | BQ71: {=SUMPRODUCT(1*ISNUMBER(FIND("P",K71:AL71)))-SUMPRODUCT(1*ISNUMBER(FIND("午P",K71:AL71)))} -> 0
B72: T02229 | C72: 吳意甄 | D72: 06中A | E72: 06早 | F72: R | G72: 03早 | H72: r' | I72: 06中A | J72: 06中A | AM72: =BP72+BQ72 -> 9 | AN72: 2 | AO72: 2 | AP72: 4 | AQ72: 4 | AR72: =COUNTIF(K72:X72,"r'*") -> 0 | AS72: =COUNTIF(K72:X72,"R") -> 0 | AT72: =8-AN72-AP72-AR72 -> 2 | AU72: =8-AO72-AQ72-AS72 -> 2 | AV72: =COUNTIF(E72:AH72,"*早*")-AW72 -> 2 | AW72: =COUNTIF(E72:AH72,"*早A") -> 0 | AX72: =COUNTIF(E72:AH72,"*中*") -> 2 | AY72: =COUNTIF(E72:AH72,"*午*")-AZ72 -> 0 | AZ72: =COUNTIF(E72:AH72,"*午F") -> 0 | BA72: =COUNTIF(E72:AH72,"*夜*") -> 0 | BB72: =COUNTIF(E72:AH72,"*T*") -> 0 | BC72: =COUNTIF(E72:AH72,"*日*") -> 0 | BD72: =COUNTIF(E72:AH72,"L") -> 0 | BE72: {=SUMPRODUCT(1*ISNUMBER(FIND("R",E72:AH72)))} -> 1 | BF72: {=SUMPRODUCT(1*ISNUMBER(FIND("r",E72:AH72)))} -> 1 | BG72: {=SUMPRODUCT(1*ISNUMBER(FIND("P",E72:AH72)))-SUMPRODUCT(1*ISNUMBER(FIND("午P",E72:AH72)))} -> 0 | BH72: =SUM(BE72:BG72) -> 2 | BI72: {=SUMPRODUCT(1*ISNUMBER(FIND("R",D72:J72)))} -> 1 | BJ72: {=SUMPRODUCT(1*ISNUMBER(FIND("R",K72:Q72)))} -> 0 | BK72: {=SUMPRODUCT(1*ISNUMBER(FIND("R",R72:X72)))} -> 0 | BL72: {=SUMPRODUCT(1*ISNUMBER(FIND("R",Y72:AE72)))} -> 0 | BM72: {=SUMPRODUCT(1*ISNUMBER(FIND("R",AF72:AL72)))} -> 0 | BN72: =SUM(AV72:BG72) -> 6 | BP72: 9 | BQ72: {=SUMPRODUCT(1*ISNUMBER(FIND("P",K72:AL72)))-SUMPRODUCT(1*ISNUMBER(FIND("午P",K72:AL72)))} -> 0
C73: 班別代號: OO早A：0620~1520(9hr) OO早：0630~1430(8hr) OO早G：0730~1530(8hr) OO早Q：0930~1730(8hr) OO中A：1100~1900(8hr) OO午P：1400~2200(8hr) OO午：1410~2210(8hr) OO午F：1500~2400(9hr) OO夜：2150~0650(9hr) OO代表車站、段辦(例如：A17早班，代碼17早。A17正常班，代碼17日。中心正常班，代碼日。北段段辦正常班，代號41日。中段段辦正常班，代號42日。南段段辦正常班，代號43日。) T：訓練 0830~1730 日：0830~1730 R：例假 L：其他休假 r：休假 P：國定假日
A74: 備註
B80: 員編 ID No. | C80: 日期 星期 姓名 | D80: =D1 -> 46201 | E80: =E1 -> 46202 | F80: =F1 -> 46203 | G80: =G1 -> 46204 | H80: =H1 -> 46205 | I80: =I1 -> 46206 | J80: =J1 -> 46207 | K80: =K1 -> 46208 | ... AL80: =AL1 -> 46235
D81: =D2 -> 日 | E81: =E2 -> 一 | F81: =F2 -> 二 | G81: =G2 -> 三 | H81: =H2 -> 四 | I81: =I2 -> 五 | J81: =J2 -> 六 | K81: =K2 -> 日 | ... AL81: =AL2 -> 六
C82: 41早 | D82: =COUNTIF(D$3:D$72,"41早") -> 1 | E82: =COUNTIF(E$3:E$72,"41早") -> 1 | F82: =COUNTIF(F$3:F$72,"41早") -> 1 | G82: =COUNTIF(G$3:G$72,"41早") -> 1 | H82: =COUNTIF(H$3:H$72,"41早") -> 1 | I82: =COUNTIF(I$3:I$72,"41早") -> 1 | J82: =COUNTIF(J$3:J$72,"41早") -> 1 | K82: =COUNTIF(K$3:K$72,"41早") -> 0 | ... P82: =COUNTIF(P$3:P$72,"41早") -> 0 | Q82: =COUNTIF(Q$3:Q$72,"41早*") -> 0 | R82: =COUNTIF(R$3:R$72,"41早") -> 0 | S82: =COUNTIF(S$3:S$72,"41早") -> 0 | T82: =COUNTIF(T$3:T$72,"41早") -> 0 | U82: =COUNTIF(U$3:U$72,"41早") -> 0 | V82: =COUNTIF(V$3:V$72,"41早") -> 0 | W82: =COUNTIF(W$3:W$72,"41早") -> 0 | X82: =COUNTIF(X$3:X$72,"41早") -> 0 | Y82: =COUNTIF(Y$3:Y$72,"41早") -> 0 | ... AL82: =COUNTIF(AL$3:AL$72,"41早") -> 0
C83: 41午 | D83: =COUNTIF(D$3:D$72,"41午") -> 1 | E83: =COUNTIF(E$3:E$72,"41午") -> 1 | F83: =COUNTIF(F$3:F$72,"41午") -> 1 | G83: =COUNTIF(G$3:G$72,"41午") -> 1 | H83: =COUNTIF(H$3:H$72,"41午") -> 1 | I83: =COUNTIF(I$3:I$72,"41午") -> 1 | J83: =COUNTIF(J$3:J$72,"41午") -> 1 | K83: =COUNTIF(K$3:K$72,"41午") -> 0 | L83: =COUNTIF(L$3:L$72,"41午*") -> 0 | M83: =COUNTIF(M$3:M$72,"41午") -> 0 | N83: =COUNTIF(N$3:N$72,"41午") -> 0 | O83: =COUNTIF(O$3:O$72,"41午") -> 0 | P83: =COUNTIF(P$3:P$72,"41午") -> 0 | Q83: =COUNTIF(Q$3:Q$72,"41午") -> 0 | R83: =COUNTIF(R$3:R$72,"41午") -> 0 | S83: =COUNTIF(S$3:S$72,"41午") -> 0 | T83: =COUNTIF(T$3:T$72,"41午") -> 0 | ... AL83: =COUNTIF(AL$3:AL$72,"41午") -> 0
C84: 41夜 | D84: =COUNTIF(D$3:D$72,"41夜*") -> 0 | E84: =COUNTIF(E$3:E$72,"41夜*") -> 1 | F84: =COUNTIF(F$3:F$72,"41夜*") -> 1 | G84: =COUNTIF(G$3:G$72,"41夜*") -> 1 | H84: =COUNTIF(H$3:H$72,"41夜*") -> 1 | I84: =COUNTIF(I$3:I$72,"41夜*") -> 1 | J84: =COUNTIF(J$3:J$72,"41夜*") -> 1 | K84: =COUNTIF(K$3:K$72,"41夜*") -> 0 | ... AL84: =COUNTIF(AL$3:AL$72,"41夜*") -> 0
C85: A1早 | D85: =COUNTIF(D$3:D$72,"01早*") -> 5 | E85: =COUNTIF(E$3:E$72,"01早*") -> 5 | F85: =COUNTIF(F$3:F$72,"01早*") -> 5 | G85: =COUNTIF(G$3:G$72,"01早*") -> 5 | H85: =COUNTIF(H$3:H$72,"01早*") -> 5 | I85: =COUNTIF(I$3:I$72,"01早*") -> 5 | J85: =COUNTIF(J$3:J$72,"01早*") -> 5 | K85: =COUNTIF(K$3:K$72,"01早*") -> 0 | ... AL85: =COUNTIF(AL$3:AL$72,"01早*") -> 0
C86: A1中A | D86: =COUNTIF(D$3:D$72,"01中A*") -> 1 | E86: =COUNTIF(E$3:E$72,"01中A*") -> 1 | F86: =COUNTIF(F$3:F$72,"01中A*") -> 1 | G86: =COUNTIF(G$3:G$72,"01中A*") -> 1 | H86: =COUNTIF(H$3:H$72,"01中A*") -> 1 | I86: =COUNTIF(I$3:I$72,"01中A*") -> 1 | J86: =COUNTIF(J$3:J$72,"01中A*") -> 0 | K86: =COUNTIF(K$3:K$72,"01中A*") -> 0 | ... AL86: =COUNTIF(AL$3:AL$72,"01中A*") -> 0
C87: A1午 | D87: =COUNTIF(D$3:D$72,"01午*") -> 5 | E87: =COUNTIF(E$3:E$72,"01午*") -> 5 | F87: =COUNTIF(F$3:F$72,"01午*") -> 5 | G87: =COUNTIF(G$3:G$72,"01午*") -> 5 | H87: =COUNTIF(H$3:H$72,"01午*") -> 5 | I87: =COUNTIF(I$3:I$72,"01午*") -> 5 | J87: =COUNTIF(J$3:J$72,"01午*") -> 5 | K87: =COUNTIF(K$3:K$72,"01午*") -> 0 | ... AL87: =COUNTIF(AL$3:AL$72,"01午*") -> 0
C88: A1夜 | D88: =COUNTIF(D$3:D$72,"01夜*") -> 2 | E88: =COUNTIF(E$3:E$72,"01夜*") -> 2 | F88: =COUNTIF(F$3:F$72,"01夜*") -> 2 | G88: =COUNTIF(G$3:G$72,"01夜*") -> 2 | H88: =COUNTIF(H$3:H$72,"01夜*") -> 2 | I88: =COUNTIF(I$3:I$72,"01夜*") -> 2 | J88: =COUNTIF(J$3:J$72,"01夜*") -> 2 | K88: =COUNTIF(K$3:K$72,"01夜*") -> 0 | ... AL88: =COUNTIF(AL$3:AL$72,"01夜*") -> 0
C89: A2早 | D89: =COUNTIF(D$3:D$72,"**02早*") -> 2 | E89: =COUNTIF(E$3:E$72,"**02早*") -> 2 | F89: =COUNTIF(F$3:F$72,"**02早*") -> 2 | G89: =COUNTIF(G$3:G$72,"**02早*") -> 2 | H89: =COUNTIF(H$3:H$72,"**02早*") -> 2 | I89: =COUNTIF(I$3:I$72,"**02早*") -> 2 | J89: =COUNTIF(J$3:J$72,"**02早*") -> 2 | K89: =COUNTIF(K$3:K$72,"**02早*") -> 0 | ... AL89: =COUNTIF(AL$3:AL$72,"**02早*") -> 0
C90: A2中A | D90: =COUNTIF(D$3:D$72,"02中A*") -> 0 | E90: =COUNTIF(E$3:E$72,"02中A*") -> 0 | F90: =COUNTIF(F$3:F$72,"02中A*") -> 0 | G90: =COUNTIF(G$3:G$72,"02中A*") -> 0 | H90: =COUNTIF(H$3:H$72,"02中A*") -> 0 | I90: =COUNTIF(I$3:I$72,"02中A*") -> 0 | J90: =COUNTIF(J$3:J$72,"02中A*") -> 0 | K90: =COUNTIF(K$3:K$72,"02中A*") -> 0 | ... AL90: =COUNTIF(AL$3:AL$72,"02中A*") -> 0
C91: A2午 | D91: =COUNTIF(D$3:D$72,"*02午*") -> 2 | E91: =COUNTIF(E$3:E$72,"*02午*") -> 2 | F91: =COUNTIF(F$3:F$72,"*02午*") -> 2 | G91: =COUNTIF(G$3:G$72,"*02午*") -> 2 | H91: =COUNTIF(H$3:H$72,"*02午*") -> 2 | I91: =COUNTIF(I$3:I$72,"*02午*") -> 2 | J91: =COUNTIF(J$3:J$72,"*02午*") -> 2 | K91: =COUNTIF(K$3:K$72,"*02午*") -> 0 | ... AL91: =COUNTIF(AL$3:AL$72,"*02午*") -> 0
C92: A2夜 | D92: =COUNTIF(D$3:D$72,"02夜*") -> 1 | E92: =COUNTIF(E$3:E$72,"02夜*") -> 1 | F92: =COUNTIF(F$3:F$72,"02夜*") -> 1 | G92: =COUNTIF(G$3:G$72,"02夜*") -> 1 | H92: =COUNTIF(H$3:H$72,"02夜*") -> 1 | I92: =COUNTIF(I$3:I$72,"02夜*") -> 1 | J92: =COUNTIF(J$3:J$72,"02夜*") -> 1 | K92: =COUNTIF(K$3:K$72,"02夜*") -> 0 | ... AL92: =COUNTIF(AL$3:AL$72,"02夜*") -> 0
C93: A3早 | D93: =COUNTIF(D$3:D$72,"*03早*")-D94 -> 2 | E93: =COUNTIF(E$3:E$72,"*03早*")-E94 -> 2 | F93: =COUNTIF(F$3:F$72,"*03早*")-F94 -> 2 | G93: =COUNTIF(G$3:G$72,"*03早*")-G94 -> 2 | H93: =COUNTIF(H$3:H$72,"*03早*")-H94 -> 2 | I93: =COUNTIF(I$3:I$72,"*03早*")-I94 -> 2 | J93: =COUNTIF(J$3:J$72,"*03早*")-J94 -> 2 | K93: =COUNTIF(K$3:K$72,"*03早*")-K94 -> 0 | ... AL93: =COUNTIF(AL$3:AL$72,"*03早*")-AL94 -> 0
C94: A3早A | D94: =COUNTIF(D$3:D$72,"*03早A*") -> 1 | E94: =COUNTIF(E$3:E$72,"*03早A*") -> 1 | F94: =COUNTIF(F$3:F$72,"*03早A*") -> 1 | G94: =COUNTIF(G$3:G$72,"*03早A*") -> 1 | H94: =COUNTIF(H$3:H$72,"*03早A*") -> 1 | I94: =COUNTIF(I$3:I$72,"*03早A*") -> 1 | J94: =COUNTIF(J$3:J$72,"*03早A*") -> 0 | K94: =COUNTIF(K$3:K$72,"*03早A*") -> 0 | ... AL94: =COUNTIF(AL$3:AL$72,"*03早A*") -> 0
C95: A3中A | D95: =COUNTIF(D$3:D$72,"03中A*") -> 0 | E95: =COUNTIF(E$3:E$72,"03中A*") -> 0 | F95: =COUNTIF(F$3:F$72,"03中A*") -> 0 | G95: =COUNTIF(G$3:G$72,"03中A*") -> 0 | H95: =COUNTIF(H$3:H$72,"03中A*") -> 0 | I95: =COUNTIF(I$3:I$72,"03中A*") -> 0 | J95: =COUNTIF(J$3:J$72,"03中A*") -> 0 | K95: =COUNTIF(K$3:K$72,"03中A*") -> 0 | ... AL95: =COUNTIF(AL$3:AL$72,"03中A*") -> 0
C96: A3午 | D96: =COUNTIF(D$3:D$72,"*03午*")-D97 -> 2 | E96: =COUNTIF(E$3:E$72,"*03午*")-E97 -> 2 | F96: =COUNTIF(F$3:F$72,"*03午*")-F97 -> 2 | G96: =COUNTIF(G$3:G$72,"*03午*")-G97 -> 2 | H96: =COUNTIF(H$3:H$72,"*03午*")-H97 -> 2 | I96: =COUNTIF(I$3:I$72,"*03午*")-I97 -> 2 | J96: =COUNTIF(J$3:J$72,"*03午*")-J97 -> 2 | K96: =COUNTIF(K$3:K$72,"*03午*")-K97 -> 0 | ... AL96: =COUNTIF(AL$3:AL$72,"*03午*")-AL97 -> 0
C97: A3午F | D97: =COUNTIF(D$3:D$72,"*03午F*") -> 1 | E97: =COUNTIF(E$3:E$72,"*03午F*") -> 1 | F97: =COUNTIF(F$3:F$72,"*03午F*") -> 1 | G97: =COUNTIF(G$3:G$72,"*03午F*") -> 1 | H97: =COUNTIF(H$3:H$72,"*03午F*") -> 1 | I97: =COUNTIF(I$3:I$72,"*03午F*") -> 1 | J97: =COUNTIF(J$3:J$72,"*03午F*") -> 1 | K97: =COUNTIF(K$3:K$72,"*03午F*") -> 0 | ... AL97: =COUNTIF(AL$3:AL$72,"*03午F*") -> 0
C98: A3夜 | D98: =COUNTIF(D$3:D$72,"03夜") -> 1 | E98: =COUNTIF(E$3:E$72,"03夜") -> 1 | F98: =COUNTIF(F$3:F$72,"03夜") -> 1 | G98: =COUNTIF(G$3:G$72,"03夜") -> 1 | H98: =COUNTIF(H$3:H$72,"03夜") -> 1 | I98: =COUNTIF(I$3:I$72,"03夜") -> 1 | J98: =COUNTIF(J$3:J$72,"03夜") -> 1 | K98: =COUNTIF(K$3:K$72,"03夜") -> 0 | ... AL98: =COUNTIF(AL$3:AL$72,"03夜") -> 0
C99: A4早 | D99: =COUNTIF(D$3:D$72,"*04早*") -> 1 | E99: =COUNTIF(E$3:E$72,"*04早*") -> 1 | F99: =COUNTIF(F$3:F$72,"*04早*") -> 1 | G99: =COUNTIF(G$3:G$72,"*04早*") -> 1 | H99: =COUNTIF(H$3:H$72,"*04早*") -> 1 | I99: =COUNTIF(I$3:I$72,"*04早*") -> 1 | J99: =COUNTIF(J$3:J$72,"*04早*") -> 1 | K99: =COUNTIF(K$3:K$72,"*04早*") -> 0 | ... AL99: =COUNTIF(AL$3:AL$72,"*04早*") -> 0
C100: A4中A | D100: =COUNTIF(D$3:D$72,"*04中A*") -> 1 | E100: =COUNTIF(E$3:E$72,"*04中A*") -> 1 | F100: =COUNTIF(F$3:F$72,"*04中A*") -> 1 | G100: =COUNTIF(G$3:G$72,"*04中A*") -> 1 | H100: =COUNTIF(H$3:H$72,"*04中A*") -> 1 | I100: =COUNTIF(I$3:I$72,"*04中A*") -> 1 | J100: =COUNTIF(J$3:J$72,"*04中A*") -> 1 | K100: =COUNTIF(K$3:K$72,"*04中A*") -> 0 | ... AL100: =COUNTIF(AL$3:AL$72,"*04中A*") -> 0
C101: A4午 | D101: =COUNTIF(D$3:D$72,"*04午*") -> 1 | E101: =COUNTIF(E$3:E$72,"*04午*") -> 1 | F101: =COUNTIF(F$3:F$72,"*04午*") -> 1 | G101: =COUNTIF(G$3:G$72,"*04午*") -> 1 | H101: =COUNTIF(H$3:H$72,"*04午*") -> 1 | I101: =COUNTIF(I$3:I$72,"*04午*") -> 1 | J101: =COUNTIF(J$3:J$72,"*04午*") -> 1 | K101: =COUNTIF(K$3:K$72,"*04午*") -> 0 | ... AL101: =COUNTIF(AL$3:AL$72,"*04午*") -> 0
C102: A4夜 | D102: =COUNTIF(D$3:D$72,"*04夜*") -> 1 | E102: =COUNTIF(E$3:E$72,"*04夜*") -> 1 | F102: =COUNTIF(F$3:F$72,"*04夜*") -> 1 | G102: =COUNTIF(G$3:G$72,"*04夜*") -> 1 | H102: =COUNTIF(H$3:H$72,"*04夜*") -> 1 | I102: =COUNTIF(I$3:I$72,"*04夜*") -> 1 | J102: =COUNTIF(J$3:J$72,"*04夜*") -> 1 | K102: =COUNTIF(K$3:K$72,"*04夜*") -> 0 | ... AL102: =COUNTIF(AL$3:AL$72,"*04夜*") -> 0
C103: A5早 | D103: =COUNTIF(D$3:D$72,"*05早*") -> 1 | E103: =COUNTIF(E$3:E$72,"*05早*") -> 1 | F103: =COUNTIF(F$3:F$72,"*05早*") -> 1 | G103: =COUNTIF(G$3:G$72,"*05早*") -> 1 | H103: =COUNTIF(H$3:H$72,"*05早*") -> 1 | I103: =COUNTIF(I$3:I$72,"*05早*") -> 1 | J103: =COUNTIF(J$3:J$72,"*05早*") -> 1 | K103: =COUNTIF(K$3:K$72,"*05早*") -> 0 | ... U103: =COUNTIF(U$3:U$72,"*05早*") -> 0 | V103: =COUNTIF(V$3:V$72,"*05早") -> 0 | W103: =COUNTIF(W$3:W$72,"*05早*") -> 0 | X103: =COUNTIF(X$3:X$72,"*05早*") -> 0 | Y103: =COUNTIF(Y$3:Y$72,"*05早*") -> 0 | Z103: =COUNTIF(Z$3:Z$72,"*05早*") -> 0 | AA103: =COUNTIF(AA$3:AA$72,"*05早*") -> 0 | AB103: =COUNTIF(AB$3:AB$72,"*05早*") -> 0 | AC103: =COUNTIF(AC$3:AC$72,"*05早*") -> 0 | AD103: =COUNTIF(AD$3:AD$72,"*05早*") -> 0 | ... AL103: =COUNTIF(AL$3:AL$72,"*05早*") -> 0
C104: A5中A | D104: =COUNTIF(D$3:D$72,"05中A*") -> 1 | E104: =COUNTIF(E$3:E$72,"05中A*") -> 1 | F104: =COUNTIF(F$3:F$72,"05中A*") -> 1 | G104: =COUNTIF(G$3:G$72,"05中A*") -> 1 | H104: =COUNTIF(H$3:H$72,"05中A*") -> 1 | I104: =COUNTIF(I$3:I$72,"05中A*") -> 1 | J104: =COUNTIF(J$3:J$72,"05中A*") -> 1 | K104: =COUNTIF(K$3:K$72,"05中A*") -> 0 | ... AL104: =COUNTIF(AL$3:AL$72,"05中A*") -> 0
C105: A5午 | D105: =COUNTIF(D$3:D$72,"*05午*") -> 1 | E105: =COUNTIF(E$3:E$72,"*05午*") -> 1 | F105: =COUNTIF(F$3:F$72,"*05午*") -> 1 | G105: =COUNTIF(G$3:G$72,"*05午*") -> 1 | H105: =COUNTIF(H$3:H$72,"*05午*") -> 1 | I105: =COUNTIF(I$3:I$72,"*05午*") -> 1 | J105: =COUNTIF(J$3:J$72,"*05午*") -> 1 | K105: =COUNTIF(K$3:K$72,"*05午*") -> 0 | ... AL105: =COUNTIF(AL$3:AL$72,"*05午*") -> 0
...

Sheet 北段 (人資版)
B1: 員編 ID No. | C1: 日期 星期 姓名 | D1: 46143 | E1: =D1+1 -> 46144 | F1: =E1+1 -> 46145 | G1: =F1+1 -> 46146 | H1: =G1+1 -> 46147 | I1: =H1+1 -> 46148 | J1: =I1+1 -> 46149 | K1: =J1+1 -> 46150 | L1: =K1+1 -> 46151 | ... AN1: =AM1+1 -> 46179
D2: =IFERROR(IF(WEEKDAY(D1,2)=7,"日",WEEKDAY(D1,2)),"") -> 5 | E2: =IFERROR(IF(WEEKDAY(E1,2)=7,"日",WEEKDAY(E1,2)),"") -> 6 | F2: =IFERROR(IF(WEEKDAY(F1,2)=7,"日",WEEKDAY(F1,2)),"") -> 日 | G2: =IFERROR(IF(WEEKDAY(G1,2)=7,"日",WEEKDAY(G1,2)),"") -> 1 | H2: =IFERROR(IF(WEEKDAY(H1,2)=7,"日",WEEKDAY(H1,2)),"") -> 2 | I2: =IFERROR(IF(WEEKDAY(I1,2)=7,"日",WEEKDAY(I1,2)),"") -> 3 | J2: =IFERROR(IF(WEEKDAY(J1,2)=7,"日",WEEKDAY(J1,2)),"") -> 4 | K2: =IFERROR(IF(WEEKDAY(K1,2)=7,"日",WEEKDAY(K1,2)),"") -> 5 | ... AN2: =IFERROR(IF(WEEKDAY(AN1,2)=7,"日",WEEKDAY(AN1,2)),"") -> 6
B3: =LEFT(北段!B3,6) -> T00082 | C3: =VLOOKUP(B3,北段!B:C,2,FALSE) -> 梁仲煒 | D3: =LEFT(北段!I3,4) -> 41日 | E3: =LEFT(北段!J3,4) -> r' | F3: =LEFT(北段!K3,4) | G3: =LEFT(北段!L3,4) | H3: =LEFT(北段!M3,4) | I3: =LEFT(北段!N3,4) | J3: =LEFT(北段!O3,4) | K3: =LEFT(北段!P3,4) | ... AG3: =LEFT(北段!AL3,4) | AH3: =LEFT(北段!#REF!,4) -> #REF! | AI3: =LEFT(北段!#REF!,4) -> #REF! | AJ3: =LEFT(北段!#REF!,4) -> #REF! | AK3: =LEFT(北段!#REF!,4) -> #REF! | AL3: =LEFT(北段!#REF!,4) -> #REF! | AM3: =LEFT(北段!#REF!,4) -> #REF! | AN3: =LEFT(北段!#REF!,4) -> #REF!
B4: =LEFT(北段!B4,6) -> T00178 | C4: =VLOOKUP(B4,北段!B:C,2,FALSE) -> 何旺宗 | D4: =LEFT(北段!I4,4) -> 41早 | E4: =LEFT(北段!J4,4) -> 41早 | F4: =LEFT(北段!K4,4) | G4: =LEFT(北段!L4,4) | H4: =LEFT(北段!M4,4) | I4: =LEFT(北段!N4,4) | J4: =LEFT(北段!O4,3) | K4: =LEFT(北段!P4,4) | L4: =LEFT(北段!Q4,4) | M4: =LEFT(北段!R4,4) | N4: =LEFT(北段!S4,4) | O4: =LEFT(北段!T4,4) | P4: =LEFT(北段!U4,4) | Q4: =LEFT(北段!V4,4) | R4: =LEFT(北段!W4,4) | ... AG4: =LEFT(北段!AL4,4) | AH4: =LEFT(北段!#REF!,4) -> #REF! | AI4: =LEFT(北段!#REF!,4) -> #REF! | AJ4: =LEFT(北段!#REF!,4) -> #REF! | AK4: =LEFT(北段!#REF!,4) -> #REF! | AL4: =LEFT(北段!#REF!,4) -> #REF! | AM4: =LEFT(北段!#REF!,4) -> #REF! | AN4: =LEFT(北段!#REF!,4) -> #REF!
B5: =LEFT(北段!B5,6) -> T00252 | C5: =VLOOKUP(B5,北段!B:C,2,FALSE) -> 馮炫強 | D5: =LEFT(北段!I5,4) -> 41夜 | E5: =LEFT(北段!J5,4) -> 41夜 | F5: =LEFT(北段!K5,4) | G5: =LEFT(北段!L5,4) | H5: =LEFT(北段!M5,4) | I5: =LEFT(北段!N5,4) | J5: =LEFT(北段!O5,4) | K5: =LEFT(北段!P5,4) | ... X5: =LEFT(北段!AC5,4) | Y5: =LEFT(北段!AD5,3) | Z5: =LEFT(北段!AE5,4) | AA5: =LEFT(北段!AF5,4) | AB5: =LEFT(北段!AG5,4) | AC5: =LEFT(北段!AH5,4) | AD5: =LEFT(北段!AI5,4) | AE5: =LEFT(北段!AJ5,4) | AF5: =LEFT(北段!AK5,4) | AG5: =LEFT(北段!AL5,4) | AH5: =LEFT(北段!#REF!,4) -> #REF! | AI5: =LEFT(北段!#REF!,4) -> #REF! | AJ5: =LEFT(北段!#REF!,4) -> #REF! | AK5: =LEFT(北段!#REF!,4) -> #REF! | AL5: =LEFT(北段!#REF!,4) -> #REF! | AM5: =LEFT(北段!#REF!,4) -> #REF! | AN5: =LEFT(北段!#REF!,4) -> #REF!
B6: =LEFT(北段!B6,6) -> T00343 | C6: =VLOOKUP(B6,北段!B:C,2,FALSE) -> 劉哲宇 | D6: =LEFT(北段!I6,4) -> 41日( | E6: =LEFT(北段!J6,4) -> 06早 | F6: =LEFT(北段!K6,4) | G6: =LEFT(北段!L6,4) | H6: =LEFT(北段!M6,4) | I6: =LEFT(北段!N6,4) | J6: =LEFT(北段!O6,4) | K6: =LEFT(北段!P6,3) | L6: =LEFT(北段!Q6,4) | M6: =LEFT(北段!R6,4) | N6: =LEFT(北段!S6,4) | O6: =LEFT(北段!T6,4) | P6: =LEFT(北段!U6,4) | Q6: =LEFT(北段!V6,3) | R6: =LEFT(北段!W6,4) | S6: =LEFT(北段!X6,4) | T6: =LEFT(北段!Y6,4) | U6: =LEFT(北段!Z6,4) | V6: =LEFT(北段!AA6,4) -> 勞安訓 | W6: =LEFT(北段!AB6,4) | X6: =LEFT(北段!AC6,4) | Y6: =LEFT(北段!AD6,4) | ... AA6: =LEFT(北段!AF6,4) | AB6: =LEFT(北段!AG6,3) | AC6: =LEFT(北段!AH6,4) | AD6: =LEFT(北段!AI6,4) | AE6: =LEFT(北段!AJ6,4) | AF6: =LEFT(北段!AK6,4) | AG6: =LEFT(北段!AL6,4) | AH6: =LEFT(北段!#REF!,4) -> #REF! | AI6: =LEFT(北段!#REF!,4) -> #REF! | AJ6: =LEFT(北段!#REF!,4) -> #REF! | AK6: =LEFT(北段!#REF!,4) -> #REF! | AL6: =LEFT(北段!#REF!,4) -> #REF! | AM6: =LEFT(北段!#REF!,4) -> #REF! | AN6: =LEFT(北段!#REF!,4) -> #REF!
B7: =LEFT(北段!B7,6) -> T00356 | C7: =VLOOKUP(B7,北段!B:C,2,FALSE) -> 吳國強 | D7: =LEFT(北段!I7,4) -> 41午 | E7: =LEFT(北段!J7,4) -> 41午 | F7: =LEFT(北段!K7,4) | G7: =LEFT(北段!L7,4) | H7: =LEFT(北段!M7,4) | I7: =LEFT(北段!N7,4) | J7: =LEFT(北段!O7,4) | K7: =LEFT(北段!P7,4) | ... U7: =LEFT(北段!Z7,4) | V7: =LEFT(北段!AA7,3) | W7: =LEFT(北段!AB7,4) | X7: =LEFT(北段!AC7,4) | Y7: =LEFT(北段!AD7,4) | Z7: =LEFT(北段!AE7,4) | AA7: =LEFT(北段!AF7,4) | AB7: =LEFT(北段!AG7,4) | AC7: =LEFT(北段!AH7,4) | AD7: =LEFT(北段!AI7,4) | ... AG7: =LEFT(北段!AL7,4) | AH7: =LEFT(北段!#REF!,4) -> #REF! | AI7: =LEFT(北段!#REF!,4) -> #REF! | AJ7: =LEFT(北段!#REF!,4) -> #REF! | AK7: =LEFT(北段!#REF!,3) -> #REF! | AL7: =LEFT(北段!#REF!,4) -> #REF! | AM7: =LEFT(北段!#REF!,4) -> #REF! | AN7: =LEFT(北段!#REF!,4) -> #REF!
B8: =LEFT(北段!B8,6) -> T00492 | C8: =VLOOKUP(B8,北段!B:C,2,FALSE) -> 李尉羽 | D8: =LEFT(北段!I8,4) -> P | E8: =LEFT(北段!J8,4) -> r' | F8: =LEFT(北段!K8,4) -> 長假 | G8: =LEFT(北段!L8,3) -> 長假 | H8: =LEFT(北段!M8,4) | I8: =LEFT(北段!N8,4) | J8: =LEFT(北段!O8,4) | K8: =LEFT(北段!P8,4) | L8: =LEFT(北段!Q8,4) | M8: =LEFT(北段!R8,4) | N8: =LEFT(北段!S8,4) | O8: =LEFT(北段!T8,4) | ... W8: =LEFT(北段!AB8,4) | X8: =LEFT(北段!AC8,3) | Y8: =LEFT(北段!AD8,4) | Z8: =LEFT(北段!AE8,4) | AA8: =LEFT(北段!AF8,4) | AB8: =LEFT(北段!AG8,4) | AC8: =LEFT(北段!AH8,4) | AD8: =LEFT(北段!AI8,4) | AE8: =LEFT(北段!AJ8,4) | AF8: =LEFT(北段!AK8,4) | AG8: =LEFT(北段!AL8,4) | AH8: =LEFT(北段!#REF!,4) -> #REF! | AI8: =LEFT(北段!#REF!,4) -> #REF! | AJ8: =LEFT(北段!#REF!,4) -> #REF! | AK8: =LEFT(北段!#REF!,4) -> #REF! | AL8: =LEFT(北段!#REF!,4) -> #REF! | AM8: =LEFT(北段!#REF!,4) -> #REF! | AN8: =LEFT(北段!#REF!,4) -> #REF!
B9: =LEFT(北段!B9,6) -> T00586 | C9: =VLOOKUP(B9,北段!B:C,2,FALSE) -> 江冠滿 | D9: =LEFT(北段!I9,8) -> 41日 | E9: =LEFT(北段!J9,8) -> R | F9: =LEFT(北段!K9,8) -> 長假 | G9: =LEFT(北段!L9,8) -> 長假 | H9: =LEFT(北段!M9,8) -> 長假 | I9: =LEFT(北段!N9,8) -> 長假 | J9: =LEFT(北段!O9,8) -> 長假 | K9: =LEFT(北段!P9,8) -> 長假 | ... AG9: =LEFT(北段!AL9,8) | AH9: =LEFT(北段!#REF!,8) -> #REF! | AI9: =LEFT(北段!#REF!,8) -> #REF! | AJ9: =LEFT(北段!#REF!,8) -> #REF! | AK9: =LEFT(北段!#REF!,8) -> #REF! | AL9: =LEFT(北段!#REF!,8) -> #REF! | AM9: =LEFT(北段!#REF!,8) -> #REF! | AN9: =LEFT(北段!#REF!,8) -> #REF!
B10: =LEFT(北段!B10,6) -> T00605 | C10: =VLOOKUP(B10,北段!B:C,2,FALSE) -> 謝蕙芸 | D10: =LEFT(北段!I10,4) -> 41日 | E10: =LEFT(北段!J10,4) -> r' | F10: =LEFT(北段!K10,4) | G10: =LEFT(北段!L10,4) | H10: =LEFT(北段!M10,4) | I10: =LEFT(北段!N10,4) | J10: =LEFT(北段!O10,4) | K10: =LEFT(北段!P10,4) | ... U10: =LEFT(北段!Z10,4) | V10: =LEFT(北段!AA10,3) | W10: =LEFT(北段!AB10,4) | X10: =LEFT(北段!AC10,4) | Y10: =LEFT(北段!AD10,4) | Z10: =LEFT(北段!AE10,4) | AA10: =LEFT(北段!AF10,4) | AB10: =LEFT(北段!AG10,4) | AC10: =LEFT(北段!AH10,4) | AD10: =LEFT(北段!AI10,4) | ... AG10: =LEFT(北段!AL10,4) | AH10: =LEFT(北段!#REF!,4) -> #REF! | AI10: =LEFT(北段!#REF!,4) -> #REF! | AJ10: =LEFT(北段!#REF!,4) -> #REF! | AK10: =LEFT(北段!#REF!,4) -> #REF! | AL10: =LEFT(北段!#REF!,4) -> #REF! | AM10: =LEFT(北段!#REF!,4) -> #REF! | AN10: =LEFT(北段!#REF!,4) -> #REF!
B11: =LEFT(北段!B11,6) -> T00912 | C11: =VLOOKUP(B11,北段!B:C,2,FALSE) -> 詹雅惠 | D11: =LEFT(北段!I11,4) -> L | E11: =LEFT(北段!J11,4) -> r' | F11: =LEFT(北段!K11,4) -> 長假 | G11: =LEFT(北段!L11,4) -> 長假 | H11: =LEFT(北段!M11,4) -> 長假 | I11: =LEFT(北段!N11,4) -> 長假 | J11: =LEFT(北段!O11,4) -> 長假 | K11: =LEFT(北段!P11,4) -> 長假 | ... AG11: =LEFT(北段!AL11,4) | AH11: =LEFT(北段!#REF!,4) -> #REF! | AI11: =LEFT(北段!#REF!,4) -> #REF! | AJ11: =LEFT(北段!#REF!,4) -> #REF! | AK11: =LEFT(北段!#REF!,4) -> #REF! | AL11: =LEFT(北段!#REF!,4) -> #REF! | AM11: =LEFT(北段!#REF!,4) -> #REF! | AN11: =LEFT(北段!#REF!,4) -> #REF!
B12: =LEFT(北段!B12,6) -> T00860 | C12: =VLOOKUP(B12,北段!B:C,2,FALSE) -> 陳家瑋 | D12: =LEFT(北段!I12,4) -> 41日 | E12: =LEFT(北段!J12,4) -> r' | F12: =LEFT(北段!K12,4) | G12: =LEFT(北段!L12,4) | H12: =LEFT(北段!M12,4) | I12: =LEFT(北段!N12,4) | J12: =LEFT(北段!O12,4) | K12: =LEFT(北段!P12,4) | ... AG12: =LEFT(北段!AL12,4) | AH12: =LEFT(北段!#REF!,4) -> #REF! | AI12: =LEFT(北段!#REF!,4) -> #REF! | AJ12: =LEFT(北段!#REF!,4) -> #REF! | AK12: =LEFT(北段!#REF!,4) -> #REF! | AL12: =LEFT(北段!#REF!,4) -> #REF! | AM12: =LEFT(北段!#REF!,4) -> #REF! | AN12: =LEFT(北段!#REF!,4) -> #REF!
B13: =LEFT(北段!#REF!,6) -> #REF! | C13: =VLOOKUP(B13,北段!B:C,2,FALSE) -> #REF! | D13: =LEFT(北段!#REF!,3) -> #REF! | E13: =LEFT(北段!#REF!,3) -> #REF! | F13: =LEFT(北段!#REF!,3) -> #REF! | G13: =LEFT(北段!#REF!,3) -> #REF! | H13: =LEFT(北段!#REF!,3) -> #REF! | I13: =LEFT(北段!#REF!,3) -> #REF! | J13: =LEFT(北段!#REF!,3) -> #REF! | K13: =LEFT(北段!#REF!,3) -> #REF! | ... AN13: =LEFT(北段!#REF!,3) -> #REF!
B14: =LEFT(北段!B13,6) -> T00509 | C14: =VLOOKUP(B14,北段!B:C,2,FALSE) -> 郭秋儀 | D14: =LEFT(北段!I13,3) -> 01夜 | E14: =LEFT(北段!J13,3) -> 01夜 | F14: =LEFT(北段!K13,3) | G14: =LEFT(北段!L13,4) | H14: =LEFT(北段!M13,3) | I14: =LEFT(北段!N13,3) | J14: =LEFT(北段!O13,3) | K14: =LEFT(北段!P13,3) | L14: =LEFT(北段!Q13,3) | M14: =LEFT(北段!R13,3) | N14: =LEFT(北段!S13,3) | O14: =LEFT(北段!T13,3) | ... AD14: =LEFT(北段!AI13,3) | AE14: =LEFT(北段!AJ13,4) | AF14: =LEFT(北段!AK13,3) | AG14: =LEFT(北段!AL13,3) | AH14: =LEFT(北段!#REF!,3) -> #REF! | AI14: =LEFT(北段!#REF!,3) -> #REF! | AJ14: =LEFT(北段!#REF!,3) -> #REF! | AK14: =LEFT(北段!#REF!,3) -> #REF! | AL14: =LEFT(北段!#REF!,3) -> #REF! | AM14: =LEFT(北段!#REF!,4) -> #REF! | AN14: =LEFT(北段!#REF!,3) -> #REF!
B15: =LEFT(北段!B14,6) -> T01028 | C15: =VLOOKUP(B15,北段!B:C,2,FALSE) -> 林金緗 | D15: =LEFT(北段!I14,3) -> 01午 | E15: =LEFT(北段!J14,3) -> 01午 | F15: =LEFT(北段!K14,3) | G15: =LEFT(北段!L14,3) | H15: =LEFT(北段!M14,4) | I15: =LEFT(北段!N14,3) | J15: =LEFT(北段!O14,3) | K15: =LEFT(北段!P14,3) | L15: =LEFT(北段!Q14,3) | M15: =LEFT(北段!R14,3) | N15: =LEFT(北段!S14,3) | O15: =LEFT(北段!T14,3) | P15: =LEFT(北段!U14,3) | Q15: =LEFT(北段!V14,4) | R15: =LEFT(北段!W14,3) | S15: =LEFT(北段!X14,3) | T15: =LEFT(北段!Y14,3) | U15: =LEFT(北段!Z14,3) | V15: =LEFT(北段!AA14,3) | W15: =LEFT(北段!AB14,3) | X15: =LEFT(北段!AC14,4) | Y15: =LEFT(北段!AD14,3) | Z15: =LEFT(北段!AE14,3) | AA15: =LEFT(北段!AF14,3) | AB15: =LEFT(北段!AG14,3) -> R | AC15: =LEFT(北段!AH14,3) -> L | AD15: =LEFT(北段!AI14,3) -> L | AE15: =LEFT(北段!AJ14,3) -> r' | AF15: =LEFT(北段!AK14,3) | AG15: =LEFT(北段!AL14,3) | AH15: =LEFT(北段!#REF!,3) -> #REF! | AI15: =LEFT(北段!#REF!,3) -> #REF! | AJ15: =LEFT(北段!#REF!,3) -> #REF! | AK15: =LEFT(北段!#REF!,3) -> #REF! | AL15: =LEFT(北段!#REF!,3) -> #REF! | AM15: =LEFT(北段!#REF!,3) -> #REF! | AN15: =LEFT(北段!#REF!,3) -> #REF!
B16: =LEFT(北段!B15,6) -> T01029 | C16: =VLOOKUP(B16,北段!B:C,2,FALSE) -> 林雯琳 | D16: =LEFT(北段!I15,3) -> 01午 | E16: =LEFT(北段!J15,3) -> 01午 | F16: =LEFT(北段!K15,3) | G16: =LEFT(北段!L15,3) | H16: =LEFT(北段!M15,3) | I16: =LEFT(北段!N15,3) | J16: =LEFT(北段!O15,3) | K16: =LEFT(北段!P15,3) | ... P16: =LEFT(北段!U15,3) -> L | Q16: =LEFT(北段!V15,4) -> L | R16: =LEFT(北段!W15,3) | S16: =LEFT(北段!X15,3) | T16: =LEFT(北段!Y15,3) | U16: =LEFT(北段!Z15,3) | V16: =LEFT(北段!AA15,3) | W16: =LEFT(北段!AB15,3) | X16: =LEFT(北段!AC15,3) | Y16: =LEFT(北段!AD15,3) | ... AG16: =LEFT(北段!AL15,3) | AH16: =LEFT(北段!#REF!,3) -> #REF! | AI16: =LEFT(北段!#REF!,3) -> #REF! | AJ16: =LEFT(北段!#REF!,3) -> #REF! | AK16: =LEFT(北段!#REF!,3) -> #REF! | AL16: =LEFT(北段!#REF!,3) -> #REF! | AM16: =LEFT(北段!#REF!,3) -> #REF! | AN16: =LEFT(北段!#REF!,3) -> #REF!
B17: =LEFT(北段!B16,6) -> T01734 | C17: =VLOOKUP(B17,北段!B:C,2,FALSE) -> 黃冠銘 | D17: =LEFT(北段!I16,3) -> 01早 | E17: =LEFT(北段!J16,3) -> 01早 | F17: =LEFT(北段!K16,3) -> 長假 | G17: =LEFT(北段!L16,3) -> 長假 | H17: =LEFT(北段!M16,3) -> 長假( | I17: =LEFT(北段!N16,3) -> 長假( | J17: =LEFT(北段!O16,3) -> 長假( | K17: =LEFT(北段!P16,3) | ... AG17: =LEFT(北段!AL16,3) | AH17: =LEFT(北段!#REF!,3) -> #REF! | AI17: =LEFT(北段!#REF!,3) -> #REF! | AJ17: =LEFT(北段!#REF!,3) -> #REF! | AK17: =LEFT(北段!#REF!,3) -> #REF! | AL17: =LEFT(北段!#REF!,3) -> #REF! | AM17: =LEFT(北段!#REF!,3) -> #REF! | AN17: =LEFT(北段!#REF!,3) -> #REF!
B18: =LEFT(北段!B17,6) -> T02287 | C18: =VLOOKUP(B18,北段!B:C,2,FALSE) -> 林江玉 | D18: =LEFT(北段!I17,3) -> 01早 | E18: =LEFT(北段!J17,3) -> r' | F18: =LEFT(北段!K17,3) -> 長假 | G18: =LEFT(北段!L17,3) -> 長假( | H18: =LEFT(北段!M17,3) -> 長假( | I18: =LEFT(北段!N17,3) -> 長假( | J18: =LEFT(北段!O17,3) -> 長假( | K18: =LEFT(北段!P17,3) -> 長假( | ... AG18: =LEFT(北段!AL17,3) | AH18: =LEFT(北段!#REF!,3) -> #REF! | AI18: =LEFT(北段!#REF!,3) -> #REF! | AJ18: =LEFT(北段!#REF!,3) -> #REF! | AK18: =LEFT(北段!#REF!,3) -> #REF! | AL18: =LEFT(北段!#REF!,3) -> #REF! | AM18: =LEFT(北段!#REF!,3) -> #REF! | AN18: =LEFT(北段!#REF!,3) -> #REF!
B19: =LEFT(北段!B18,6) -> T02359 | C19: =VLOOKUP(B19,北段!B:C,2,FALSE) -> 陳佳婷 | D19: =LEFT(北段!I18,3) -> r' | E19: =LEFT(北段!J18,3) -> 01早 | F19: =LEFT(北段!K18,3) | G19: =LEFT(北段!L18,3) | H19: =LEFT(北段!M18,3) | I19: =LEFT(北段!N18,3) | J19: =LEFT(北段!O18,3) | K19: =LEFT(北段!P18,3) | ... AC19: =LEFT(北段!AH18,3) | AD19: =LEFT(北段!AI18,4) | AE19: =LEFT(北段!AJ18,3) | AF19: =LEFT(北段!AK18,3) | AG19: =LEFT(北段!AL18,3) | AH19: =LEFT(北段!#REF!,3) -> #REF! | AI19: =LEFT(北段!#REF!,3) -> #REF! | AJ19: =LEFT(北段!#REF!,3) -> #REF! | AK19: =LEFT(北段!#REF!,3) -> #REF! | AL19: =LEFT(北段!#REF!,3) -> #REF! | AM19: =LEFT(北段!#REF!,3) -> #REF! | AN19: =LEFT(北段!#REF!,3) -> #REF!
B20: =LEFT(北段!B19,6) -> T02363 | C20: =VLOOKUP(B20,北段!B:C,2,FALSE) -> 林孟錡 | D20: =LEFT(北段!I19,3) -> 01夜 | E20: =LEFT(北段!J19,3) -> 01夜 | F20: =LEFT(北段!K19,3) | G20: =LEFT(北段!L19,3) | H20: =LEFT(北段!M19,3) | I20: =LEFT(北段!N19,3) | J20: =LEFT(北段!O19,3) | K20: =LEFT(北段!P19,3) | ... AG20: =LEFT(北段!AL19,3) | AH20: =LEFT(北段!#REF!,3) -> #REF! | AI20: =LEFT(北段!#REF!,3) -> #REF! | AJ20: =LEFT(北段!#REF!,3) -> #REF! | AK20: =LEFT(北段!#REF!,3) -> #REF! | AL20: =LEFT(北段!#REF!,3) -> #REF! | AM20: =LEFT(北段!#REF!,3) -> #REF! | AN20: =LEFT(北段!#REF!,3) -> #REF!
B21: =LEFT(北段!B20,6) -> T02504 | C21: =VLOOKUP(B21,北段!B:C,2,FALSE) -> 潘元浩 | D21: =LEFT(北段!I20,3) -> 01午 | E21: =LEFT(北段!J20,3) -> 01午 | F21: =LEFT(北段!K20,3) | G21: =LEFT(北段!L20,3) | H21: =LEFT(北段!M20,3) | I21: =LEFT(北段!N20,3) | J21: =LEFT(北段!O20,3) | K21: =LEFT(北段!P20,3) | ... AG21: =LEFT(北段!AL20,3) | AH21: =LEFT(北段!#REF!,4) -> #REF! | AI21: =LEFT(北段!#REF!,3) -> #REF! | AJ21: =LEFT(北段!#REF!,3) -> #REF! | AK21: =LEFT(北段!#REF!,3) -> #REF! | AL21: =LEFT(北段!#REF!,3) -> #REF! | AM21: =LEFT(北段!#REF!,3) -> #REF! | AN21: =LEFT(北段!#REF!,3) -> #REF!
B22: =LEFT(北段!B21,6) -> T02505 | C22: =VLOOKUP(B22,北段!B:C,2,FALSE) -> 李慧盺 | D22: =LEFT(北段!I21,3) -> P | E22: =LEFT(北段!J21,3) -> r' | F22: =LEFT(北段!K21,3) | G22: =LEFT(北段!L21,3) | H22: =LEFT(北段!M21,3) | I22: =LEFT(北段!N21,3) | J22: =LEFT(北段!O21,3) | K22: =LEFT(北段!P21,3) | ... AE22: =LEFT(北段!AJ21,3) | AF22: =LEFT(北段!AK21,4) | AG22: =LEFT(北段!AL21,3) | AH22: =LEFT(北段!#REF!,3) -> #REF! | AI22: =LEFT(北段!#REF!,3) -> #REF! | AJ22: =LEFT(北段!#REF!,3) -> #REF! | AK22: =LEFT(北段!#REF!,3) -> #REF! | AL22: =LEFT(北段!#REF!,3) -> #REF! | AM22: =LEFT(北段!#REF!,3) -> #REF! | AN22: =LEFT(北段!#REF!,3) -> #REF!
B23: =LEFT(北段!B22,6) -> T00557 | C23: =VLOOKUP(B23,北段!B:C,2,FALSE) -> 陳志明 | D23: =LEFT(北段!I22,3) -> 01早 | E23: =LEFT(北段!J22,3) -> r' | F23: =LEFT(北段!K22,3) | G23: =LEFT(北段!L22,4) | H23: =LEFT(北段!M22,3) | I23: =LEFT(北段!N22,3) | J23: =LEFT(北段!O22,3) | K23: =LEFT(北段!P22,3) -> L | L23: =LEFT(北段!Q22,3) -> R | M23: =LEFT(北段!R22,3) -> R | N23: =LEFT(北段!S22,3) | O23: =LEFT(北段!T22,3) | ... AF23: =LEFT(北段!AK22,3) | AG23: =LEFT(北段!AL22,4) | AH23: =LEFT(北段!#REF!,3) -> #REF! | AI23: =LEFT(北段!#REF!,3) -> #REF! | AJ23: =LEFT(北段!#REF!,3) -> #REF! | AK23: =LEFT(北段!#REF!,3) -> #REF! | AL23: =LEFT(北段!#REF!,3) -> #REF! | AM23: =LEFT(北段!#REF!,3) -> #REF! | AN23: =LEFT(北段!#REF!,3) -> #REF!
B24: =LEFT(北段!B23,6) -> T00929 | C24: =VLOOKUP(B24,北段!B:C,2,FALSE) -> 簡婉蓁 | D24: =LEFT(北段!I23,3) -> 01中 | E24: =LEFT(北段!J23,3) -> r' | F24: =LEFT(北段!K23,3) -> 長假 | G24: =LEFT(北段!L23,3) -> 長假 | H24: =LEFT(北段!M23,3) -> 長假( | I24: =LEFT(北段!N23,3) -> 長假( | J24: =LEFT(北段!O23,3) -> 長假( | K24: =LEFT(北段!P23,3) -> 長假( | ... AG24: =LEFT(北段!AL23,3) | AH24: =LEFT(北段!#REF!,3) -> #REF! | AI24: =LEFT(北段!#REF!,3) -> #REF! | AJ24: =LEFT(北段!#REF!,3) -> #REF! | AK24: =LEFT(北段!#REF!,3) -> #REF! | AL24: =LEFT(北段!#REF!,3) -> #REF! | AM24: =LEFT(北段!#REF!,3) -> #REF! | AN24: =LEFT(北段!#REF!,3) -> #REF!
B25: =LEFT(北段!B24,6) -> T01459 | C25: =VLOOKUP(B25,北段!B:C,2,FALSE) -> 林禹丞 | D25: =LEFT(北段!I24,3) -> 01午 | E25: =LEFT(北段!J24,3) -> 01午 | F25: =LEFT(北段!K24,3) | G25: =LEFT(北段!L24,3) | H25: =LEFT(北段!M24,3) | I25: =LEFT(北段!N24,3) | J25: =LEFT(北段!O24,3) | K25: =LEFT(北段!P24,3) | ... O25: =LEFT(北段!T24,3) | P25: =LEFT(北段!U24,4) | Q25: =LEFT(北段!V24,3) | R25: =LEFT(北段!W24,3) | S25: =LEFT(北段!X24,3) | T25: =LEFT(北段!Y24,3) | U25: =LEFT(北段!Z24,3) | V25: =LEFT(北段!AA24,4) | W25: =LEFT(北段!AB24,3) | X25: =LEFT(北段!AC24,3) | Y25: =LEFT(北段!AD24,3) | Z25: =LEFT(北段!AE24,3) | AA25: =LEFT(北段!AF24,3) -> R | AB25: =LEFT(北段!AG24,3) -> L | AC25: =LEFT(北段!AH24,3) | AD25: =LEFT(北段!AI24,3) | ... AG25: =LEFT(北段!AL24,3) | AH25: =LEFT(北段!#REF!,3) -> #REF! | AI25: =LEFT(北段!#REF!,3) -> #REF! | AJ25: =LEFT(北段!#REF!,4) -> #REF! | AK25: =LEFT(北段!#REF!,3) -> #REF! | AL25: =LEFT(北段!#REF!,3) -> #REF! | AM25: =LEFT(北段!#REF!,3) -> #REF! | AN25: =LEFT(北段!#REF!,3) -> #REF!
B26: =LEFT(北段!B25,6) -> T01600 | C26: =VLOOKUP(B26,北段!B:C,2,FALSE) -> 陳奎羽 | D26: =LEFT(北段!I25,3) -> 01早 | E26: =LEFT(北段!J25,3) -> r' | F26: =LEFT(北段!K25,3) | G26: =LEFT(北段!L25,3) | H26: =LEFT(北段!M25,4) | I26: =LEFT(北段!N25,3) | J26: =LEFT(北段!O25,3) | K26: =LEFT(北段!P25,3) | L26: =LEFT(北段!Q25,3) | M26: =LEFT(北段!R25,3) | N26: =LEFT(北段!S25,3) | O26: =LEFT(北段!T25,3) | P26: =LEFT(北段!U25,3) | ... AG26: =LEFT(北段!AL25,3) | AH26: =LEFT(北段!#REF!,3) -> #REF! | AI26: =LEFT(北段!#REF!,3) -> #REF! | AJ26: =LEFT(北段!#REF!,3) -> #REF! | AK26: =LEFT(北段!#REF!,3) -> #REF! | AL26: =LEFT(北段!#REF!,3) -> #REF! | AM26: =LEFT(北段!#REF!,3) -> #REF! | AN26: =LEFT(北段!#REF!,3) -> #REF!
B27: =LEFT(北段!B26,6) -> T01795 | C27: =VLOOKUP(B27,北段!B:C,2,FALSE) -> 黃羿綾 | D27: =LEFT(北段!I26,3) -> R | E27: =LEFT(北段!J26,3) -> r' | F27: =LEFT(北段!K26,3) -> r' | G27: =LEFT(北段!L26,3) -> R | H27: =LEFT(北段!M26,3) | I27: =LEFT(北段!N26,3) | J27: =LEFT(北段!O26,3) | K27: =LEFT(北段!P26,3) -> R | ... T27: =LEFT(北段!Y26,3) | U27: =LEFT(北段!Z26,4) | V27: =LEFT(北段!AA26,3) | W27: =LEFT(北段!AB26,3) | X27: =LEFT(北段!AC26,3) | Y27: =LEFT(北段!AD26,3) | Z27: =LEFT(北段!AE26,3) | AA27: =LEFT(北段!AF26,3) | AB27: =LEFT(北段!AG26,3) | AC27: =LEFT(北段!AH26,4) | AD27: =LEFT(北段!AI26,3) | AE27: =LEFT(北段!AJ26,3) | AF27: =LEFT(北段!AK26,3) | AG27: =LEFT(北段!AL26,3) | AH27: =LEFT(北段!#REF!,3) -> #REF! | AI27: =LEFT(北段!#REF!,3) -> #REF! | AJ27: =LEFT(北段!#REF!,3) -> #REF! | AK27: =LEFT(北段!#REF!,3) -> #REF! | AL27: =LEFT(北段!#REF!,3) -> #REF! | AM27: =LEFT(北段!#REF!,3) -> #REF! | AN27: =LEFT(北段!#REF!,3) -> #REF!
B28: =LEFT(北段!B27,6) -> T02222 | C28: =VLOOKUP(B28,北段!B:C,2,FALSE) -> 𡍼文妤 | D28: =LEFT(北段!I27,3) -> R | E28: =LEFT(北段!J27,3) -> 01早 | F28: =LEFT(北段!K27,3) | G28: =LEFT(北段!L27,3) | H28: =LEFT(北段!M27,3) | I28: =LEFT(北段!N27,3) | J28: =LEFT(北段!O27,3) | K28: =LEFT(北段!P27,3) | ... V28: =LEFT(北段!AA27,3) -> 勞安訓 | W28: =LEFT(北段!AB27,4) | X28: =LEFT(北段!AC27,3) | Y28: =LEFT(北段!AD27,3) | Z28: =LEFT(北段!AE27,3) | AA28: =LEFT(北段!AF27,3) -> R | AB28: =LEFT(北段!AG27,3) -> r' | AC28: =LEFT(北段!AH27,3) | AD28: =LEFT(北段!AI27,3) | AE28: =LEFT(北段!AJ27,3) | ... AG28: =LEFT(北段!AL27,3) | AH28: =LEFT(北段!#REF!,3) -> #REF! | AI28: =LEFT(北段!#REF!,3) -> #REF! | AJ28: =LEFT(北段!#REF!,3) -> #REF! | AK28: =LEFT(北段!#REF!,3) -> #REF! | AL28: =LEFT(北段!#REF!,4) -> #REF! | AM28: =LEFT(北段!#REF!,3) -> #REF! | AN28: =LEFT(北段!#REF!,3) -> #REF!
B29: =LEFT(北段!B28,6) -> T02233 | C29: =VLOOKUP(B29,北段!B:C,2,FALSE) -> 簡悅如 | D29: =LEFT(北段!I28,3) -> 01早 | E29: =LEFT(北段!J28,3) -> 01早 | F29: =LEFT(北段!K28,3) | G29: =LEFT(北段!L28,3) | H29: =LEFT(北段!M28,3) -> L | I29: =LEFT(北段!N28,3) | J29: =LEFT(北段!O28,3) | K29: =LEFT(北段!P28,3) | ... Y29: =LEFT(北段!AD28,3) | Z29: =LEFT(北段!AE28,4) | AA29: =LEFT(北段!AF28,3) | AB29: =LEFT(北段!AG28,3) | AC29: =LEFT(北段!AH28,3) | AD29: =LEFT(北段!AI28,3) | AE29: =LEFT(北段!AJ28,3) | AF29: =LEFT(北段!AK28,1) | AG29: =LEFT(北段!AL28,3) | AH29: =LEFT(北段!#REF!,3) -> #REF! | AI29: =LEFT(北段!#REF!,3) -> #REF! | AJ29: =LEFT(北段!#REF!,3) -> #REF! | AK29: =LEFT(北段!#REF!,3) -> #REF! | AL29: =LEFT(北段!#REF!,4) -> #REF! | AM29: =LEFT(北段!#REF!,1) -> #REF! | AN29: =LEFT(北段!#REF!,3) -> #REF!
B30: =LEFT(北段!B29,6) -> T02498 | C30: =VLOOKUP(B30,北段!B:C,2,FALSE) -> 張芯瑜 | D30: =LEFT(北段!I29,3) -> 01午 | E30: =LEFT(北段!J29,3) -> R | F30: =LEFT(北段!K29,3) -> 長假 | G30: =LEFT(北段!L29,3) -> 長假 | H30: =LEFT(北段!M29,3) -> 長假 | I30: =LEFT(北段!N29,3) -> 長假 | J30: =LEFT(北段!O29,3) -> 長假 | K30: =LEFT(北段!P29,3) -> 長假 | ... M30: =LEFT(北段!R29,3) | N30: =LEFT(北段!S29,4) | O30: =LEFT(北段!T29,3) | P30: =LEFT(北段!U29,3) | Q30: =LEFT(北段!V29,3) | R30: =LEFT(北段!W29,3) | S30: =LEFT(北段!X29,3) | T30: =LEFT(北段!Y29,3) | U30: =LEFT(北段!Z29,3) | V30: =LEFT(北段!AA29,3) | ... X30: =LEFT(北段!AC29,3) | Y30: =LEFT(北段!AD29,4) | Z30: =LEFT(北段!AE29,3) | AA30: =LEFT(北段!AF29,3) | AB30: =LEFT(北段!AG29,3) | AC30: =LEFT(北段!AH29,3) | AD30: =LEFT(北段!AI29,3) | AE30: =LEFT(北段!AJ29,3) | AF30: =LEFT(北段!AK29,3) | AG30: =LEFT(北段!AL29,3) | AH30: =LEFT(北段!#REF!,3) -> #REF! | AI30: =LEFT(北段!#REF!,3) -> #REF! | AJ30: =LEFT(北段!#REF!,3) -> #REF! | AK30: =LEFT(北段!#REF!,3) -> #REF! | AL30: =LEFT(北段!#REF!,3) -> #REF! | AM30: =LEFT(北段!#REF!,3) -> #REF! | AN30: =LEFT(北段!#REF!,3) -> #REF!
B31: =LEFT(北段!B30,6) -> T02612 | C31: =VLOOKUP(B31,北段!B:C,2,FALSE) -> 蕭曉琦 | D31: =LEFT(北段!I30,3) -> r' | E31: =LEFT(北段!J30,3) -> 01早 | F31: =LEFT(北段!K30,3) | G31: =LEFT(北段!L30,3) | H31: =LEFT(北段!M30,3) | I31: =LEFT(北段!N30,3) | J31: =LEFT(北段!O30,3) | K31: =LEFT(北段!P30,3) | ... P31: =LEFT(北段!U30,3) | Q31: =LEFT(北段!V30,4) | R31: =LEFT(北段!W30,4) | S31: =LEFT(北段!X30,3) | T31: =LEFT(北段!Y30,3) | U31: =LEFT(北段!Z30,3) | V31: =LEFT(北段!AA30,3) | W31: =LEFT(北段!AB30,3) | X31: =LEFT(北段!AC30,3) | Y31: =LEFT(北段!AD30,3) | Z31: =LEFT(北段!AE30,3) | AA31: =LEFT(北段!AF30,4) -> R | AB31: =LEFT(北段!AG30,3) | AC31: =LEFT(北段!AH30,3) | AD31: =LEFT(北段!AI30,3) | AE31: =LEFT(北段!AJ30,3) | AF31: =LEFT(北段!AK30,3) | AG31: =LEFT(北段!AL30,3) | AH31: =LEFT(北段!#REF!,3) -> #REF! | AI31: =LEFT(北段!#REF!,4) -> #REF! | AJ31: =LEFT(北段!#REF!,3) -> #REF! | AK31: =LEFT(北段!#REF!,3) -> #REF! | AL31: =LEFT(北段!#REF!,3) -> #REF! | AM31: =LEFT(北段!#REF!,3) -> #REF! | AN31: =LEFT(北段!#REF!,3) -> #REF!
B32: =LEFT(北段!B31,6) -> T02613 | C32: =VLOOKUP(B32,北段!B:C,2,FALSE) -> 張雅荃 | D32: =LEFT(北段!I31,3) -> r' | E32: =LEFT(北段!J31,3) -> 01午 | F32: =LEFT(北段!K31,3) | G32: =LEFT(北段!L31,3) | H32: =LEFT(北段!M31,3) | I32: =LEFT(北段!N31,3) | J32: =LEFT(北段!O31,3) | K32: =LEFT(北段!P31,3) | ... P32: =LEFT(北段!U31,3) -> R | Q32: =LEFT(北段!V31,4) | R32: =LEFT(北段!W31,3) | S32: =LEFT(北段!X31,4) | T32: =LEFT(北段!Y31,3) | U32: =LEFT(北段!Z31,3) | V32: =LEFT(北段!AA31,3) | W32: =LEFT(北段!AB31,3) | X32: =LEFT(北段!AC31,3) | Y32: =LEFT(北段!AD31,3) | Z32: =LEFT(北段!AE31,3) -> R | AA32: =LEFT(北段!AF31,3) -> r' | ... AG32: =LEFT(北段!AL31,3) | AH32: =LEFT(北段!#REF!,3) -> #REF! | AI32: =LEFT(北段!#REF!,3) -> #REF! | AJ32: =LEFT(北段!#REF!,3) -> #REF! | AK32: =LEFT(北段!#REF!,3) -> #REF! | AL32: =LEFT(北段!#REF!,3) -> #REF! | AM32: =LEFT(北段!#REF!,3) -> #REF! | AN32: =LEFT(北段!#REF!,3) -> #REF!
B33: =LEFT(北段!B32,6) -> T00489 | C33: =VLOOKUP(B33,北段!B:C,2,FALSE) -> 吳珮伃 | D33: =LEFT(北段!I32,4) -> r' | E33: =LEFT(北段!J32,4) -> 02午 | F33: =LEFT(北段!K32,4) | G33: =LEFT(北段!L32,4) | H33: =LEFT(北段!M32,4) | I33: =LEFT(北段!N32,4) | J33: =LEFT(北段!O32,3) | K33: =LEFT(北段!P32,4) | L33: =LEFT(北段!Q32,3) | M33: =LEFT(北段!R32,4) | N33: =LEFT(北段!S32,4) | O33: =LEFT(北段!T32,4) | P33: =LEFT(北段!U32,4) | Q33: =LEFT(北段!V32,3) -> 長假 | R33: =LEFT(北段!W32,4) -> 長假 | S33: =LEFT(北段!X32,4) -> 長假 | T33: =LEFT(北段!Y32,4) -> 長假 | U33: =LEFT(北段!Z32,4) -> 長假 | V33: =LEFT(北段!AA32,4) -> 長假 | W33: =LEFT(北段!AB32,4) -> 長假 | X33: =LEFT(北段!AC32,4) -> 長假 | Y33: =LEFT(北段!AD32,3) -> 長假 | Z33: =LEFT(北段!AE32,4) | AA33: =LEFT(北段!AF32,4) | AB33: =LEFT(北段!AG32,4) | AC33: =LEFT(北段!AH32,4) | AD33: =LEFT(北段!AI32,8) | AE33: =LEFT(北段!AJ32,4) | AF33: =LEFT(北段!AK32,4) | AG33: =LEFT(北段!AL32,4) | AH33: =LEFT(北段!#REF!,4) -> #REF! | AI33: =LEFT(北段!#REF!,4) -> #REF! | AJ33: =LEFT(北段!#REF!,4) -> #REF! | AK33: =LEFT(北段!#REF!,4) -> #REF! | AL33: =LEFT(北段!#REF!,4) -> #REF! | AM33: =LEFT(北段!#REF!,4) -> #REF! | AN33: =LEFT(北段!#REF!,4) -> #REF!
B34: =LEFT(北段!B33,6) -> T00523 | C34: =VLOOKUP(B34,北段!B:C,2,FALSE) -> 鄭翰鴻 | D34: =LEFT(北段!I33,4) -> 02早 | E34: =LEFT(北段!J33,4) -> 02早 | F34: =LEFT(北段!K33,4) | G34: =LEFT(北段!L33,3) | H34: =LEFT(北段!M33,3) | I34: =LEFT(北段!N33,4) | J34: =LEFT(北段!O33,4) | K34: =LEFT(北段!P33,4) | L34: =LEFT(北段!Q33,4) | M34: =LEFT(北段!R33,4) | N34: =LEFT(北段!S33,4) | O34: =LEFT(北段!T33,3) | P34: =LEFT(北段!U33,4) | Q34: =LEFT(北段!V33,4) | R34: =LEFT(北段!W33,4) | S34: =LEFT(北段!X33,4) | T34: =LEFT(北段!Y33,4) | U34: =LEFT(北段!Z33,4) | V34: =LEFT(北段!AA33,4) | W34: =LEFT(北段!AB33,4) | ... AG34: =LEFT(北段!AL33,4) | AH34: =LEFT(北段!#REF!,4) -> #REF! | AI34: =LEFT(北段!#REF!,4) -> #REF! | AJ34: =LEFT(北段!#REF!,4) -> #REF! | AK34: =LEFT(北段!#REF!,4) -> #REF! | AL34: =LEFT(北段!#REF!,4) -> #REF! | AM34: =LEFT(北段!#REF!,4) -> #REF! | AN34: =LEFT(北段!#REF!,4) -> #REF!
B35: =LEFT(北段!B34,6) -> T00899 | C35: =VLOOKUP(B35,北段!B:C,2,FALSE) -> 陳炘玉 | D35: =LEFT(北段!I34,4) -> 02夜 | E35: =LEFT(北段!J34,4) -> 02夜 | F35: =LEFT(北段!K34,4) | G35: =LEFT(北段!L34,4) | H35: =LEFT(北段!M34,4) | I35: =LEFT(北段!N34,4) | J35: =LEFT(北段!O34,3) | K35: =LEFT(北段!P34,4) | L35: =LEFT(北段!Q34,3) | M35: =LEFT(北段!R34,4) | N35: =LEFT(北段!S34,4) | O35: =LEFT(北段!T34,4) | P35: =LEFT(北段!U34,4) | Q35: =LEFT(北段!V34,4) | R35: =LEFT(北段!W34,4) | S35: =LEFT(北段!X34,4) | T35: =LEFT(北段!Y34,4) | ... X35: =LEFT(北段!AC34,4) | Y35: =LEFT(北段!AD34,3) | Z35: =LEFT(北段!AE34,3) | AA35: =LEFT(北段!AF34,4) | AB35: =LEFT(北段!AG34,4) | AC35: =LEFT(北段!AH34,4) | AD35: =LEFT(北段!AI34,4) -> 長假 | AE35: =LEFT(北段!AJ34,4) -> 長假 | AF35: =LEFT(北段!AK34,4) -> 長假 | AG35: =LEFT(北段!AL34,4) -> 長假 | AH35: =LEFT(北段!#REF!,4) -> #REF! | AI35: =LEFT(北段!#REF!,4) -> #REF! | AJ35: =LEFT(北段!#REF!,4) -> #REF! | AK35: =LEFT(北段!#REF!,4) -> #REF! | AL35: =LEFT(北段!#REF!,4) -> #REF! | AM35: =LEFT(北段!#REF!,4) -> #REF! | AN35: =LEFT(北段!#REF!,4) -> #REF!
B36: =LEFT(北段!B35,6) -> T01025 | C36: =VLOOKUP(B36,北段!B:C,2,FALSE) -> 卓子揚 | D36: =LEFT(北段!I35,4) -> r' | E36: =LEFT(北段!J35,4) -> R | F36: =LEFT(北段!K35,4) | G36: =LEFT(北段!L35,4) | H36: =LEFT(北段!M35,4) | I36: =LEFT(北段!N35,4) -> 長假 | J36: =LEFT(北段!O35,4) -> 長假 | K36: =LEFT(北段!P35,4) -> 長假 | ... N36: =LEFT(北段!S35,4) | O36: =LEFT(北段!T35,3) | P36: =LEFT(北段!U35,4) | Q36: =LEFT(北段!V35,4) | R36: =LEFT(北段!W35,1) | S36: =LEFT(北段!X35,4) | T36: =LEFT(北段!Y35,4) | U36: =LEFT(北段!Z35,4) | V36: =LEFT(北段!AA35,4) | W36: =LEFT(北段!AB35,4) | X36: =LEFT(北段!AC35,4) | Y36: =LEFT(北段!AD35,4) | Z36: =LEFT(北段!AE35,3) | AA36: =LEFT(北段!AF35,3) | AB36: =LEFT(北段!AG35,4) | AC36: =LEFT(北段!AH35,4) | AD36: =LEFT(北段!AI35,4) | AE36: =LEFT(北段!AJ35,4) | AF36: =LEFT(北段!AK35,4) | AG36: =LEFT(北段!AL35,4) | AH36: =LEFT(北段!#REF!,4) -> #REF! | AI36: =LEFT(北段!#REF!,4) -> #REF! | AJ36: =LEFT(北段!#REF!,4) -> #REF! | AK36: =LEFT(北段!#REF!,4) -> #REF! | AL36: =LEFT(北段!#REF!,4) -> #REF! | AM36: =LEFT(北段!#REF!,4) -> #REF! | AN36: =LEFT(北段!#REF!,4) -> #REF!
B37: =LEFT(北段!B36,6) -> T02510 | C37: =VLOOKUP(B37,北段!B:C,2,FALSE) -> 張詠迎 | D37: =LEFT(北段!I36,4) -> 02午 | E37: =LEFT(北段!J36,4) -> r' | F37: =LEFT(北段!K36,4) -> 長假 | G37: =LEFT(北段!L36,3) -> 長假 | H37: =LEFT(北段!M36,3) -> 長假 | I37: =LEFT(北段!N36,4) -> 長假 | J37: =LEFT(北段!O36,4) -> 長假 | K37: =LEFT(北段!P36,4) | L37: =LEFT(北段!Q36,4) | M37: =LEFT(北段!R36,4) | N37: =LEFT(北段!S36,4) | O37: =LEFT(北段!T36,4) | P37: =LEFT(北段!U36,4) | ... X37: =LEFT(北段!AC36,4) | Y37: =LEFT(北段!AD36,3) | Z37: =LEFT(北段!AE36,4) | AA37: =LEFT(北段!AF36,4) | AB37: =LEFT(北段!AG36,4) | AC37: =LEFT(北段!AH36,4) | AD37: =LEFT(北段!AI36,4) | AE37: =LEFT(北段!AJ36,4) | AF37: =LEFT(北段!AK36,4) | AG37: =LEFT(北段!AL36,4) | AH37: =LEFT(北段!#REF!,4) -> #REF! | AI37: =LEFT(北段!#REF!,4) -> #REF! | AJ37: =LEFT(北段!#REF!,4) -> #REF! | AK37: =LEFT(北段!#REF!,4) -> #REF! | AL37: =LEFT(北段!#REF!,4) -> #REF! | AM37: =LEFT(北段!#REF!,4) -> #REF! | AN37: =LEFT(北段!#REF!,4) -> #REF!
B38: =LEFT(北段!B37,6) -> T00510 | C38: =VLOOKUP(B38,北段!B:C,2,FALSE) -> 郭凌毓 | D38: =LEFT(北段!I37,4) -> L | E38: =LEFT(北段!J37,4) -> r' | F38: =LEFT(北段!K37,4) | G38: =LEFT(北段!L37,4) | H38: =LEFT(北段!M37,4) | I38: =LEFT(北段!N37,4) | J38: =LEFT(北段!O37,4) | K38: =LEFT(北段!P37,4) | ... AG38: =LEFT(北段!AL37,4) | AH38: =LEFT(北段!#REF!,4) -> #REF! | AI38: =LEFT(北段!#REF!,4) -> #REF! | AJ38: =LEFT(北段!#REF!,4) -> #REF! | AK38: =LEFT(北段!#REF!,4) -> #REF! | AL38: =LEFT(北段!#REF!,4) -> #REF! | AM38: =LEFT(北段!#REF!,4) -> #REF! | AN38: =LEFT(北段!#REF!,4) -> #REF!
B39: =LEFT(北段!B38,6) -> T01264 | C39: =VLOOKUP(B39,北段!B:C,2,FALSE) -> 高子翔 | D39: =LEFT(北段!I38,4) -> P | E39: =LEFT(北段!J38,4) -> 02早 | F39: =LEFT(北段!K38,4) | G39: =LEFT(北段!L38,4) | H39: =LEFT(北段!M38,4) | I39: =LEFT(北段!N38,4) | J39: =LEFT(北段!O38,8) | K39: =LEFT(北段!P38,4) | L39: =LEFT(北段!Q38,4) | M39: =LEFT(北段!R38,4) | N39: =LEFT(北段!S38,4) | O39: =LEFT(北段!T38,4) | P39: =LEFT(北段!U38,4) | Q39: =LEFT(北段!V38,4) | R39: =LEFT(北段!W38,4) | ... AG39: =LEFT(北段!AL38,4) | AH39: =LEFT(北段!#REF!,4) -> #REF! | AI39: =LEFT(北段!#REF!,4) -> #REF! | AJ39: =LEFT(北段!#REF!,4) -> #REF! | AK39: =LEFT(北段!#REF!,4) -> #REF! | AL39: =LEFT(北段!#REF!,4) -> #REF! | AM39: =LEFT(北段!#REF!,4) -> #REF! | AN39: =LEFT(北段!#REF!,4) -> #REF!
B40: =LEFT(北段!B39,6) -> T01746 | C40: =VLOOKUP(B40,北段!B:C,2,FALSE) -> 古佩宜 | D40: =LEFT(北段!I39,4) -> R | E40: =LEFT(北段!J39,4) -> r' | F40: =LEFT(北段!K39,4) | G40: =LEFT(北段!L39,4) | H40: =LEFT(北段!M39,4) | I40: =LEFT(北段!N39,4) | J40: =LEFT(北段!O39,4) | K40: =LEFT(北段!P39,4) | ... M40: =LEFT(北段!R39,4) | N40: =LEFT(北段!S39,3) | O40: =LEFT(北段!T39,4) | P40: =LEFT(北段!U39,4) | Q40: =LEFT(北段!V39,4) | R40: =LEFT(北段!W39,4) | S40: =LEFT(北段!X39,4) | T40: =LEFT(北段!Y39,4) | U40: =LEFT(北段!Z39,4) | V40: =LEFT(北段!AA39,4) | ... AG40: =LEFT(北段!AL39,4) -> 長假 | AH40: =LEFT(北段!#REF!,4) -> #REF! | AI40: =LEFT(北段!#REF!,4) -> #REF! | AJ40: =LEFT(北段!#REF!,4) -> #REF! | AK40: =LEFT(北段!#REF!,4) -> #REF! | AL40: =LEFT(北段!#REF!,4) -> #REF! | AM40: =LEFT(北段!#REF!,4) -> #REF! | AN40: =LEFT(北段!#REF!,4) -> #REF!
B41: =LEFT(北段!B40,6) -> T01865 | C41: =VLOOKUP(B41,北段!B:C,2,FALSE) -> 顏志宇 | D41: =LEFT(北段!I40,4) -> 02午 | E41: =LEFT(北段!J40,4) -> 02午 | F41: =LEFT(北段!K40,4) | G41: =LEFT(北段!L40,4) | H41: =LEFT(北段!M40,4) | I41: =LEFT(北段!N40,4) | J41: =LEFT(北段!O40,4) | K41: =LEFT(北段!P40,3) | L41: =LEFT(北段!Q40,4) | M41: =LEFT(北段!R40,4) | N41: =LEFT(北段!S40,4) | O41: =LEFT(北段!T40,4) | P41: =LEFT(北段!U40,4) | Q41: =LEFT(北段!V40,4) | R41: =LEFT(北段!W40,8) | S41: =LEFT(北段!X40,4) | T41: =LEFT(北段!Y40,4) | U41: =LEFT(北段!Z40,4) | V41: =LEFT(北段!AA40,4) | W41: =LEFT(北段!AB40,4) | X41: =LEFT(北段!AC40,4) | Y41: =LEFT(北段!AD40,4) | Z41: =LEFT(北段!AE40,4) | ... AG41: =LEFT(北段!AL40,4) | AH41: =LEFT(北段!#REF!,4) -> #REF! | AI41: =LEFT(北段!#REF!,4) -> #REF! | AJ41: =LEFT(北段!#REF!,4) -> #REF! | AK41: =LEFT(北段!#REF!,4) -> #REF! | AL41: =LEFT(北段!#REF!,4) -> #REF! | AM41: =LEFT(北段!#REF!,4) -> #REF! | AN41: =LEFT(北段!#REF!,4) -> #REF!
B42: =LEFT(北段!B41,6) -> T00806 | C42: =VLOOKUP(B42,北段!B:C,2,FALSE) -> 郭育瑋 | D42: =LEFT(北段!I41,4) -> L | E42: =LEFT(北段!J41,4) -> R | F42: =LEFT(北段!K41,4) | G42: =LEFT(北段!L41,3) | H42: =LEFT(北段!M41,4) | I42: =LEFT(北段!N41,7) | J42: =LEFT(北段!O41,8) | K42: =LEFT(北段!P41,8) | L42: =LEFT(北段!Q41,3) | M42: =LEFT(北段!R41,4) | N42: =LEFT(北段!S41,4) | O42: =LEFT(北段!T41,3) | P42: =LEFT(北段!U41,3) | Q42: =LEFT(北段!V41,3) | R42: =LEFT(北段!W41,3) | S42: =LEFT(北段!X41,4) | T42: =LEFT(北段!Y41,4) | U42: =LEFT(北段!Z41,4) | V42: =LEFT(北段!AA41,4) | W42: =LEFT(北段!AB41,4) | X42: =LEFT(北段!AC41,4) | Y42: =LEFT(北段!AD41,3) | Z42: =LEFT(北段!AE41,8) | AA42: =LEFT(北段!AF41,4) | AB42: =LEFT(北段!AG41,4) | AC42: =LEFT(北段!AH41,4) | AD42: =LEFT(北段!AI41,4) | AE42: =LEFT(北段!AJ41,4) | AF42: =LEFT(北段!AK41,4) | AG42: =LEFT(北段!AL41,4) | AH42: =LEFT(北段!#REF!,4) -> #REF! | AI42: =LEFT(北段!#REF!,4) -> #REF! | AJ42: =LEFT(北段!#REF!,4) -> #REF! | AK42: =LEFT(北段!#REF!,4) -> #REF! | AL42: =LEFT(北段!#REF!,4) -> #REF! | AM42: =LEFT(北段!#REF!,4) -> #REF! | AN42: =LEFT(北段!#REF!,4) -> #REF!
B43: =LEFT(北段!B42,6) -> T01864 | C43: =VLOOKUP(B43,北段!B:C,2,FALSE) -> 謝宗昇 | D43: =LEFT(北段!I42,7) -> 03午 | E43: =LEFT(北段!J42,4) -> 03午 | F43: =LEFT(北段!K42,4) | G43: =LEFT(北段!L42,3) | H43: =LEFT(北段!M42,4) | I43: =LEFT(北段!N42,4) | J43: =LEFT(北段!O42,4) | K43: =LEFT(北段!P42,4) | L43: =LEFT(北段!Q42,4) | M43: =LEFT(北段!R42,4) | N43: =LEFT(北段!S42,4) | O43: =LEFT(北段!T42,4) | ... X43: =LEFT(北段!AC42,4) | Y43: =LEFT(北段!AD42,3) | Z43: =LEFT(北段!AE42,4) | AA43: =LEFT(北段!AF42,4) | AB43: =LEFT(北段!AG42,4) | AC43: =LEFT(北段!AH42,4) | AD43: =LEFT(北段!AI42,4) | AE43: =LEFT(北段!AJ42,4) | AF43: =LEFT(北段!AK42,4) | AG43: =LEFT(北段!AL42,4) | AH43: =LEFT(北段!#REF!,4) -> #REF! | AI43: =LEFT(北段!#REF!,4) -> #REF! | AJ43: =LEFT(北段!#REF!,4) -> #REF! | AK43: =LEFT(北段!#REF!,4) -> #REF! | AL43: =LEFT(北段!#REF!,4) -> #REF! | AM43: =LEFT(北段!#REF!,4) -> #REF! | AN43: =LEFT(北段!#REF!,4) -> #REF!
B44: =LEFT(北段!B43,6) -> T02503 | C44: =VLOOKUP(B44,北段!B:C,2,FALSE) -> 蘇宸毅 | D44: =LEFT(北段!I43,4) -> 03夜 | E44: =LEFT(北段!J43,4) -> 03夜 | F44: =LEFT(北段!K43,4) | G44: =LEFT(北段!L43,3) | H44: =LEFT(北段!M43,4) | I44: =LEFT(北段!N43,4) | J44: =LEFT(北段!O43,3) | K44: =LEFT(北段!P43,4) | L44: =LEFT(北段!Q43,3) | M44: =LEFT(北段!R43,4) | N44: =LEFT(北段!S43,4) | O44: =LEFT(北段!T43,4) | P44: =LEFT(北段!U43,4) | Q44: =LEFT(北段!V43,4) | R44: =LEFT(北段!W43,4) | S44: =LEFT(北段!X43,8) | T44: =LEFT(北段!Y43,4) | U44: =LEFT(北段!Z43,4) | V44: =LEFT(北段!AA43,4) | W44: =LEFT(北段!AB43,4) | X44: =LEFT(北段!AC43,4) | Y44: =LEFT(北段!AD43,4) | Z44: =LEFT(北段!AE43,4) | AA44: =LEFT(北段!AF43,4) | ... AG44: =LEFT(北段!AL43,4) | AH44: =LEFT(北段!#REF!,4) -> #REF! | AI44: =LEFT(北段!#REF!,4) -> #REF! | AJ44: =LEFT(北段!#REF!,4) -> #REF! | AK44: =LEFT(北段!#REF!,4) -> #REF! | AL44: =LEFT(北段!#REF!,4) -> #REF! | AM44: =LEFT(北段!#REF!,4) -> #REF! | AN44: =LEFT(北段!#REF!,4) -> #REF!
B45: =LEFT(北段!B44,6) -> T02509 | C45: =VLOOKUP(B45,北段!B:C,2,FALSE) -> 薛朋竹 | D45: =LEFT(北段!I44,4) -> 03早 | E45: =LEFT(北段!J44,4) -> 03早 | F45: =LEFT(北段!K44,4) | G45: =LEFT(北段!L44,4) | H45: =LEFT(北段!M44,4) | I45: =LEFT(北段!N44,4) | J45: =LEFT(北段!O44,4) | K45: =LEFT(北段!P44,4) | ... O45: =LEFT(北段!T44,4) | P45: =LEFT(北段!U44,3) | Q45: =LEFT(北段!V44,4) | R45: =LEFT(北段!W44,4) | S45: =LEFT(北段!X44,4) | T45: =LEFT(北段!Y44,4) | U45: =LEFT(北段!Z44,4) | V45: =LEFT(北段!AA44,4) | W45: =LEFT(北段!AB44,4) | X45: =LEFT(北段!AC44,4) | Y45: =LEFT(北段!AD44,4) | Z45: =LEFT(北段!AE44,3) | AA45: =LEFT(北段!AF44,4) | AB45: =LEFT(北段!AG44,4) | AC45: =LEFT(北段!AH44,4) | AD45: =LEFT(北段!AI44,4) | AE45: =LEFT(北段!AJ44,4) | AF45: =LEFT(北段!AK44,4) | AG45: =LEFT(北段!AL44,4) | AH45: =LEFT(北段!#REF!,4) -> #REF! | AI45: =LEFT(北段!#REF!,4) -> #REF! | AJ45: =LEFT(北段!#REF!,4) -> #REF! | AK45: =LEFT(北段!#REF!,4) -> #REF! | AL45: =LEFT(北段!#REF!,4) -> #REF! | AM45: =LEFT(北段!#REF!,4) -> #REF! | AN45: =LEFT(北段!#REF!,4) -> #REF!
B46: =LEFT(北段!B45,6) -> T00924 | C46: =VLOOKUP(B46,北段!B:C,2,FALSE) -> 鄧宛萍 | D46: =LEFT(北段!I45,4) -> 03午 | E46: =LEFT(北段!J45,4) -> 03午 | F46: =LEFT(北段!K45,4) | G46: =LEFT(北段!L45,4) | H46: =LEFT(北段!M45,3) | I46: =LEFT(北段!N45,4) | J46: =LEFT(北段!O45,4) | K46: =LEFT(北段!P45,4) | L46: =LEFT(北段!Q45,4) | M46: =LEFT(北段!R45,4) | N46: =LEFT(北段!S45,4) | O46: =LEFT(北段!T45,4) | P46: =LEFT(北段!U45,4) | ... Z46: =LEFT(北段!AE45,4) -> 長假 | AA46: =LEFT(北段!AF45,3) -> 長假 | AB46: =LEFT(北段!AG45,4) -> 長假 | AC46: =LEFT(北段!AH45,4) | AD46: =LEFT(北段!AI45,4) | AE46: =LEFT(北段!AJ45,4) | AF46: =LEFT(北段!AK45,4) | AG46: =LEFT(北段!AL45,4) | AH46: =LEFT(北段!#REF!,4) -> #REF! | AI46: =LEFT(北段!#REF!,4) -> #REF! | AJ46: =LEFT(北段!#REF!,4) -> #REF! | AK46: =LEFT(北段!#REF!,4) -> #REF! | AL46: =LEFT(北段!#REF!,4) -> #REF! | AM46: =LEFT(北段!#REF!,4) -> #REF! | AN46: =LEFT(北段!#REF!,4) -> #REF!
B47: =LEFT(北段!B46,6) -> T01198 | C47: =VLOOKUP(B47,北段!B:C,2,FALSE) -> 許慰音 | D47: =LEFT(北段!I46,4) -> r' | E47: =LEFT(北段!J46,4) -> R | F47: =LEFT(北段!K46,4) | G47: =LEFT(北段!L46,4) | H47: =LEFT(北段!M46,4) | I47: =LEFT(北段!N46,4) | J47: =LEFT(北段!O46,4) | K47: =LEFT(北段!P46,4) | ... P47: =LEFT(北段!U46,4) | Q47: =LEFT(北段!V46,3) | R47: =LEFT(北段!W46,1) | S47: =LEFT(北段!X46,4) | T47: =LEFT(北段!Y46,4) | U47: =LEFT(北段!Z46,4) | V47: =LEFT(北段!AA46,4) | W47: =LEFT(北段!AB46,4) | X47: =LEFT(北段!AC46,4) | Y47: =LEFT(北段!AD46,4) | Z47: =LEFT(北段!AE46,4) | ... AG47: =LEFT(北段!AL46,4) | AH47: =LEFT(北段!#REF!,4) -> #REF! | AI47: =LEFT(北段!#REF!,4) -> #REF! | AJ47: =LEFT(北段!#REF!,4) -> #REF! | AK47: =LEFT(北段!#REF!,4) -> #REF! | AL47: =LEFT(北段!#REF!,4) -> #REF! | AM47: =LEFT(北段!#REF!,4) -> #REF! | AN47: =LEFT(北段!#REF!,4) -> #REF!
B48: =LEFT(北段!B47,6) -> T01260 | C48: =VLOOKUP(B48,北段!B:C,2,FALSE) -> 林毓萱 | D48: =LEFT(北段!I47,4) -> 03早A | E48: =LEFT(北段!J47,4) -> 03早 | F48: =LEFT(北段!K47,4) | G48: =LEFT(北段!L47,3) -> 長假 | H48: =LEFT(北段!M47,4) -> 長假 | I48: =LEFT(北段!N47,4) -> 長假 | J48: =LEFT(北段!O47,4) -> 長假 | K48: =LEFT(北段!P47,4) -> 長假 | L48: =LEFT(北段!Q47,4) -> 長假 | M48: =LEFT(北段!R47,4) -> 長假 | N48: =LEFT(北段!S47,4) | O48: =LEFT(北段!T47,4) | ... U48: =LEFT(北段!Z47,4) | V48: =LEFT(北段!AA47,3) | W48: =LEFT(北段!AB47,4) | X48: =LEFT(北段!AC47,4) | Y48: =LEFT(北段!AD47,4) | Z48: =LEFT(北段!AE47,4) | AA48: =LEFT(北段!AF47,4) | AB48: =LEFT(北段!AG47,4) | AC48: =LEFT(北段!AH47,4) | AD48: =LEFT(北段!AI47,4) | ... AG48: =LEFT(北段!AL47,4) | AH48: =LEFT(北段!#REF!,4) -> #REF! | AI48: =LEFT(北段!#REF!,4) -> #REF! | AJ48: =LEFT(北段!#REF!,4) -> #REF! | AK48: =LEFT(北段!#REF!,4) -> #REF! | AL48: =LEFT(北段!#REF!,4) -> #REF! | AM48: =LEFT(北段!#REF!,4) -> #REF! | AN48: =LEFT(北段!#REF!,4) -> #REF!
B49: =LEFT(北段!B48,6) -> T02220 | C49: =VLOOKUP(B49,北段!B:C,2,FALSE) -> 曹宇嫺 | D49: =LEFT(北段!I48,4) -> 03午F | E49: =LEFT(北段!J48,4) -> 03午F | F49: =LEFT(北段!K48,4) | G49: =LEFT(北段!L48,4) | H49: =LEFT(北段!M48,3) | I49: =LEFT(北段!N48,4) | J49: =LEFT(北段!O48,3) | K49: =LEFT(北段!P48,4) | L49: =LEFT(北段!Q48,4) | M49: =LEFT(北段!R48,4) | N49: =LEFT(北段!S48,4) | O49: =LEFT(北段!T48,4) | P49: =LEFT(北段!U48,4) | Q49: =LEFT(北段!V48,4) | R49: =LEFT(北段!W48,4) | ... AG49: =LEFT(北段!AL48,4) | AH49: =LEFT(北段!#REF!,4) -> #REF! | AI49: =LEFT(北段!#REF!,4) -> #REF! | AJ49: =LEFT(北段!#REF!,4) -> #REF! | AK49: =LEFT(北段!#REF!,4) -> #REF! | AL49: =LEFT(北段!#REF!,4) -> #REF! | AM49: =LEFT(北段!#REF!,4) -> #REF! | AN49: =LEFT(北段!#REF!,4) -> #REF!
B50: =LEFT(北段!B49,6) -> T02221 | C50: =VLOOKUP(B50,北段!B:C,2,FALSE) -> 陳彥伶 | D50: =LEFT(北段!I49,4) -> 03早 | E50: =LEFT(北段!J49,4) -> r' | F50: =LEFT(北段!K49,4) | G50: =LEFT(北段!L49,4) | H50: =LEFT(北段!M49,4) | I50: =LEFT(北段!N49,4) | J50: =LEFT(北段!O49,4) | K50: =LEFT(北段!P49,4) | ... AG50: =LEFT(北段!AL49,4) | AH50: =LEFT(北段!#REF!,4) -> #REF! | AI50: =LEFT(北段!#REF!,4) -> #REF! | AJ50: =LEFT(北段!#REF!,4) -> #REF! | AK50: =LEFT(北段!#REF!,4) -> #REF! | AL50: =LEFT(北段!#REF!,4) -> #REF! | AM50: =LEFT(北段!#REF!,4) -> #REF! | AN50: =LEFT(北段!#REF!,4) -> #REF!
B51: =LEFT(北段!B50,6) -> T02223 | C51: =VLOOKUP(B51,北段!B:C,2,FALSE) -> 鄭景豪 | D51: =LEFT(北段!I50,4) -> P | E51: =LEFT(北段!J50,4) -> r' | F51: =LEFT(北段!K50,4) | G51: =LEFT(北段!L50,4) | H51: =LEFT(北段!M50,4) | I51: =LEFT(北段!N50,4) | J51: =LEFT(北段!O50,2) | K51: =LEFT(北段!P50,4) | L51: =LEFT(北段!Q50,4) | M51: =LEFT(北段!R50,4) | N51: =LEFT(北段!S50,4) | O51: =LEFT(北段!T50,4) | P51: =LEFT(北段!U50,4) | Q51: =LEFT(北段!V50,4) | R51: =LEFT(北段!W50,4) | ... U51: =LEFT(北段!Z50,4) | V51: =LEFT(北段!AA50,3) -> 勞安訓 | W51: =LEFT(北段!AB50,4) | X51: =LEFT(北段!AC50,4) | Y51: =LEFT(北段!AD50,4) | Z51: =LEFT(北段!AE50,4) | AA51: =LEFT(北段!AF50,4) | AB51: =LEFT(北段!AG50,4) | AC51: =LEFT(北段!AH50,4) | AD51: =LEFT(北段!AI50,4) | ... AG51: =LEFT(北段!AL50,4) | AH51: =LEFT(北段!#REF!,4) -> #REF! | AI51: =LEFT(北段!#REF!,4) -> #REF! | AJ51: =LEFT(北段!#REF!,4) -> #REF! | AK51: =LEFT(北段!#REF!,4) -> #REF! | AL51: =LEFT(北段!#REF!,4) -> #REF! | AM51: =LEFT(北段!#REF!,4) -> #REF! | AN51: =LEFT(北段!#REF!,4) -> #REF!
B52: =LEFT(北段!B51,6) -> T01083 | C52: =VLOOKUP(B52,北段!B:C,2,FALSE) -> 趙中靖 | D52: =LEFT(北段!I51,4) -> P | E52: =LEFT(北段!J51,7) -> 04午 | F52: =LEFT(北段!K51,4) | G52: =LEFT(北段!L51,4) | H52: =LEFT(北段!M51,3) | I52: =LEFT(北段!N51,4) | J52: =LEFT(北段!O51,7) | K52: =LEFT(北段!P51,4) | L52: =LEFT(北段!Q51,3) | M52: =LEFT(北段!R51,4) | N52: =LEFT(北段!S51,4) | O52: =LEFT(北段!T51,4) | P52: =LEFT(北段!U51,7) | Q52: =LEFT(北段!V51,3) | R52: =LEFT(北段!W51,2) | S52: =LEFT(北段!X51,4) | T52: =LEFT(北段!Y51,4) | U52: =LEFT(北段!Z51,4) | V52: =LEFT(北段!AA51,4) | W52: =LEFT(北段!AB51,4) | X52: =LEFT(北段!AC51,4) | Y52: =LEFT(北段!AD51,4) | Z52: =LEFT(北段!AE51,8) | AA52: =LEFT(北段!AF51,8) | AB52: =LEFT(北段!AG51,4) | AC52: =LEFT(北段!AH51,4) | AD52: =LEFT(北段!AI51,8) | AE52: =LEFT(北段!AJ51,8) | AF52: =LEFT(北段!AK51,4) | AG52: =LEFT(北段!AL51,4) | AH52: =LEFT(北段!#REF!,4) -> #REF! | AI52: =LEFT(北段!#REF!,4) -> #REF! | AJ52: =LEFT(北段!#REF!,4) -> #REF! | AK52: =LEFT(北段!#REF!,4) -> #REF! | AL52: =LEFT(北段!#REF!,8) -> #REF! | AM52: =LEFT(北段!#REF!,4) -> #REF! | AN52: =LEFT(北段!#REF!,4) -> #REF!
B53: =LEFT(北段!B52,6) -> T00515 | C53: =VLOOKUP(B53,北段!B:C,2,FALSE) -> 曾靜君 | D53: =LEFT(北段!I52,4) -> 04夜 | E53: =LEFT(北段!J52,4) -> 04夜 | F53: =LEFT(北段!K52,4) | G53: =LEFT(北段!L52,3) | H53: =LEFT(北段!M52,4) | I53: =LEFT(北段!N52,4) | J53: =LEFT(北段!O52,4) | K53: =LEFT(北段!P52,4) | L53: =LEFT(北段!Q52,4) | M53: =LEFT(北段!R52,4) | N53: =LEFT(北段!S52,4) | O53: =LEFT(北段!T52,4) | ... AG53: =LEFT(北段!AL52,4) | AH53: =LEFT(北段!#REF!,4) -> #REF! | AI53: =LEFT(北段!#REF!,4) -> #REF! | AJ53: =LEFT(北段!#REF!,4) -> #REF! | AK53: =LEFT(北段!#REF!,4) -> #REF! | AL53: =LEFT(北段!#REF!,4) -> #REF! | AM53: =LEFT(北段!#REF!,4) -> #REF! | AN53: =LEFT(北段!#REF!,4) -> #REF!
B54: =LEFT(北段!B53,6) -> T00895 | C54: =VLOOKUP(B54,北段!B:C,2,FALSE) -> 張鑫聰 | D54: =LEFT(北段!I53,4) -> 04早 | E54: =LEFT(北段!J53,4) -> 04早 | F54: =LEFT(北段!K53,4) | G54: =LEFT(北段!L53,4) | H54: =LEFT(北段!M53,4) | I54: =LEFT(北段!N53,4) | J54: =LEFT(北段!O53,3) | K54: =LEFT(北段!P53,4) | L54: =LEFT(北段!Q53,4) | M54: =LEFT(北段!R53,4) | N54: =LEFT(北段!S53,4) | O54: =LEFT(北段!T53,4) | P54: =LEFT(北段!U53,4) | Q54: =LEFT(北段!V53,4) | R54: =LEFT(北段!W53,4) | ... AG54: =LEFT(北段!AL53,4) | AH54: =LEFT(北段!#REF!,4) -> #REF! | AI54: =LEFT(北段!#REF!,4) -> #REF! | AJ54: =LEFT(北段!#REF!,4) -> #REF! | AK54: =LEFT(北段!#REF!,4) -> #REF! | AL54: =LEFT(北段!#REF!,4) -> #REF! | AM54: =LEFT(北段!#REF!,4) -> #REF! | AN54: =LEFT(北段!#REF!,4) -> #REF!
B55: =LEFT(北段!B54,6) -> T01066 | C55: =VLOOKUP(B55,北段!B:C,2,FALSE) -> 陳瑞欽 | D55: =LEFT(北段!I54,4) -> L | E55: =LEFT(北段!J54,4) -> r' | F55: =LEFT(北段!K54,4) | G55: =LEFT(北段!L54,3) | H55: =LEFT(北段!M54,4) | I55: =LEFT(北段!N54,4) | J55: =LEFT(北段!O54,4) | K55: =LEFT(北段!P54,4) | L55: =LEFT(北段!Q54,3) | M55: =LEFT(北段!R54,4) | N55: =LEFT(北段!S54,4) | O55: =LEFT(北段!T54,3) | P55: =LEFT(北段!U54,4) | Q55: =LEFT(北段!V54,3) | R55: =LEFT(北段!W54,4) | S55: =LEFT(北段!X54,4) | T55: =LEFT(北段!Y54,4) | U55: =LEFT(北段!Z54,4) | V55: =LEFT(北段!AA54,4) | W55: =LEFT(北段!AB54,4) | X55: =LEFT(北段!AC54,4) | Y55: =LEFT(北段!AD54,4) | Z55: =LEFT(北段!AE54,3) | AA55: =LEFT(北段!AF54,4) | AB55: =LEFT(北段!AG54,4) | AC55: =LEFT(北段!AH54,4) | AD55: =LEFT(北段!AI54,4) | AE55: =LEFT(北段!AJ54,4) | AF55: =LEFT(北段!AK54,4) | AG55: =LEFT(北段!AL54,4) | AH55: =LEFT(北段!#REF!,4) -> #REF! | AI55: =LEFT(北段!#REF!,4) -> #REF! | AJ55: =LEFT(北段!#REF!,4) -> #REF! | AK55: =LEFT(北段!#REF!,4) -> #REF! | AL55: =LEFT(北段!#REF!,4) -> #REF! | AM55: =LEFT(北段!#REF!,4) -> #REF! | AN55: =LEFT(北段!#REF!,4) -> #REF!
B56: =LEFT(北段!B55,6) -> T01427 | C56: =VLOOKUP(B56,北段!B:C,2,FALSE) -> 沈裕謙 | D56: =LEFT(北段!I55,4) -> 04午 | E56: =LEFT(北段!J55,4) -> r' | F56: =LEFT(北段!K55,4) | G56: =LEFT(北段!L55,4) | H56: =LEFT(北段!M55,4) | I56: =LEFT(北段!N55,4) | J56: =LEFT(北段!O55,1) | K56: =LEFT(北段!P55,4) | L56: =LEFT(北段!Q55,4) | M56: =LEFT(北段!R55,4) | N56: =LEFT(北段!S55,4) | O56: =LEFT(北段!T55,4) | P56: =LEFT(北段!U55,4) | Q56: =LEFT(北段!V55,4) | R56: =LEFT(北段!W55,4) | ... AG56: =LEFT(北段!AL55,4) | AH56: =LEFT(北段!#REF!,4) -> #REF! | AI56: =LEFT(北段!#REF!,4) -> #REF! | AJ56: =LEFT(北段!#REF!,4) -> #REF! | AK56: =LEFT(北段!#REF!,4) -> #REF! | AL56: =LEFT(北段!#REF!,4) -> #REF! | AM56: =LEFT(北段!#REF!,4) -> #REF! | AN56: =LEFT(北段!#REF!,4) -> #REF!
B57: =LEFT(北段!B56,6) -> T00501 | C57: =VLOOKUP(B57,北段!B:C,2,FALSE) -> 林慧姍 | D57: =LEFT(北段!I56,4) -> L | E57: =LEFT(北段!J56,4) -> r' | F57: =LEFT(北段!K56,4) | G57: =LEFT(北段!L56,4) | H57: =LEFT(北段!M56,4) | I57: =LEFT(北段!N56,4) | J57: =LEFT(北段!O56,4) | K57: =LEFT(北段!P56,4) | ... AG57: =LEFT(北段!AL56,4) | AH57: =LEFT(北段!#REF!,4) -> #REF! | AI57: =LEFT(北段!#REF!,4) -> #REF! | AJ57: =LEFT(北段!#REF!,4) -> #REF! | AK57: =LEFT(北段!#REF!,4) -> #REF! | AL57: =LEFT(北段!#REF!,4) -> #REF! | AM57: =LEFT(北段!#REF!,4) -> #REF! | AN57: =LEFT(北段!#REF!,4) -> #REF!
B58: =LEFT(北段!B57,6) -> T00925 | C58: =VLOOKUP(B58,北段!B:C,2,FALSE) -> 鄭淑玲 | D58: =LEFT(北段!I57,4) -> 04中A | E58: =LEFT(北段!J57,4) -> r' | F58: =LEFT(北段!K57,4) | G58: =LEFT(北段!L57,4) | H58: =LEFT(北段!M57,4) | I58: =LEFT(北段!N57,4) | J58: =LEFT(北段!O57,3) | K58: =LEFT(北段!P57,4) | L58: =LEFT(北段!Q57,4) | M58: =LEFT(北段!R57,4) | N58: =LEFT(北段!S57,4) | O58: =LEFT(北段!T57,4) | P58: =LEFT(北段!U57,4) | Q58: =LEFT(北段!V57,3) | R58: =LEFT(北段!W57,4) | S58: =LEFT(北段!X57,4) | T58: =LEFT(北段!Y57,4) | U58: =LEFT(北段!Z57,4) | V58: =LEFT(北段!AA57,4) -> 勞安訓 | W58: =LEFT(北段!AB57,4) | X58: =LEFT(北段!AC57,4) | Y58: =LEFT(北段!AD57,4) | ... AG58: =LEFT(北段!AL57,4) | AH58: =LEFT(北段!#REF!,4) -> #REF! | AI58: =LEFT(北段!#REF!,4) -> #REF! | AJ58: =LEFT(北段!#REF!,4) -> #REF! | AK58: =LEFT(北段!#REF!,4) -> #REF! | AL58: =LEFT(北段!#REF!,4) -> #REF! | AM58: =LEFT(北段!#REF!,4) -> #REF! | AN58: =LEFT(北段!#REF!,4) -> #REF!
B59: =LEFT(北段!B58,6) -> T01426 | C59: =VLOOKUP(B59,北段!B:C,2,FALSE) -> 林怡輝 | D59: =LEFT(北段!I58,4) -> r' | E59: =LEFT(北段!J58,4) -> 04中A | F59: =LEFT(北段!K58,4) | G59: =LEFT(北段!L58,4) | H59: =LEFT(北段!M58,4) | I59: =LEFT(北段!N58,4) | J59: =LEFT(北段!O58,4) | K59: =LEFT(北段!P58,4) | ... AG59: =LEFT(北段!AL58,4) | AH59: =LEFT(北段!#REF!,4) -> #REF! | AI59: =LEFT(北段!#REF!,4) -> #REF! | AJ59: =LEFT(北段!#REF!,4) -> #REF! | AK59: =LEFT(北段!#REF!,4) -> #REF! | AL59: =LEFT(北段!#REF!,4) -> #REF! | AM59: =LEFT(北段!#REF!,4) -> #REF! | AN59: =LEFT(北段!#REF!,4) -> #REF!
B60: =LEFT(北段!B59,6) -> T00487 | C60: =VLOOKUP(B60,北段!B:C,2,FALSE) -> 余柏翰 | D60: =LEFT(北段!I59,4) -> 05夜 | E60: =LEFT(北段!J59,4) -> r' | F60: =LEFT(北段!K59,4) | G60: =LEFT(北段!L59,3) | H60: =LEFT(北段!M59,4) | I60: =LEFT(北段!N59,4) | J60: =LEFT(北段!O59,4) | K60: =LEFT(北段!P59,4) | L60: =LEFT(北段!Q59,4) | M60: =LEFT(北段!R59,4) | N60: =LEFT(北段!S59,4) | O60: =LEFT(北段!T59,4) | ... AG60: =LEFT(北段!AL59,4) | AH60: =LEFT(北段!#REF!,4) -> #REF! | AI60: =LEFT(北段!#REF!,4) -> #REF! | AJ60: =LEFT(北段!#REF!,4) -> #REF! | AK60: =LEFT(北段!#REF!,4) -> #REF! | AL60: =LEFT(北段!#REF!,8) -> #REF! | AM60: =LEFT(北段!#REF!,4) -> #REF! | AN60: =LEFT(北段!#REF!,4) -> #REF!
B61: =LEFT(北段!B60,6) -> T00506 | C61: =VLOOKUP(B61,北段!B:C,2,FALSE) -> 高雅婷 | D61: =LEFT(北段!I60,4) -> 05早 | E61: =LEFT(北段!J60,4) -> 05早 | F61: =LEFT(北段!K60,4) | G61: =LEFT(北段!L60,3) | H61: =LEFT(北段!M60,4) | I61: =LEFT(北段!N60,4) | J61: =LEFT(北段!O60,4) | K61: =LEFT(北段!P60,4) | L61: =LEFT(北段!Q60,4) | M61: =LEFT(北段!R60,8) | N61: =LEFT(北段!S60,4) | O61: =LEFT(北段!T60,4) | P61: =LEFT(北段!U60,4) | Q61: =LEFT(北段!V60,4) | R61: =LEFT(北段!W60,4) | S61: =LEFT(北段!X60,4) | T61: =LEFT(北段!Y60,4) | U61: =LEFT(北段!Z60,4) | ... AG61: =LEFT(北段!AL60,4) | AH61: =LEFT(北段!#REF!,4) -> #REF! | AI61: =LEFT(北段!#REF!,4) -> #REF! | AJ61: =LEFT(北段!#REF!,4) -> #REF! | AK61: =LEFT(北段!#REF!,4) -> #REF! | AL61: =LEFT(北段!#REF!,4) -> #REF! | AM61: =LEFT(北段!#REF!,4) -> #REF! | AN61: =LEFT(北段!#REF!,4) -> #REF!
B62: =LEFT(北段!B61,6) -> T00839 | C62: =VLOOKUP(B62,北段!B:C,2,FALSE) -> 蘇雅惠 | D62: =LEFT(北段!I61,4) -> r' | E62: =LEFT(北段!J61,4) -> 05夜 | F62: =LEFT(北段!K61,4) | G62: =LEFT(北段!L61,4) | H62: =LEFT(北段!M61,4) | I62: =LEFT(北段!N61,4) | J62: =LEFT(北段!O61,4) | K62: =LEFT(北段!P61,4) | ... AG62: =LEFT(北段!AL61,4) | AH62: =LEFT(北段!#REF!,4) -> #REF! | AI62: =LEFT(北段!#REF!,4) -> #REF! | AJ62: =LEFT(北段!#REF!,4) -> #REF! | AK62: =LEFT(北段!#REF!,4) -> #REF! | AL62: =LEFT(北段!#REF!,4) -> #REF! | AM62: =LEFT(北段!#REF!,4) -> #REF! | AN62: =LEFT(北段!#REF!,4) -> #REF!
B63: =LEFT(北段!B62,6) -> T02362 | C63: =VLOOKUP(B63,北段!B:C,2,FALSE) -> 簡維頤 | D63: =LEFT(北段!I62,4) -> 05午 | E63: =LEFT(北段!J62,4) -> 05午 | F63: =LEFT(北段!K62,4) | G63: =LEFT(北段!L62,4) | H63: =LEFT(北段!M62,4) | I63: =LEFT(北段!N62,4) | J63: =LEFT(北段!O62,4) | K63: =LEFT(北段!P62,4) | ... AG63: =LEFT(北段!AL62,4) | AH63: =LEFT(北段!#REF!,4) -> #REF! | AI63: =LEFT(北段!#REF!,4) -> #REF! | AJ63: =LEFT(北段!#REF!,4) -> #REF! | AK63: =LEFT(北段!#REF!,4) -> #REF! | AL63: =LEFT(北段!#REF!,4) -> #REF! | AM63: =LEFT(北段!#REF!,4) -> #REF! | AN63: =LEFT(北段!#REF!,4) -> #REF!
B64: =LEFT(北段!B63,6) -> T01736 | C64: =VLOOKUP(B64,北段!B:C,2,FALSE) -> 廖紫吟 | D64: =LEFT(北段!I63,4) -> 02早 | E64: =LEFT(北段!J63,4) -> r' | F64: =LEFT(北段!K63,4) | G64: =LEFT(北段!L63,4) | H64: =LEFT(北段!M63,3) | I64: =LEFT(北段!N63,4) | J64: =LEFT(北段!O63,4) | K64: =LEFT(北段!P63,4) | L64: =LEFT(北段!Q63,4) | M64: =LEFT(北段!R63,4) | N64: =LEFT(北段!S63,4) | O64: =LEFT(北段!T63,4) | P64: =LEFT(北段!U63,4) | ... U64: =LEFT(北段!Z63,4) | V64: =LEFT(北段!AA63,3) | W64: =LEFT(北段!AB63,4) | X64: =LEFT(北段!AC63,4) | Y64: =LEFT(北段!AD63,4) | Z64: =LEFT(北段!AE63,4) | AA64: =LEFT(北段!AF63,4) | AB64: =LEFT(北段!AG63,4) | AC64: =LEFT(北段!AH63,4) | AD64: =LEFT(北段!AI63,4) | ... AG64: =LEFT(北段!AL63,4) | AH64: =LEFT(北段!#REF!,4) -> #REF! | AI64: =LEFT(北段!#REF!,4) -> #REF! | AJ64: =LEFT(北段!#REF!,4) -> #REF! | AK64: =LEFT(北段!#REF!,4) -> #REF! | AL64: =LEFT(北段!#REF!,4) -> #REF! | AM64: =LEFT(北段!#REF!,4) -> #REF! | AN64: =LEFT(北段!#REF!,4) -> #REF!
B65: =LEFT(北段!B64,6) -> T02124 | C65: =VLOOKUP(B65,北段!B:C,2,FALSE) -> 張宸睿 | D65: =LEFT(北段!I64,4) -> 05中A | E65: =LEFT(北段!J64,4) -> 05中A | F65: =LEFT(北段!K64,4) | G65: =LEFT(北段!L64,4) | H65: =LEFT(北段!M64,3) | I65: =LEFT(北段!N64,4) | J65: =LEFT(北段!O64,4) | K65: =LEFT(北段!P64,4) | L65: =LEFT(北段!Q64,4) | M65: =LEFT(北段!R64,4) | N65: =LEFT(北段!S64,4) | O65: =LEFT(北段!T64,4) | P65: =LEFT(北段!U64,4) | ... U65: =LEFT(北段!Z64,4) | V65: =LEFT(北段!AA64,3) | W65: =LEFT(北段!AB64,4) | X65: =LEFT(北段!AC64,4) | Y65: =LEFT(北段!AD64,4) | Z65: =LEFT(北段!AE64,4) | AA65: =LEFT(北段!AF64,4) | AB65: =LEFT(北段!AG64,4) | AC65: =LEFT(北段!AH64,4) | AD65: =LEFT(北段!AI64,4) | ... AG65: =LEFT(北段!AL64,4) | AH65: =LEFT(北段!#REF!,4) -> #REF! | AI65: =LEFT(北段!#REF!,4) -> #REF! | AJ65: =LEFT(北段!#REF!,4) -> #REF! | AK65: =LEFT(北段!#REF!,4) -> #REF! | AL65: =LEFT(北段!#REF!,4) -> #REF! | AM65: =LEFT(北段!#REF!,4) -> #REF! | AN65: =LEFT(北段!#REF!,4) -> #REF!
B66: =LEFT(北段!B65,6) -> T00921 | C66: =VLOOKUP(B66,北段!B:C,2,FALSE) -> 蔡承昊 | D66: =LEFT(北段!I65,4) -> r' | E66: =LEFT(北段!J65,4) -> R | F66: =LEFT(北段!K65,4) | G66: =LEFT(北段!L65,3) | H66: =LEFT(北段!M65,3) | I66: =LEFT(北段!N65,4) | J66: =LEFT(北段!O65,2) | K66: =LEFT(北段!P65,4) | L66: =LEFT(北段!Q65,3) | M66: =LEFT(北段!R65,4) | N66: =LEFT(北段!S65,4) | O66: =LEFT(北段!T65,3) | P66: =LEFT(北段!U65,4) | Q66: =LEFT(北段!V65,3) | R66: =LEFT(北段!W65,4) | S66: =LEFT(北段!X65,4) | T66: =LEFT(北段!Y65,4) | U66: =LEFT(北段!Z65,4) | V66: =LEFT(北段!AA65,3) | W66: =LEFT(北段!AB65,4) | X66: =LEFT(北段!AC65,4) | Y66: =LEFT(北段!AD65,4) | Z66: =LEFT(北段!AE65,4) | AA66: =LEFT(北段!AF65,4) | AB66: =LEFT(北段!AG65,4) | AC66: =LEFT(北段!AH65,4) | AD66: =LEFT(北段!AI65,4) | ... AG66: =LEFT(北段!AL65,4) | AH66: =LEFT(北段!#REF!,4) -> #REF! | AI66: =LEFT(北段!#REF!,4) -> #REF! | AJ66: =LEFT(北段!#REF!,4) -> #REF! | AK66: =LEFT(北段!#REF!,4) -> #REF! | AL66: =LEFT(北段!#REF!,4) -> #REF! | AM66: =LEFT(北段!#REF!,4) -> #REF! | AN66: =LEFT(北段!#REF!,4) -> #REF!
B67: =LEFT(北段!B66,6) -> T00503 | C67: =VLOOKUP(B67,北段!B:C,2,FALSE) -> 范素梅 | D67: =LEFT(北段!I66,4) -> 06早 | E67: =LEFT(北段!J66,4) -> r' | F67: =LEFT(北段!K66,4) | G67: =LEFT(北段!L66,4) | H67: =LEFT(北段!M66,4) | I67: =LEFT(北段!N66,4) | J67: =LEFT(北段!O66,4) | K67: =LEFT(北段!P66,4) | L67: =LEFT(北段!Q66,3) | M67: =LEFT(北段!R66,4) | N67: =LEFT(北段!S66,4) | O67: =LEFT(北段!T66,3) | P67: =LEFT(北段!U66,4) | Q67: =LEFT(北段!V66,4) | R67: =LEFT(北段!W66,3) | S67: =LEFT(北段!X66,4) | T67: =LEFT(北段!Y66,4) | U67: =LEFT(北段!Z66,4) | V67: =LEFT(北段!AA66,4) | W67: =LEFT(北段!AB66,4) | X67: =LEFT(北段!AC66,4) | Y67: =LEFT(北段!AD66,3) | Z67: =LEFT(北段!AE66,3) | AA67: =LEFT(北段!AF66,4) | AB67: =LEFT(北段!AG66,4) | AC67: =LEFT(北段!AH66,4) | AD67: =LEFT(北段!AI66,4) | AE67: =LEFT(北段!AJ66,4) | AF67: =LEFT(北段!AK66,4) | AG67: =LEFT(北段!AL66,4) | AH67: =LEFT(北段!#REF!,4) -> #REF! | AI67: =LEFT(北段!#REF!,4) -> #REF! | AJ67: =LEFT(北段!#REF!,4) -> #REF! | AK67: =LEFT(北段!#REF!,4) -> #REF! | AL67: =LEFT(北段!#REF!,4) -> #REF! | AM67: =LEFT(北段!#REF!,4) -> #REF! | AN67: =LEFT(北段!#REF!,4) -> #REF!
B68: =LEFT(北段!B67,6) -> T01084 | C68: =VLOOKUP(B68,北段!B:C,2,FALSE) -> 蔡佳玲 | D68: =LEFT(北段!I67,4) -> 06夜 | E68: =LEFT(北段!J67,4) -> 06夜 | F68: =LEFT(北段!K67,4) | G68: =LEFT(北段!L67,3) | H68: =LEFT(北段!M67,4) | I68: =LEFT(北段!N67,4) | J68: =LEFT(北段!O67,4) | K68: =LEFT(北段!P67,4) | L68: =LEFT(北段!Q67,4) | M68: =LEFT(北段!R67,4) | N68: =LEFT(北段!S67,4) | O68: =LEFT(北段!T67,4) | ... X68: =LEFT(北段!AC67,4) | Y68: =LEFT(北段!AD67,3) | Z68: =LEFT(北段!AE67,4) | AA68: =LEFT(北段!AF67,4) | AB68: =LEFT(北段!AG67,4) | AC68: =LEFT(北段!AH67,4) | AD68: =LEFT(北段!AI67,4) | AE68: =LEFT(北段!AJ67,4) | AF68: =LEFT(北段!AK67,4) | AG68: =LEFT(北段!AL67,4) | AH68: =LEFT(北段!#REF!,4) -> #REF! | AI68: =LEFT(北段!#REF!,4) -> #REF! | AJ68: =LEFT(北段!#REF!,4) -> #REF! | AK68: =LEFT(北段!#REF!,4) -> #REF! | AL68: =LEFT(北段!#REF!,4) -> #REF! | AM68: =LEFT(北段!#REF!,4) -> #REF! | AN68: =LEFT(北段!#REF!,4) -> #REF!
B69: =LEFT(北段!B68,6) -> T01465 | C69: =VLOOKUP(B69,北段!B:C,2,FALSE) -> 簡聖育 | D69: =LEFT(北段!I68,4) -> 06午 | E69: =LEFT(北段!J68,4) -> 06午 | F69: =LEFT(北段!K68,4) | G69: =LEFT(北段!L68,4) | H69: =LEFT(北段!M68,4) | I69: =LEFT(北段!N68,4) | J69: =LEFT(北段!O68,3) | K69: =LEFT(北段!P68,4) | L69: =LEFT(北段!Q68,4) | M69: =LEFT(北段!R68,4) | N69: =LEFT(北段!S68,4) | O69: =LEFT(北段!T68,4) | P69: =LEFT(北段!U68,4) | Q69: =LEFT(北段!V68,4) | R69: =LEFT(北段!W68,4) | ... U69: =LEFT(北段!Z68,4) | V69: =LEFT(北段!AA68,3) | W69: =LEFT(北段!AB68,4) | X69: =LEFT(北段!AC68,4) | Y69: =LEFT(北段!AD68,4) | Z69: =LEFT(北段!AE68,4) | AA69: =LEFT(北段!AF68,4) | AB69: =LEFT(北段!AG68,4) | AC69: =LEFT(北段!AH68,4) | AD69: =LEFT(北段!AI68,4) | ... AG69: =LEFT(北段!AL68,4) | AH69: =LEFT(北段!#REF!,4) -> #REF! | AI69: =LEFT(北段!#REF!,4) -> #REF! | AJ69: =LEFT(北段!#REF!,4) -> #REF! | AK69: =LEFT(北段!#REF!,4) -> #REF! | AL69: =LEFT(北段!#REF!,4) -> #REF! | AM69: =LEFT(北段!#REF!,4) -> #REF! | AN69: =LEFT(北段!#REF!,4) -> #REF!
B70: =LEFT(北段!B69,6) -> T02230 | C70: =VLOOKUP(B70,北段!B:C,2,FALSE) -> 葉夏 | D70: =LEFT(北段!I69,4) | E70: =LEFT(北段!J69,4) | F70: =LEFT(北段!K69,4) | G70: =LEFT(北段!L69,4) | H70: =LEFT(北段!M69,3) | I70: =LEFT(北段!N69,4) | J70: =LEFT(北段!O69,4) | K70: =LEFT(北段!P69,4) | L70: =LEFT(北段!Q69,4) | M70: =LEFT(北段!R69,4) | N70: =LEFT(北段!S69,4) | O70: =LEFT(北段!T69,4) | P70: =LEFT(北段!U69,4) | ... T70: =LEFT(北段!Y69,4) | U70: =LEFT(北段!Z69,3) | V70: =LEFT(北段!AA69,4) | W70: =LEFT(北段!AB69,4) | X70: =LEFT(北段!AC69,4) | Y70: =LEFT(北段!AD69,4) | Z70: =LEFT(北段!AE69,4) | AA70: =LEFT(北段!AF69,4) | AB70: =LEFT(北段!AG69,4) | AC70: =LEFT(北段!AH69,4) | ... AG70: =LEFT(北段!AL69,4) | AH70: =LEFT(北段!#REF!,4) -> #REF! | AI70: =LEFT(北段!#REF!,4) -> #REF! | AJ70: =LEFT(北段!#REF!,4) -> #REF! | AK70: =LEFT(北段!#REF!,4) -> #REF! | AL70: =LEFT(北段!#REF!,4) -> #REF! | AM70: =LEFT(北段!#REF!,4) -> #REF! | AN70: =LEFT(北段!#REF!,4) -> #REF!
B71: =LEFT(北段!B70,6) -> T00813 | C71: =VLOOKUP(B71,北段!B:C,2,FALSE) -> 陳雅愉 | D71: =LEFT(北段!I70,4) -> L | E71: =LEFT(北段!J70,4) -> r' | F71: =LEFT(北段!K70,4) | G71: =LEFT(北段!L70,4) | H71: =LEFT(北段!M70,4) | I71: =LEFT(北段!N70,4) | J71: =LEFT(北段!O70,4) | K71: =LEFT(北段!P70,4) | ... AG71: =LEFT(北段!AL70,4) | AH71: =LEFT(北段!#REF!,4) -> #REF! | AI71: =LEFT(北段!#REF!,4) -> #REF! | AJ71: =LEFT(北段!#REF!,4) -> #REF! | AK71: =LEFT(北段!#REF!,4) -> #REF! | AL71: =LEFT(北段!#REF!,4) -> #REF! | AM71: =LEFT(北段!#REF!,4) -> #REF! | AN71: =LEFT(北段!#REF!,4) -> #REF!
B72: =LEFT(北段!B71,6) -> T02215 | C72: =VLOOKUP(B72,北段!B:C,2,FALSE) -> 吳尚達 | D72: =LEFT(北段!I71,4) -> R | E72: =LEFT(北段!J71,4) -> r' | F72: =LEFT(北段!K71,4) | G72: =LEFT(北段!L71,4) | H72: =LEFT(北段!M71,4) | I72: =LEFT(北段!N71,4) | J72: =LEFT(北段!O71,4) | K72: =LEFT(北段!P71,4) | ... N72: =LEFT(北段!S71,4) | O72: =LEFT(北段!T71,8) | P72: =LEFT(北段!U71,4) | Q72: =LEFT(北段!V71,4) | R72: =LEFT(北段!W71,4) | S72: =LEFT(北段!X71,4) | T72: =LEFT(北段!Y71,4) | U72: =LEFT(北段!Z71,4) | V72: =LEFT(北段!AA71,4) -> 勞安訓 | W72: =LEFT(北段!AB71,4) | ... AG72: =LEFT(北段!AL71,4) | AH72: =LEFT(北段!#REF!,4) -> #REF! | AI72: =LEFT(北段!#REF!,4) -> #REF! | AJ72: =LEFT(北段!#REF!,4) -> #REF! | AK72: =LEFT(北段!#REF!,4) -> #REF! | AL72: =LEFT(北段!#REF!,4) -> #REF! | AM72: =LEFT(北段!#REF!,4) -> #REF! | AN72: =LEFT(北段!#REF!,4) -> #REF!
B73: =LEFT(北段!B72,6) -> T02229 | C73: =VLOOKUP(B73,北段!B:C,2,FALSE) -> 吳意甄 | D73: =LEFT(北段!I72,4) -> 06中A | E73: =LEFT(北段!J72,4) -> 06中A | F73: =LEFT(北段!K72,4) | G73: =LEFT(北段!L72,4) | H73: =LEFT(北段!M72,4) | I73: =LEFT(北段!N72,4) | J73: =LEFT(北段!O72,4) | K73: =LEFT(北段!P72,4) | ... Q73: =LEFT(北段!V72,4) | R73: =LEFT(北段!W72,3) | S73: =LEFT(北段!X72,4) | T73: =LEFT(北段!Y72,4) | U73: =LEFT(北段!Z72,4) | V73: =LEFT(北段!AA72,4) | W73: =LEFT(北段!AB72,4) | X73: =LEFT(北段!AC72,4) | Y73: =LEFT(北段!AD72,4) | Z73: =LEFT(北段!AE72,4) | ... AG73: =LEFT(北段!AL72,4) | AH73: =LEFT(北段!#REF!,4) -> #REF! | AI73: =LEFT(北段!#REF!,4) -> #REF! | AJ73: =LEFT(北段!#REF!,4) -> #REF! | AK73: =LEFT(北段!#REF!,4) -> #REF! | AL73: =LEFT(北段!#REF!,4) -> #REF! | AM73: =LEFT(北段!#REF!,4) -> #REF! | AN73: =LEFT(北段!#REF!,4) -> #REF!
C84: 41早 | D84: =COUNTIF(D$3:D$70,"41早") -> 1 | E84: =COUNTIF(E$3:E$70,"41早") -> 1 | F84: =COUNTIF(F$3:F$73,"41早") -> 0 | G84: =COUNTIF(G$3:G$73,"41早") -> 0 | H84: =COUNTIF(H$3:H$73,"41早") -> 0 | I84: =COUNTIF(I$3:I$73,"41早") -> 0 | J84: =COUNTIF(J$3:J$73,"41早") -> 0 | K84: =COUNTIF(K$3:K$73,"41早") -> 0 | L84: =COUNTIF(L$3:L$73,"41早") -> 0 | M84: =COUNTIF(M$3:M$73,"41早") -> 0 | ... AN84: =COUNTIF(AN$3:AN$73,"41早") -> 0
C85: 41午 | D85: =COUNTIF(D$3:D$70,"41午") -> 1 | E85: =COUNTIF(E$3:E$70,"41午") -> 1 | F85: =COUNTIF(F$3:F$73,"41午") -> 0 | G85: =COUNTIF(G$3:G$73,"41午") -> 0 | H85: =COUNTIF(H$3:H$73,"41午") -> 0 | I85: =COUNTIF(I$3:I$73,"41午") -> 0 | J85: =COUNTIF(J$3:J$73,"41午") -> 0 | K85: =COUNTIF(K$3:K$73,"41午") -> 0 | L85: =COUNTIF(L$3:L$73,"41午") -> 0 | M85: =COUNTIF(M$3:M$73,"41午") -> 0 | ... AN85: =COUNTIF(AN$3:AN$73,"41午") -> 0
C86: 41夜 | D86: =COUNTIF(D$3:D$70,"41夜*") -> 1 | E86: =COUNTIF(E$3:E$70,"41夜*") -> 1 | F86: =COUNTIF(F$3:F$73,"41夜*") -> 0 | G86: =COUNTIF(G$3:G$73,"41夜*") -> 0 | H86: =COUNTIF(H$3:H$73,"41夜*") -> 0 | I86: =COUNTIF(I$3:I$73,"41夜*") -> 0 | J86: =COUNTIF(J$3:J$73,"41夜*") -> 0 | K86: =COUNTIF(K$3:K$73,"41夜*") -> 0 | L86: =COUNTIF(L$3:L$73,"41夜*") -> 0 | M86: =COUNTIF(M$3:M$73,"41夜*") -> 0 | ... AN86: =COUNTIF(AN$3:AN$73,"41夜*") -> 0
C87: A1早 | D87: =COUNTIF(D$3:D$70,"01早*") -> 5 | E87: =COUNTIF(E$3:E$70,"01早*") -> 5 | F87: =COUNTIF(F$3:F$73,"01早*") -> 0 | G87: =COUNTIF(G$3:G$73,"01早*") -> 0 | H87: =COUNTIF(H$3:H$73,"01早*") -> 0 | I87: =COUNTIF(I$3:I$73,"01早*") -> 0 | J87: =COUNTIF(J$3:J$73,"01早*") -> 0 | K87: =COUNTIF(K$3:K$73,"01早*") -> 0 | L87: =COUNTIF(L$3:L$73,"01早*") -> 0 | M87: =COUNTIF(M$3:M$73,"01早*") -> 0 | ... AN87: =COUNTIF(AN$3:AN$73,"01早*") -> 0
C88: A1中A | D88: =COUNTIF(D$3:D$70,"01中A*") -> 0 | E88: =COUNTIF(E$3:E$70,"01中A*") -> 0 | F88: =COUNTIF(F$3:F$73,"01中A*") -> 0 | G88: =COUNTIF(G$3:G$73,"01中A*") -> 0 | H88: =COUNTIF(H$3:H$73,"01中A*") -> 0 | I88: =COUNTIF(I$3:I$73,"01中A*") -> 0 | J88: =COUNTIF(J$3:J$73,"01中A*") -> 0 | K88: =COUNTIF(K$3:K$73,"01中A*") -> 0 | L88: =COUNTIF(L$3:L$73,"01中A*") -> 0 | M88: =COUNTIF(M$3:M$73,"01中A*") -> 0 | ... AN88: =COUNTIF(AN$3:AN$73,"01中A*") -> 0
C89: A1午 | D89: =COUNTIF(D$3:D$65,"01午*") -> 5 | E89: =COUNTIF(E$3:E$65,"01午*") -> 5 | F89: =COUNTIF(F$3:F$73,"01午*") -> 0 | G89: =COUNTIF(G$3:G$73,"01午*") -> 0 | H89: =COUNTIF(H$3:H$73,"01午*") -> 0 | I89: =COUNTIF(I$3:I$73,"01午*") -> 0 | J89: =COUNTIF(J$3:J$73,"01午*") -> 0 | K89: =COUNTIF(K$3:K$73,"01午*") -> 0 | L89: =COUNTIF(L$3:L$73,"01午*") -> 0 | M89: =COUNTIF(M$3:M$73,"01午*") -> 0 | ... AN89: =COUNTIF(AN$3:AN$73,"01午*") -> 0
C90: A1夜 | D90: =COUNTIF(D$3:D$70,"01夜*") -> 2 | E90: =COUNTIF(E$3:E$70,"01夜*") -> 2 | F90: =COUNTIF(F$3:F$73,"01夜*") -> 0 | G90: =COUNTIF(G$3:G$73,"01夜*") -> 0 | H90: =COUNTIF(H$3:H$73,"01夜*") -> 0 | I90: =COUNTIF(I$3:I$73,"01夜*") -> 0 | J90: =COUNTIF(J$3:J$73,"01夜*") -> 0 | K90: =COUNTIF(K$3:K$73,"01夜*") -> 0 | L90: =COUNTIF(L$3:L$73,"01夜*") -> 0 | M90: =COUNTIF(M$3:M$73,"01夜*") -> 0 | ... AN90: =COUNTIF(AN$3:AN$73,"01夜*") -> 0
C91: A2早 | D91: =COUNTIF(D$3:D$70,"**02早*") -> 2 | E91: =COUNTIF(E$3:E$70,"**02早*") -> 2 | F91: =COUNTIF(F$3:F$73,"**02早*") -> 0 | G91: =COUNTIF(G$3:G$73,"**02早*") -> 0 | H91: =COUNTIF(H$3:H$73,"**02早*") -> 0 | I91: =COUNTIF(I$3:I$73,"**02早*") -> 0 | J91: =COUNTIF(J$3:J$73,"**02早*") -> 0 | K91: =COUNTIF(K$3:K$73,"**02早*") -> 0 | L91: =COUNTIF(L$3:L$73,"**02早*") -> 0 | M91: =COUNTIF(M$3:M$73,"**02早*") -> 0 | ... AN91: =COUNTIF(AN$3:AN$73,"**02早*") -> 0
C92: A2中A | D92: =COUNTIF(D$3:D$70,"02中A*") -> 0 | E92: =COUNTIF(E$3:E$70,"02中A*") -> 0 | F92: =COUNTIF(F$3:F$73,"02中A*") -> 0 | G92: =COUNTIF(G$3:G$73,"02中A*") -> 0 | H92: =COUNTIF(H$3:H$73,"02中A*") -> 0 | I92: =COUNTIF(I$3:I$73,"02中A*") -> 0 | J92: =COUNTIF(J$3:J$73,"02中A*") -> 0 | K92: =COUNTIF(K$3:K$73,"02中A*") -> 0 | L92: =COUNTIF(L$3:L$73,"02中A*") -> 0 | M92: =COUNTIF(M$3:M$73,"02中A*") -> 0 | ... AN92: =COUNTIF(AN$3:AN$73,"02中A*") -> 0
C93: A2午 | D93: =COUNTIF(D$3:D$70,"*02午*") -> 2 | E93: =COUNTIF(E$3:E$70,"*02午*") -> 2 | F93: =COUNTIF(F$3:F$73,"*02午*") -> 0 | G93: =COUNTIF(G$3:G$73,"*02午*") -> 0 | H93: =COUNTIF(H$3:H$73,"*02午*") -> 0 | I93: =COUNTIF(I$3:I$73,"*02午*") -> 0 | J93: =COUNTIF(J$3:J$73,"*02午*") -> 0 | K93: =COUNTIF(K$3:K$73,"*02午*") -> 0 | L93: =COUNTIF(L$3:L$73,"*02午*") -> 0 | M93: =COUNTIF(M$3:M$73,"*02午*") -> 0 | ... AN93: =COUNTIF(AN$3:AN$73,"*02午*") -> 0
C94: A2夜 | D94: =COUNTIF(D$3:D$70,"02夜*") -> 1 | E94: =COUNTIF(E$3:E$70,"02夜*") -> 1 | F94: =COUNTIF(F$3:F$73,"02夜*") -> 0 | G94: =COUNTIF(G$3:G$73,"02夜*") -> 0 | H94: =COUNTIF(H$3:H$73,"02夜*") -> 0 | I94: =COUNTIF(I$3:I$73,"02夜*") -> 0 | J94: =COUNTIF(J$3:J$73,"02夜*") -> 0 | K94: =COUNTIF(K$3:K$73,"02夜*") -> 0 | L94: =COUNTIF(L$3:L$73,"02夜*") -> 0 | M94: =COUNTIF(M$3:M$73,"02夜*") -> 0 | ... AN94: =COUNTIF(AN$3:AN$73,"02夜*") -> 0
C95: A3早 | D95: =COUNTIF(D$3:D$70,"*03早*")-D96 -> 2 | E95: =COUNTIF(E$3:E$70,"*03早*")-E96 -> 2 | F95: =COUNTIF(F$3:F$73,"*03早*")-F96 -> 0 | G95: =COUNTIF(G$3:G$73,"*03早*")-G96 -> 0 | H95: =COUNTIF(H$3:H$73,"*03早*")-H96 -> 0 | I95: =COUNTIF(I$3:I$73,"*03早*")-I96 -> 0 | J95: =COUNTIF(J$3:J$73,"*03早*")-J96 -> 0 | K95: =COUNTIF(K$3:K$73,"*03早*")-K96 -> 0 | L95: =COUNTIF(L$3:L$73,"*03早*")-L96 -> 0 | M95: =COUNTIF(M$3:M$73,"*03早*")-M96 -> 0 | ... AN95: =COUNTIF(AN$3:AN$73,"*03早*")-AN96 -> 0
C96: A3早A | D96: =COUNTIF(D$3:D$70,"*03早A*") -> 1 | E96: =COUNTIF(E$3:E$70,"*03早A*") -> 0 | F96: =COUNTIF(F$3:F$73,"*03早A*") -> 0 | G96: =COUNTIF(G$3:G$73,"*03早A*") -> 0 | H96: =COUNTIF(H$3:H$73,"*03早A*") -> 0 | I96: =COUNTIF(I$3:I$73,"*03早A*") -> 0 | J96: =COUNTIF(J$3:J$73,"*03早A*") -> 0 | K96: =COUNTIF(K$3:K$73,"*03早A*") -> 0 | L96: =COUNTIF(L$3:L$73,"*03早A*") -> 0 | M96: =COUNTIF(M$3:M$73,"*03早A*") -> 0 | ... AN96: =COUNTIF(AN$3:AN$73,"*03早A*") -> 0
C97: A3中A | D97: =COUNTIF(D$3:D$65,"03中A*") -> 0 | E97: =COUNTIF(E$3:E$65,"03中A*") -> 0 | F97: =COUNTIF(F$3:F$73,"03中A*") -> 0 | G97: =COUNTIF(G$3:G$73,"03中A*") -> 0 | H97: =COUNTIF(H$3:H$73,"03中A*") -> 0 | I97: =COUNTIF(I$3:I$73,"03中A*") -> 0 | J97: =COUNTIF(J$3:J$73,"03中A*") -> 0 | K97: =COUNTIF(K$3:K$73,"03中A*") -> 0 | L97: =COUNTIF(L$3:L$73,"03中A*") -> 0 | M97: =COUNTIF(M$3:M$73,"03中A*") -> 0 | ... AN97: =COUNTIF(AN$3:AN$73,"03中A*") -> 0
C98: A3午 | D98: =COUNTIF(D$3:D$70,"*03午*")-D99 -> 2 | E98: =COUNTIF(E$3:E$70,"*03午*")-E99 -> 2 | F98: =COUNTIF(F$3:F$73,"*03午*")-F99 -> 0 | G98: =COUNTIF(G$3:G$73,"*03午*")-G99 -> 0 | H98: =COUNTIF(H$3:H$73,"*03午*")-H99 -> 0 | I98: =COUNTIF(I$3:I$73,"*03午*")-I99 -> 0 | J98: =COUNTIF(J$3:J$73,"*03午*")-J99 -> 0 | K98: =COUNTIF(K$3:K$73,"*03午*")-K99 -> 0 | L98: =COUNTIF(L$3:L$73,"*03午*")-L99 -> 0 | M98: =COUNTIF(M$3:M$73,"*03午*")-M99 -> 0 | ... AN98: =COUNTIF(AN$3:AN$73,"*03午*")-AN99 -> 0
C99: A3午F | D99: =COUNTIF(D$3:D$70,"*03午F*") -> 1 | E99: =COUNTIF(E$3:E$70,"*03午F*") -> 1 | F99: =COUNTIF(F$3:F$73,"*03午F*") -> 0 | G99: =COUNTIF(G$3:G$73,"*03午F*") -> 0 | H99: =COUNTIF(H$3:H$73,"*03午F*") -> 0 | I99: =COUNTIF(I$3:I$73,"*03午F*") -> 0 | J99: =COUNTIF(J$3:J$73,"*03午F*") -> 0 | K99: =COUNTIF(K$3:K$73,"*03午F*") -> 0 | L99: =COUNTIF(L$3:L$73,"*03午F*") -> 0 | M99: =COUNTIF(M$3:M$73,"*03午F*") -> 0 | ... AN99: =COUNTIF(AN$3:AN$73,"*03午F*") -> 0
C100: A3夜 | D100: =COUNTIF(D$3:D$70,"03夜") -> 1 | E100: =COUNTIF(E$3:E$70,"03夜") -> 1 | F100: =COUNTIF(F$3:F$73,"03夜") -> 0 | G100: =COUNTIF(G$3:G$73,"03夜") -> 0 | H100: =COUNTIF(H$3:H$73,"03夜") -> 0 | I100: =COUNTIF(I$3:I$73,"03夜") -> 0 | J100: =COUNTIF(J$3:J$73,"03夜") -> 0 | K100: =COUNTIF(K$3:K$73,"03夜") -> 0 | L100: =COUNTIF(L$3:L$73,"03夜") -> 0 | M100: =COUNTIF(M$3:M$73,"03夜") -> 0 | ... AN100: =COUNTIF(AN$3:AN$73,"03夜") -> 0
C101: A4早 | D101: =COUNTIF(D$3:D$70,"*04早*") -> 1 | E101: =COUNTIF(E$3:E$70,"*04早*") -> 1 | F101: =COUNTIF(F$3:F$73,"*04早*") -> 0 | G101: =COUNTIF(G$3:G$73,"*04早*") -> 0 | H101: =COUNTIF(H$3:H$73,"*04早*") -> 0 | I101: =COUNTIF(I$3:I$73,"*04早*") -> 0 | J101: =COUNTIF(J$3:J$73,"*04早*") -> 0 | K101: =COUNTIF(K$3:K$73,"*04早*") -> 0 | L101: =COUNTIF(L$3:L$73,"*04早*") -> 0 | M101: =COUNTIF(M$3:M$73,"*04早*") -> 0 | ... AN101: =COUNTIF(AN$3:AN$73,"*04早*") -> 0
C102: A4中A | D102: =COUNTIF(D$3:D$70,"*04中A*") -> 1 | E102: =COUNTIF(E$3:E$70,"*04中A*") -> 1 | F102: =COUNTIF(F$3:F$73,"*04中A*") -> 0 | G102: =COUNTIF(G$3:G$73,"*04中A*") -> 0 | H102: =COUNTIF(H$3:H$73,"*04中A*") -> 0 | I102: =COUNTIF(I$3:I$73,"*04中A*") -> 0 | J102: =COUNTIF(J$3:J$73,"*04中A*") -> 0 | K102: =COUNTIF(K$3:K$73,"*04中A*") -> 0 | L102: =COUNTIF(L$3:L$73,"*04中A*") -> 0 | M102: =COUNTIF(M$3:M$73,"*04中A*") -> 0 | ... AN102: =COUNTIF(AN$3:AN$73,"*04中A*") -> 0
C103: A4午 | D103: =COUNTIF(D$3:D$65,"*04午*") -> 1 | E103: =COUNTIF(E$3:E$65,"*04午*") -> 1 | F103: =COUNTIF(F$3:F$73,"*04午*") -> 0 | G103: =COUNTIF(G$3:G$73,"*04午*") -> 0 | H103: =COUNTIF(H$3:H$73,"*04午*") -> 0 | I103: =COUNTIF(I$3:I$73,"*04午*") -> 0 | J103: =COUNTIF(J$3:J$73,"*04午*") -> 0 | K103: =COUNTIF(K$3:K$73,"*04午*") -> 0 | L103: =COUNTIF(L$3:L$73,"*04午*") -> 0 | M103: =COUNTIF(M$3:M$73,"*04午*") -> 0 | ... AN103: =COUNTIF(AN$3:AN$73,"*04午*") -> 0
C104: A4夜 | D104: =COUNTIF(D$3:D$70,"*04夜*") -> 1 | E104: =COUNTIF(E$3:E$70,"*04夜*") -> 1 | F104: =COUNTIF(F$3:F$73,"*04夜*") -> 0 | G104: =COUNTIF(G$3:G$73,"*04夜*") -> 0 | H104: =COUNTIF(H$3:H$73,"*04夜*") -> 0 | I104: =COUNTIF(I$3:I$73,"*04夜*") -> 0 | J104: =COUNTIF(J$3:J$73,"*04夜*") -> 0 | K104: =COUNTIF(K$3:K$73,"*04夜*") -> 0 | L104: =COUNTIF(L$3:L$73,"*04夜*") -> 0 | M104: =COUNTIF(M$3:M$73,"*04夜*") -> 0 | ... AN104: =COUNTIF(AN$3:AN$73,"*04夜*") -> 0
C105: A5早 | D105: =COUNTIF(D$3:D$70,"05早*") -> 1 | E105: =COUNTIF(E$3:E$70,"05早*") -> 1 | F105: =COUNTIF(F$3:F$73,"05早*") -> 0 | G105: =COUNTIF(G$3:G$73,"05早*") -> 0 | H105: =COUNTIF(H$3:H$73,"05早*") -> 0 | I105: =COUNTIF(I$3:I$73,"05早*") -> 0 | J105: =COUNTIF(J$3:J$73,"05早*") -> 0 | K105: =COUNTIF(K$3:K$73,"05早*") -> 0 | L105: =COUNTIF(L$3:L$73,"05早*") -> 0 | M105: =COUNTIF(M$3:M$73,"05早*") -> 0 | ... AN105: =COUNTIF(AN$3:AN$73,"05早*") -> 0
C106: A5中A | D106: =COUNTIF(D$3:D$70,"05中A*") -> 1 | E106: =COUNTIF(E$3:E$70,"05中A*") -> 1 | F106: =COUNTIF(F$3:F$73,"05中A*") -> 0 | G106: =COUNTIF(G$3:G$73,"05中A*") -> 0 | H106: =COUNTIF(H$3:H$73,"05中A*") -> 0 | I106: =COUNTIF(I$3:I$73,"05中A*") -> 0 | J106: =COUNTIF(J$3:J$73,"05中A*") -> 0 | K106: =COUNTIF(K$3:K$73,"05中A*") -> 0 | L106: =COUNTIF(L$3:L$73,"05中A*") -> 0 | M106: =COUNTIF(M$3:M$73,"05中A*") -> 0 | ... AN106: =COUNTIF(AN$3:AN$73,"05中A*") -> 0
C107: A5午 | D107: =COUNTIF(D$3:D$70,"05午*") -> 1 | E107: =COUNTIF(E$3:E$70,"05午*") -> 1 | F107: =COUNTIF(F$3:F$73,"05午*") -> 0 | G107: =COUNTIF(G$3:G$73,"05午*") -> 0 | H107: =COUNTIF(H$3:H$73,"05午*") -> 0 | I107: =COUNTIF(I$3:I$73,"05午*") -> 0 | J107: =COUNTIF(J$3:J$73,"05午*") -> 0 | K107: =COUNTIF(K$3:K$73,"05午*") -> 0 | L107: =COUNTIF(L$3:L$73,"05午*") -> 0 | M107: =COUNTIF(M$3:M$73,"05午*") -> 0 | ... P107: =COUNTIF(P$3:P$73,"05午*") -> 0 | Q107: =COUNTIF(Q$3:Q$73,"05午") -> 0 | R107: =COUNTIF(R$3:R$73,"05午*") -> 0 | S107: =COUNTIF(S$3:S$73,"05午*") -> 0 | T107: =COUNTIF(T$3:T$73,"05午*") -> 0 | U107: =COUNTIF(U$3:U$73,"05午*") -> 0 | V107: =COUNTIF(V$3:V$73,"05午*") -> 0 | W107: =COUNTIF(W$3:W$73,"05午*") -> 0 | X107: =COUNTIF(X$3:X$73,"05午*") -> 0 | Y107: =COUNTIF(Y$3:Y$73,"05午*") -> 0 | ... AN107: =COUNTIF(AN$3:AN$73,"05午*") -> 0
C108: A5夜 | D108: =COUNTIF(D$3:D$70,"05夜*") -> 1 | E108: =COUNTIF(E$3:E$70,"05夜*") -> 1 | F108: =COUNTIF(F$3:F$73,"05夜*") -> 0 | G108: =COUNTIF(G$3:G$73,"05夜*") -> 0 | H108: =COUNTIF(H$3:H$73,"05夜*") -> 0 | I108: =COUNTIF(I$3:I$73,"05夜*") -> 0 | J108: =COUNTIF(J$3:J$73,"05夜*") -> 0 | K108: =COUNTIF(K$3:K$73,"05夜*") -> 0 | L108: =COUNTIF(L$3:L$73,"05夜*") -> 0 | M108: =COUNTIF(M$3:M$73,"05夜*") -> 0 | ... AN108: =COUNTIF(AN$3:AN$73,"05夜*") -> 0
C109: A6早 | D109: =COUNTIF(D$3:D$70,"06早*") -> 1 | E109: =COUNTIF(E$3:E$70,"06早*") -> 1 | F109: =COUNTIF(F$3:F$73,"06早*") -> 0 | G109: =COUNTIF(G$3:G$73,"06早*") -> 0 | H109: =COUNTIF(H$3:H$73,"06早*") -> 0 | I109: =COUNTIF(I$3:I$73,"06早*") -> 0 | J109: =COUNTIF(J$3:J$73,"06早*") -> 0 | K109: =COUNTIF(K$3:K$73,"06早*") -> 0 | L109: =COUNTIF(L$3:L$73,"06早*") -> 0 | M109: =COUNTIF(M$3:M$73,"06早*") -> 0 | ... AN109: =COUNTIF(AN$3:AN$73,"06早*") -> 0
C110: A6中A | D110: =COUNTIF(D$3:D$70,"06中A*") -> 0 | E110: =COUNTIF(E$3:E$70,"06中A*") -> 0 | F110: =COUNTIF(F$3:F$73,"06中A*") -> 0 | G110: =COUNTIF(G$3:G$73,"06中A*") -> 0 | H110: =COUNTIF(H$3:H$73,"06中A*") -> 0 | I110: =COUNTIF(I$3:I$73,"06中A*") -> 0 | J110: =COUNTIF(J$3:J$73,"06中A*") -> 0 | K110: =COUNTIF(K$3:K$73,"06中A*") -> 0 | L110: =COUNTIF(L$3:L$73,"06中A*") -> 0 | M110: =COUNTIF(M$3:M$73,"06中A*") -> 0 | ... AN110: =COUNTIF(AN$3:AN$73,"06中A*") -> 0
...

Sheet 北段(八周檢核代碼
B1: 員編 ID No. | C1: 日期 星期 姓名 | D1: ='北段 (人資版)'!D1 -> 46143 | E1: ='北段 (人資版)'!E1 -> 46144 | F1: ='北段 (人資版)'!F1 -> 46145 | G1: ='北段 (人資版)'!G1 -> 46146 | H1: ='北段 (人資版)'!H1 -> 46147 | I1: ='北段 (人資版)'!I1 -> 46148 | J1: ='北段 (人資版)'!J1 -> 46149 | K1: ='北段 (人資版)'!K1 -> 46150 | ... AN1: ='北段 (人資版)'!AN1 -> 46179
D2: =IFERROR(IF(WEEKDAY(D1,2)=7,"日",WEEKDAY(D1,2)),"") -> 5 | E2: =IFERROR(IF(WEEKDAY(E1,2)=7,"日",WEEKDAY(E1,2)),"") -> 6 | F2: =IFERROR(IF(WEEKDAY(F1,2)=7,"日",WEEKDAY(F1,2)),"") -> 日 | G2: =IFERROR(IF(WEEKDAY(G1,2)=7,"日",WEEKDAY(G1,2)),"") -> 1 | H2: =IFERROR(IF(WEEKDAY(H1,2)=7,"日",WEEKDAY(H1,2)),"") -> 2 | I2: =IFERROR(IF(WEEKDAY(I1,2)=7,"日",WEEKDAY(I1,2)),"") -> 3 | J2: =IFERROR(IF(WEEKDAY(J1,2)=7,"日",WEEKDAY(J1,2)),"") -> 4 | K2: =IFERROR(IF(WEEKDAY(K1,2)=7,"日",WEEKDAY(K1,2)),"") -> 5 | ... AN2: =IFERROR(IF(WEEKDAY(AN1,2)=7,"日",WEEKDAY(AN1,2)),"") -> 6
A3: 北 段 辦 | B3: =北段!B3 -> T00082 | C3: =VLOOKUP(B3,北段!B:C,2,FALSE) -> 梁仲煒 | D3: =VLOOKUP('北段 (人資版)'!D3,工作表1!$A$3:$B$78,2,FALSE) -> 05 | E3: =VLOOKUP('北段 (人資版)'!E3,工作表1!$A$3:$B$78,2,FALSE) -> 92 | F3: =VLOOKUP('北段 (人資版)'!F3,工作表1!$A$3:$B$78,2,FALSE) -> #N/A | G3: =VLOOKUP('北段 (人資版)'!G3,工作表1!$A$3:$B$78,2,FALSE) -> #N/A | H3: =VLOOKUP('北段 (人資版)'!H3,工作表1!$A$3:$B$78,2,FALSE) -> #N/A | I3: =VLOOKUP('北段 (人資版)'!I3,工作表1!$A$3:$B$78,2,FALSE) -> #N/A | J3: =VLOOKUP('北段 (人資版)'!J3,工作表1!$A$3:$B$78,2,FALSE) -> #N/A | K3: =VLOOKUP('北段 (人資版)'!K3,工作表1!$A$3:$B$78,2,FALSE) -> #N/A | ... AN3: =VLOOKUP('北段 (人資版)'!AN3,工作表1!$A$3:$B$78,2,FALSE) -> #REF!
B4: =北段!B4 -> T00178 | C4: =VLOOKUP(B4,北段!B:C,2,FALSE) -> 何旺宗 | D4: =VLOOKUP('北段 (人資版)'!D4,工作表1!$A$3:$B$78,2,FALSE) -> 38 | E4: =VLOOKUP('北段 (人資版)'!E4,工作表1!$A$3:$B$78,2,FALSE) -> 38 | F4: =VLOOKUP('北段 (人資版)'!F4,工作表1!$A$3:$B$78,2,FALSE) -> #N/A | G4: =VLOOKUP('北段 (人資版)'!G4,工作表1!$A$3:$B$78,2,FALSE) -> #N/A | H4: =VLOOKUP('北段 (人資版)'!H4,工作表1!$A$3:$B$78,2,FALSE) -> #N/A | I4: =VLOOKUP('北段 (人資版)'!I4,工作表1!$A$3:$B$78,2,FALSE) -> #N/A | J4: =VLOOKUP('北段 (人資版)'!J4,工作表1!$A$3:$B$78,2,FALSE) -> #N/A | K4: =VLOOKUP('北段 (人資版)'!K4,工作表1!$A$3:$B$78,2,FALSE) -> #N/A | ... AN4: =VLOOKUP('北段 (人資版)'!AN4,工作表1!$A$3:$B$78,2,FALSE) -> #REF!
B5: =北段!B5 -> T00252 | C5: =VLOOKUP(B5,北段!B:C,2,FALSE) -> 馮炫強 | D5: =VLOOKUP('北段 (人資版)'!D5,工作表1!$A$3:$B$78,2,FALSE) -> 70 | E5: =VLOOKUP('北段 (人資版)'!E5,工作表1!$A$3:$B$78,2,FALSE) -> 70 | F5: =VLOOKUP('北段 (人資版)'!F5,工作表1!$A$3:$B$78,2,FALSE) -> #N/A | G5: =VLOOKUP('北段 (人資版)'!G5,工作表1!$A$3:$B$78,2,FALSE) -> #N/A | H5: =VLOOKUP('北段 (人資版)'!H5,工作表1!$A$3:$B$78,2,FALSE) -> #N/A | I5: =VLOOKUP('北段 (人資版)'!I5,工作表1!$A$3:$B$78,2,FALSE) -> #N/A | J5: =VLOOKUP('北段 (人資版)'!J5,工作表1!$A$3:$B$78,2,FALSE) -> #N/A | K5: =VLOOKUP('北段 (人資版)'!K5,工作表1!$A$3:$B$78,2,FALSE) -> #N/A | ... AN5: =VLOOKUP('北段 (人資版)'!AN5,工作表1!$A$3:$B$78,2,FALSE) -> #REF!
B6: =北段!B6 -> T00343 | C6: =VLOOKUP(B6,北段!B:C,2,FALSE) -> 劉哲宇 | D6: =VLOOKUP('北段 (人資版)'!D6,工作表1!$A$3:$B$78,2,FALSE) -> #N/A | E6: =VLOOKUP('北段 (人資版)'!E6,工作表1!$A$3:$B$78,2,FALSE) -> 38 | F6: =VLOOKUP('北段 (人資版)'!F6,工作表1!$A$3:$B$78,2,FALSE) -> #N/A | G6: =VLOOKUP('北段 (人資版)'!G6,工作表1!$A$3:$B$78,2,FALSE) -> #N/A | H6: =VLOOKUP('北段 (人資版)'!H6,工作表1!$A$3:$B$78,2,FALSE) -> #N/A | I6: =VLOOKUP('北段 (人資版)'!I6,工作表1!$A$3:$B$78,2,FALSE) -> #N/A | J6: =VLOOKUP('北段 (人資版)'!J6,工作表1!$A$3:$B$78,2,FALSE) -> #N/A | K6: =VLOOKUP('北段 (人資版)'!K6,工作表1!$A$3:$B$78,2,FALSE) -> #N/A | ... AN6: =VLOOKUP('北段 (人資版)'!AN6,工作表1!$A$3:$B$78,2,FALSE) -> #REF!
B7: =北段!B7 -> T00356 | C7: =VLOOKUP(B7,北段!B:C,2,FALSE) -> 吳國強 | D7: =VLOOKUP('北段 (人資版)'!D7,工作表1!$A$3:$B$78,2,FALSE) -> 66 | E7: =VLOOKUP('北段 (人資版)'!E7,工作表1!$A$3:$B$78,2,FALSE) -> 66 | F7: =VLOOKUP('北段 (人資版)'!F7,工作表1!$A$3:$B$78,2,FALSE) -> #N/A | G7: =VLOOKUP('北段 (人資版)'!G7,工作表1!$A$3:$B$78,2,FALSE) -> #N/A | H7: =VLOOKUP('北段 (人資版)'!H7,工作表1!$A$3:$B$78,2,FALSE) -> #N/A | I7: =VLOOKUP('北段 (人資版)'!I7,工作表1!$A$3:$B$78,2,FALSE) -> #N/A | J7: =VLOOKUP('北段 (人資版)'!J7,工作表1!$A$3:$B$78,2,FALSE) -> #N/A | K7: =VLOOKUP('北段 (人資版)'!K7,工作表1!$A$3:$B$78,2,FALSE) -> #N/A | ... AN7: =VLOOKUP('北段 (人資版)'!AN7,工作表1!$A$3:$B$78,2,FALSE) -> #REF!
B8: =北段!B8 -> T00492 | C8: =VLOOKUP(B8,北段!B:C,2,FALSE) -> 李尉羽 | D8: =VLOOKUP('北段 (人資版)'!D8,工作表1!$A$3:$B$78,2,FALSE) -> 90 | E8: =VLOOKUP('北段 (人資版)'!E8,工作表1!$A$3:$B$78,2,FALSE) -> 92 | F8: =VLOOKUP('北段 (人資版)'!F8,工作表1!$A$3:$B$78,2,FALSE) -> #N/A | G8: =VLOOKUP('北段 (人資版)'!G8,工作表1!$A$3:$B$78,2,FALSE) -> #N/A | H8: =VLOOKUP('北段 (人資版)'!H8,工作表1!$A$3:$B$78,2,FALSE) -> #N/A | I8: =VLOOKUP('北段 (人資版)'!I8,工作表1!$A$3:$B$78,2,FALSE) -> #N/A | J8: =VLOOKUP('北段 (人資版)'!J8,工作表1!$A$3:$B$78,2,FALSE) -> #N/A | K8: =VLOOKUP('北段 (人資版)'!K8,工作表1!$A$3:$B$78,2,FALSE) -> #N/A | ... AN8: =VLOOKUP('北段 (人資版)'!AN8,工作表1!$A$3:$B$78,2,FALSE) -> #REF!
B9: =北段!B9 -> T00586 | C9: =VLOOKUP(B9,北段!B:C,2,FALSE) -> 江冠滿 | D9: =VLOOKUP('北段 (人資版)'!D9,工作表1!$A$3:$B$78,2,FALSE) -> 05 | E9: =VLOOKUP('北段 (人資版)'!E9,工作表1!$A$3:$B$78,2,FALSE) -> 91 | F9: =VLOOKUP('北段 (人資版)'!F9,工作表1!$A$3:$B$78,2,FALSE) -> #N/A | G9: =VLOOKUP('北段 (人資版)'!G9,工作表1!$A$3:$B$78,2,FALSE) -> #N/A | H9: =VLOOKUP('北段 (人資版)'!H9,工作表1!$A$3:$B$78,2,FALSE) -> #N/A | I9: =VLOOKUP('北段 (人資版)'!I9,工作表1!$A$3:$B$78,2,FALSE) -> #N/A | J9: =VLOOKUP('北段 (人資版)'!J9,工作表1!$A$3:$B$78,2,FALSE) -> #N/A | K9: =VLOOKUP('北段 (人資版)'!K9,工作表1!$A$3:$B$78,2,FALSE) -> #N/A | ... AN9: =VLOOKUP('北段 (人資版)'!AN9,工作表1!$A$3:$B$78,2,FALSE) -> #REF!
B10: =北段!B10 -> T00605 | C10: =VLOOKUP(B10,北段!B:C,2,FALSE) -> 謝蕙芸 | D10: =VLOOKUP('北段 (人資版)'!D10,工作表1!$A$3:$B$78,2,FALSE) -> 05 | E10: =VLOOKUP('北段 (人資版)'!E10,工作表1!$A$3:$B$78,2,FALSE) -> 92 | F10: =VLOOKUP('北段 (人資版)'!F10,工作表1!$A$3:$B$78,2,FALSE) -> #N/A | G10: =VLOOKUP('北段 (人資版)'!G10,工作表1!$A$3:$B$78,2,FALSE) -> #N/A | H10: =VLOOKUP('北段 (人資版)'!H10,工作表1!$A$3:$B$78,2,FALSE) -> #N/A | I10: =VLOOKUP('北段 (人資版)'!I10,工作表1!$A$3:$B$78,2,FALSE) -> #N/A | J10: =VLOOKUP('北段 (人資版)'!J10,工作表1!$A$3:$B$78,2,FALSE) -> #N/A | K10: =VLOOKUP('北段 (人資版)'!K10,工作表1!$A$3:$B$78,2,FALSE) -> #N/A | ... AN10: =VLOOKUP('北段 (人資版)'!AN10,工作表1!$A$3:$B$78,2,FALSE) -> #REF!
B11: =北段!B11 -> T00912 | C11: =VLOOKUP(B11,北段!B:C,2,FALSE) -> 詹雅惠 | D11: =VLOOKUP('北段 (人資版)'!D11,工作表1!$A$3:$B$78,2,FALSE) -> 07 | E11: =VLOOKUP('北段 (人資版)'!E11,工作表1!$A$3:$B$78,2,FALSE) -> 92 | F11: =VLOOKUP('北段 (人資版)'!F11,工作表1!$A$3:$B$78,2,FALSE) -> #N/A | G11: =VLOOKUP('北段 (人資版)'!G11,工作表1!$A$3:$B$78,2,FALSE) -> #N/A | H11: =VLOOKUP('北段 (人資版)'!H11,工作表1!$A$3:$B$78,2,FALSE) -> #N/A | I11: =VLOOKUP('北段 (人資版)'!I11,工作表1!$A$3:$B$78,2,FALSE) -> #N/A | J11: =VLOOKUP('北段 (人資版)'!J11,工作表1!$A$3:$B$78,2,FALSE) -> #N/A | K11: =VLOOKUP('北段 (人資版)'!K11,工作表1!$A$3:$B$78,2,FALSE) -> #N/A | ... AN11: =VLOOKUP('北段 (人資版)'!AN11,工作表1!$A$3:$B$78,2,FALSE) -> #REF!
B12: =北段!B12 -> T00860 | C12: =VLOOKUP(B12,北段!B:C,2,FALSE) -> 陳家瑋 | D12: =VLOOKUP('北段 (人資版)'!D12,工作表1!$A$3:$B$78,2,FALSE) -> 05 | E12: =VLOOKUP('北段 (人資版)'!E12,工作表1!$A$3:$B$78,2,FALSE) -> 92 | F12: =VLOOKUP('北段 (人資版)'!F12,工作表1!$A$3:$B$78,2,FALSE) -> #N/A | G12: =VLOOKUP('北段 (人資版)'!G12,工作表1!$A$3:$B$78,2,FALSE) -> #N/A | H12: =VLOOKUP('北段 (人資版)'!H12,工作表1!$A$3:$B$78,2,FALSE) -> #N/A | I12: =VLOOKUP('北段 (人資版)'!I12,工作表1!$A$3:$B$78,2,FALSE) -> #N/A | J12: =VLOOKUP('北段 (人資版)'!J12,工作表1!$A$3:$B$78,2,FALSE) -> #N/A | K12: =VLOOKUP('北段 (人資版)'!K12,工作表1!$A$3:$B$78,2,FALSE) -> #N/A | ... AN12: =VLOOKUP('北段 (人資版)'!AN12,工作表1!$A$3:$B$78,2,FALSE) -> #REF!
A13: A1 | B13: =北段!#REF! -> #REF! | C13: =VLOOKUP(B13,北段!B:C,2,FALSE) -> #REF! | D13: =VLOOKUP('北段 (人資版)'!D13,工作表1!$A$3:$B$78,2,FALSE) -> #REF! | E13: =VLOOKUP('北段 (人資版)'!E13,工作表1!$A$3:$B$78,2,FALSE) -> #REF! | F13: =VLOOKUP('北段 (人資版)'!F13,工作表1!$A$3:$B$78,2,FALSE) -> #REF! | G13: =VLOOKUP('北段 (人資版)'!G13,工作表1!$A$3:$B$78,2,FALSE) -> #REF! | H13: =VLOOKUP('北段 (人資版)'!H13,工作表1!$A$3:$B$78,2,FALSE) -> #REF! | I13: =VLOOKUP('北段 (人資版)'!I13,工作表1!$A$3:$B$78,2,FALSE) -> #REF! | J13: =VLOOKUP('北段 (人資版)'!J13,工作表1!$A$3:$B$78,2,FALSE) -> #REF! | K13: =VLOOKUP('北段 (人資版)'!K13,工作表1!$A$3:$B$78,2,FALSE) -> #REF! | ... AN13: =VLOOKUP('北段 (人資版)'!AN13,工作表1!$A$3:$B$78,2,FALSE) -> #REF!
B14: =北段!B13 -> T00509 | C14: =VLOOKUP(B14,北段!B:C,2,FALSE) -> 郭秋儀 | D14: =VLOOKUP('北段 (人資版)'!D14,工作表1!$A$3:$B$78,2,FALSE) -> 70 | E14: =VLOOKUP('北段 (人資版)'!E14,工作表1!$A$3:$B$78,2,FALSE) -> 70 | F14: =VLOOKUP('北段 (人資版)'!F14,工作表1!$A$3:$B$78,2,FALSE) -> #N/A | G14: =VLOOKUP('北段 (人資版)'!G14,工作表1!$A$3:$B$78,2,FALSE) -> #N/A | H14: =VLOOKUP('北段 (人資版)'!H14,工作表1!$A$3:$B$78,2,FALSE) -> #N/A | I14: =VLOOKUP('北段 (人資版)'!I14,工作表1!$A$3:$B$78,2,FALSE) -> #N/A | J14: =VLOOKUP('北段 (人資版)'!J14,工作表1!$A$3:$B$78,2,FALSE) -> #N/A | K14: =VLOOKUP('北段 (人資版)'!K14,工作表1!$A$3:$B$78,2,FALSE) -> #N/A | ... AN14: =VLOOKUP('北段 (人資版)'!AN14,工作表1!$A$3:$B$78,2,FALSE) -> #REF!
B15: =北段!B14 -> T01028 | C15: =VLOOKUP(B15,北段!B:C,2,FALSE) -> 林金緗 | D15: =VLOOKUP('北段 (人資版)'!D15,工作表1!$A$3:$B$78,2,FALSE) -> 66 | E15: =VLOOKUP('北段 (人資版)'!E15,工作表1!$A$3:$B$78,2,FALSE) -> 66 | F15: =VLOOKUP('北段 (人資版)'!F15,工作表1!$A$3:$B$78,2,FALSE) -> #N/A | G15: =VLOOKUP('北段 (人資版)'!G15,工作表1!$A$3:$B$78,2,FALSE) -> #N/A | H15: =VLOOKUP('北段 (人資版)'!H15,工作表1!$A$3:$B$78,2,FALSE) -> #N/A | I15: =VLOOKUP('北段 (人資版)'!I15,工作表1!$A$3:$B$78,2,FALSE) -> #N/A | J15: =VLOOKUP('北段 (人資版)'!J15,工作表1!$A$3:$B$78,2,FALSE) -> #N/A | K15: =VLOOKUP('北段 (人資版)'!K15,工作表1!$A$3:$B$78,2,FALSE) -> #N/A | ... AN15: =VLOOKUP('北段 (人資版)'!AN15,工作表1!$A$3:$B$78,2,FALSE) -> #REF!
B16: =北段!B15 -> T01029 | C16: =VLOOKUP(B16,北段!B:C,2,FALSE) -> 林雯琳 | D16: =VLOOKUP('北段 (人資版)'!D16,工作表1!$A$3:$B$78,2,FALSE) -> 66 | E16: =VLOOKUP('北段 (人資版)'!E16,工作表1!$A$3:$B$78,2,FALSE) -> 66 | F16: =VLOOKUP('北段 (人資版)'!F16,工作表1!$A$3:$B$78,2,FALSE) -> #N/A | G16: =VLOOKUP('北段 (人資版)'!G16,工作表1!$A$3:$B$78,2,FALSE) -> #N/A | H16: =VLOOKUP('北段 (人資版)'!H16,工作表1!$A$3:$B$78,2,FALSE) -> #N/A | I16: =VLOOKUP('北段 (人資版)'!I16,工作表1!$A$3:$B$78,2,FALSE) -> #N/A | J16: =VLOOKUP('北段 (人資版)'!J16,工作表1!$A$3:$B$78,2,FALSE) -> #N/A | K16: =VLOOKUP('北段 (人資版)'!K16,工作表1!$A$3:$B$78,2,FALSE) -> #N/A | ... AN16: =VLOOKUP('北段 (人資版)'!AN16,工作表1!$A$3:$B$78,2,FALSE) -> #REF!
B17: =北段!B16 -> T01734 | C17: =VLOOKUP(B17,北段!B:C,2,FALSE) -> 黃冠銘 | D17: =VLOOKUP('北段 (人資版)'!D17,工作表1!$A$3:$B$78,2,FALSE) -> 38 | E17: =VLOOKUP('北段 (人資版)'!E17,工作表1!$A$3:$B$78,2,FALSE) -> 38 | F17: =VLOOKUP('北段 (人資版)'!F17,工作表1!$A$3:$B$78,2,FALSE) -> #N/A | G17: =VLOOKUP('北段 (人資版)'!G17,工作表1!$A$3:$B$78,2,FALSE) -> #N/A | H17: =VLOOKUP('北段 (人資版)'!H17,工作表1!$A$3:$B$78,2,FALSE) -> #N/A | I17: =VLOOKUP('北段 (人資版)'!I17,工作表1!$A$3:$B$78,2,FALSE) -> #N/A | J17: =VLOOKUP('北段 (人資版)'!J17,工作表1!$A$3:$B$78,2,FALSE) -> #N/A | K17: =VLOOKUP('北段 (人資版)'!K17,工作表1!$A$3:$B$78,2,FALSE) -> #N/A | ... AN17: =VLOOKUP('北段 (人資版)'!AN17,工作表1!$A$3:$B$78,2,FALSE) -> #REF!
B18: =北段!B17 -> T02287 | C18: =VLOOKUP(B18,北段!B:C,2,FALSE) -> 林江玉 | D18: =VLOOKUP('北段 (人資版)'!D18,工作表1!$A$3:$B$78,2,FALSE) -> 38 | E18: =VLOOKUP('北段 (人資版)'!E18,工作表1!$A$3:$B$78,2,FALSE) -> 92 | F18: =VLOOKUP('北段 (人資版)'!F18,工作表1!$A$3:$B$78,2,FALSE) -> #N/A | G18: =VLOOKUP('北段 (人資版)'!G18,工作表1!$A$3:$B$78,2,FALSE) -> #N/A | H18: =VLOOKUP('北段 (人資版)'!H18,工作表1!$A$3:$B$78,2,FALSE) -> #N/A | I18: =VLOOKUP('北段 (人資版)'!I18,工作表1!$A$3:$B$78,2,FALSE) -> #N/A | J18: =VLOOKUP('北段 (人資版)'!J18,工作表1!$A$3:$B$78,2,FALSE) -> #N/A | K18: =VLOOKUP('北段 (人資版)'!K18,工作表1!$A$3:$B$78,2,FALSE) -> #N/A | ... AN18: =VLOOKUP('北段 (人資版)'!AN18,工作表1!$A$3:$B$78,2,FALSE) -> #REF!
B19: =北段!B18 -> T02359 | C19: =VLOOKUP(B19,北段!B:C,2,FALSE) -> 陳佳婷 | D19: =VLOOKUP('北段 (人資版)'!D19,工作表1!$A$3:$B$78,2,FALSE) -> 92 | E19: =VLOOKUP('北段 (人資版)'!E19,工作表1!$A$3:$B$78,2,FALSE) -> 38 | F19: =VLOOKUP('北段 (人資版)'!F19,工作表1!$A$3:$B$78,2,FALSE) -> #N/A | G19: =VLOOKUP('北段 (人資版)'!G19,工作表1!$A$3:$B$78,2,FALSE) -> #N/A | H19: =VLOOKUP('北段 (人資版)'!H19,工作表1!$A$3:$B$78,2,FALSE) -> #N/A | I19: =VLOOKUP('北段 (人資版)'!I19,工作表1!$A$3:$B$78,2,FALSE) -> #N/A | J19: =VLOOKUP('北段 (人資版)'!J19,工作表1!$A$3:$B$78,2,FALSE) -> #N/A | K19: =VLOOKUP('北段 (人資版)'!K19,工作表1!$A$3:$B$78,2,FALSE) -> #N/A | ... AN19: =VLOOKUP('北段 (人資版)'!AN19,工作表1!$A$3:$B$78,2,FALSE) -> #REF!
B20: =北段!B19 -> T02363 | C20: =VLOOKUP(B20,北段!B:C,2,FALSE) -> 林孟錡 | D20: =VLOOKUP('北段 (人資版)'!D20,工作表1!$A$3:$B$78,2,FALSE) -> 70 | E20: =VLOOKUP('北段 (人資版)'!E20,工作表1!$A$3:$B$78,2,FALSE) -> 70 | F20: =VLOOKUP('北段 (人資版)'!F20,工作表1!$A$3:$B$78,2,FALSE) -> #N/A | G20: =VLOOKUP('北段 (人資版)'!G20,工作表1!$A$3:$B$78,2,FALSE) -> #N/A | H20: =VLOOKUP('北段 (人資版)'!H20,工作表1!$A$3:$B$78,2,FALSE) -> #N/A | I20: =VLOOKUP('北段 (人資版)'!I20,工作表1!$A$3:$B$78,2,FALSE) -> #N/A | J20: =VLOOKUP('北段 (人資版)'!J20,工作表1!$A$3:$B$78,2,FALSE) -> #N/A | K20: =VLOOKUP('北段 (人資版)'!K20,工作表1!$A$3:$B$78,2,FALSE) -> #N/A | ... AN20: =VLOOKUP('北段 (人資版)'!AN20,工作表1!$A$3:$B$78,2,FALSE) -> #REF!
B21: =北段!B20 -> T02504 | C21: =VLOOKUP(B21,北段!B:C,2,FALSE) -> 潘元浩 | D21: =VLOOKUP('北段 (人資版)'!D21,工作表1!$A$3:$B$78,2,FALSE) -> 66 | E21: =VLOOKUP('北段 (人資版)'!E21,工作表1!$A$3:$B$78,2,FALSE) -> 66 | F21: =VLOOKUP('北段 (人資版)'!F21,工作表1!$A$3:$B$78,2,FALSE) -> #N/A | G21: =VLOOKUP('北段 (人資版)'!G21,工作表1!$A$3:$B$78,2,FALSE) -> #N/A | H21: =VLOOKUP('北段 (人資版)'!H21,工作表1!$A$3:$B$78,2,FALSE) -> #N/A | I21: =VLOOKUP('北段 (人資版)'!I21,工作表1!$A$3:$B$78,2,FALSE) -> #N/A | J21: =VLOOKUP('北段 (人資版)'!J21,工作表1!$A$3:$B$78,2,FALSE) -> #N/A | K21: =VLOOKUP('北段 (人資版)'!K21,工作表1!$A$3:$B$78,2,FALSE) -> #N/A | ... AN21: =VLOOKUP('北段 (人資版)'!AN21,工作表1!$A$3:$B$78,2,FALSE) -> #REF!
B22: =北段!B21 -> T02505 | C22: =VLOOKUP(B22,北段!B:C,2,FALSE) -> 李慧盺 | D22: =VLOOKUP('北段 (人資版)'!D22,工作表1!$A$3:$B$78,2,FALSE) -> 90 | E22: =VLOOKUP('北段 (人資版)'!E22,工作表1!$A$3:$B$78,2,FALSE) -> 92 | F22: =VLOOKUP('北段 (人資版)'!F22,工作表1!$A$3:$B$78,2,FALSE) -> #N/A | G22: =VLOOKUP('北段 (人資版)'!G22,工作表1!$A$3:$B$78,2,FALSE) -> #N/A | H22: =VLOOKUP('北段 (人資版)'!H22,工作表1!$A$3:$B$78,2,FALSE) -> #N/A | I22: =VLOOKUP('北段 (人資版)'!I22,工作表1!$A$3:$B$78,2,FALSE) -> #N/A | J22: =VLOOKUP('北段 (人資版)'!J22,工作表1!$A$3:$B$78,2,FALSE) -> #N/A | K22: =VLOOKUP('北段 (人資版)'!K22,工作表1!$A$3:$B$78,2,FALSE) -> #N/A | ... AN22: =VLOOKUP('北段 (人資版)'!AN22,工作表1!$A$3:$B$78,2,FALSE) -> #REF!
B23: =北段!B22 -> T00557 | C23: =VLOOKUP(B23,北段!B:C,2,FALSE) -> 陳志明 | D23: =VLOOKUP('北段 (人資版)'!D23,工作表1!$A$3:$B$78,2,FALSE) -> 38 | E23: =VLOOKUP('北段 (人資版)'!E23,工作表1!$A$3:$B$78,2,FALSE) -> 92 | F23: =VLOOKUP('北段 (人資版)'!F23,工作表1!$A$3:$B$78,2,FALSE) -> #N/A | G23: =VLOOKUP('北段 (人資版)'!G23,工作表1!$A$3:$B$78,2,FALSE) -> #N/A | H23: =VLOOKUP('北段 (人資版)'!H23,工作表1!$A$3:$B$78,2,FALSE) -> #N/A | I23: =VLOOKUP('北段 (人資版)'!I23,工作表1!$A$3:$B$78,2,FALSE) -> #N/A | J23: =VLOOKUP('北段 (人資版)'!J23,工作表1!$A$3:$B$78,2,FALSE) -> #N/A | K23: =VLOOKUP('北段 (人資版)'!K23,工作表1!$A$3:$B$78,2,FALSE) -> 07 | ... AN23: =VLOOKUP('北段 (人資版)'!AN23,工作表1!$A$3:$B$78,2,FALSE) -> #REF!
B24: =北段!B23 -> T00929 | C24: =VLOOKUP(B24,北段!B:C,2,FALSE) -> 簡婉蓁 | D24: =VLOOKUP('北段 (人資版)'!D24,工作表1!$A$3:$B$78,2,FALSE) -> #N/A | E24: =VLOOKUP('北段 (人資版)'!E24,工作表1!$A$3:$B$78,2,FALSE) -> 92 | F24: =VLOOKUP('北段 (人資版)'!F24,工作表1!$A$3:$B$78,2,FALSE) -> #N/A | G24: =VLOOKUP('北段 (人資版)'!G24,工作表1!$A$3:$B$78,2,FALSE) -> #N/A | H24: =VLOOKUP('北段 (人資版)'!H24,工作表1!$A$3:$B$78,2,FALSE) -> #N/A | I24: =VLOOKUP('北段 (人資版)'!I24,工作表1!$A$3:$B$78,2,FALSE) -> #N/A | J24: =VLOOKUP('北段 (人資版)'!J24,工作表1!$A$3:$B$78,2,FALSE) -> #N/A | K24: =VLOOKUP('北段 (人資版)'!K24,工作表1!$A$3:$B$78,2,FALSE) -> #N/A | ... AN24: =VLOOKUP('北段 (人資版)'!AN24,工作表1!$A$3:$B$78,2,FALSE) -> #REF!
B25: =北段!B24 -> T01459 | C25: =VLOOKUP(B25,北段!B:C,2,FALSE) -> 林禹丞 | D25: =VLOOKUP('北段 (人資版)'!D25,工作表1!$A$3:$B$78,2,FALSE) -> 66 | E25: =VLOOKUP('北段 (人資版)'!E25,工作表1!$A$3:$B$78,2,FALSE) -> 66 | F25: =VLOOKUP('北段 (人資版)'!F25,工作表1!$A$3:$B$78,2,FALSE) -> #N/A | G25: =VLOOKUP('北段 (人資版)'!G25,工作表1!$A$3:$B$78,2,FALSE) -> #N/A | H25: =VLOOKUP('北段 (人資版)'!H25,工作表1!$A$3:$B$78,2,FALSE) -> #N/A | I25: =VLOOKUP('北段 (人資版)'!I25,工作表1!$A$3:$B$78,2,FALSE) -> #N/A | J25: =VLOOKUP('北段 (人資版)'!J25,工作表1!$A$3:$B$78,2,FALSE) -> #N/A | K25: =VLOOKUP('北段 (人資版)'!K25,工作表1!$A$3:$B$78,2,FALSE) -> #N/A | ... AN25: =VLOOKUP('北段 (人資版)'!AN25,工作表1!$A$3:$B$78,2,FALSE) -> #REF!
... B30: =北段!B29 -> T02498 | C30: =VLOOKUP(B30,北段!B:C,2,FALSE) -> 張芯瑜 | D30: =VLOOKUP('北段 (人資版)'!D30,工作表1!$A$3:$B$78,2,FALSE) -> 66 | E30: =VLOOKUP('北段 (人資版)'!E30,工作表1!$A$3:$B$78,2,FALSE) -> 91 | F30: =VLOOKUP('北段 (人資版)'!F30,工作表1!$A$3:$B$78,2,FALSE) -> #N/A | G30: =VLOOKUP('北段 (人資版)'!G30,工作表1!$A$3:$B$78,2,FALSE) -> #N/A | H30: =VLOOKUP('北段 (人資版)'!H30,工作表1!$A$3:$B$78,2,FALSE) -> #N/A | I30: =VLOOKUP('北段 (人資版)'!I30,工作表1!$A$3:$B$78,2,FALSE) -> #N/A | J30: =VLOOKUP('北段 (人資版)'!J30,工作表1!$A$3:$B$78,2,FALSE) -> #N/A | K30: =VLOOKUP('北段 (人資版)'!K30,工作表1!$A$3:$B$78,2,FALSE) -> #N/A | ... AN30: =VLOOKUP('北段 (人資版)'!AN30,工作表1!$A$3:$B$78,2,FALSE) -> #REF!
A31: A2 | B31: =北段!B30 -> T02612 | C31: =VLOOKUP(B31,北段!B:C,2,FALSE) -> 蕭曉琦 | D31: =VLOOKUP('北段 (人資版)'!D31,工作表1!$A$3:$B$78,2,FALSE) -> 92 | E31: =VLOOKUP('北段 (人資版)'!E31,工作表1!$A$3:$B$78,2,FALSE) -> 38 | F31: =VLOOKUP('北段 (人資版)'!F31,工作表1!$A$3:$B$78,2,FALSE) -> #N/A | G31: =VLOOKUP('北段 (人資版)'!G31,工作表1!$A$3:$B$78,2,FALSE) -> #N/A | H31: =VLOOKUP('北段 (人資版)'!H31,工作表1!$A$3:$B$78,2,FALSE) -> #N/A | I31: =VLOOKUP('北段 (人資版)'!I31,工作表1!$A$3:$B$78,2,FALSE) -> #N/A | J31: =VLOOKUP('北段 (人資版)'!J31,工作表1!$A$3:$B$78,2,FALSE) -> #N/A | K31: =VLOOKUP('北段 (人資版)'!K31,工作表1!$A$3:$B$78,2,FALSE) -> #N/A | ... AN31: =VLOOKUP('北段 (人資版)'!AN31,工作表1!$A$3:$B$78,2,FALSE) -> #REF!
B32: =北段!B31 -> T02613 | C32: =VLOOKUP(B32,北段!B:C,2,FALSE) -> 張雅荃 | D32: =VLOOKUP('北段 (人資版)'!D32,工作表1!$A$3:$B$78,2,FALSE) -> 92 | E32: =VLOOKUP('北段 (人資版)'!E32,工作表1!$A$3:$B$78,2,FALSE) -> 66 | F32: =VLOOKUP('北段 (人資版)'!F32,工作表1!$A$3:$B$78,2,FALSE) -> #N/A | G32: =VLOOKUP('北段 (人資版)'!G32,工作表1!$A$3:$B$78,2,FALSE) -> #N/A | H32: =VLOOKUP('北段 (人資版)'!H32,工作表1!$A$3:$B$78,2,FALSE) -> #N/A | I32: =VLOOKUP('北段 (人資版)'!I32,工作表1!$A$3:$B$78,2,FALSE) -> #N/A | J32: =VLOOKUP('北段 (人資版)'!J32,工作表1!$A$3:$B$78,2,FALSE) -> #N/A | K32: =VLOOKUP('北段 (人資版)'!K32,工作表1!$A$3:$B$78,2,FALSE) -> #N/A | ... AN32: =VLOOKUP('北段 (人資版)'!AN32,工作表1!$A$3:$B$78,2,FALSE) -> #REF!
B33: =北段!B32 -> T00489 | C33: =VLOOKUP(B33,北段!B:C,2,FALSE) -> 吳珮伃 | D33: =VLOOKUP('北段 (人資版)'!D33,工作表1!$A$3:$B$78,2,FALSE) -> 92 | E33: =VLOOKUP('北段 (人資版)'!E33,工作表1!$A$3:$B$78,2,FALSE) -> 66 | F33: =VLOOKUP('北段 (人資版)'!F33,工作表1!$A$3:$B$78,2,FALSE) -> #N/A | G33: =VLOOKUP('北段 (人資版)'!G33,工作表1!$A$3:$B$78,2,FALSE) -> #N/A | H33: =VLOOKUP('北段 (人資版)'!H33,工作表1!$A$3:$B$78,2,FALSE) -> #N/A | I33: =VLOOKUP('北段 (人資版)'!I33,工作表1!$A$3:$B$78,2,FALSE) -> #N/A | J33: =VLOOKUP('北段 (人資版)'!J33,工作表1!$A$3:$B$78,2,FALSE) -> #N/A | K33: =VLOOKUP('北段 (人資版)'!K33,工作表1!$A$3:$B$78,2,FALSE) -> #N/A | ... AN33: =VLOOKUP('北段 (人資版)'!AN33,工作表1!$A$3:$B$78,2,FALSE) -> #REF!
B34: =北段!B33 -> T00523 | C34: =VLOOKUP(B34,北段!B:C,2,FALSE) -> 鄭翰鴻 | D34: =VLOOKUP('北段 (人資版)'!D34,工作表1!$A$3:$B$78,2,FALSE) -> 38 | E34: =VLOOKUP('北段 (人資版)'!E34,工作表1!$A$3:$B$78,2,FALSE) -> 38 | F34: =VLOOKUP('北段 (人資版)'!F34,工作表1!$A$3:$B$78,2,FALSE) -> #N/A | G34: =VLOOKUP('北段 (人資版)'!G34,工作表1!$A$3:$B$78,2,FALSE) -> #N/A | H34: =VLOOKUP('北段 (人資版)'!H34,工作表1!$A$3:$B$78,2,FALSE) -> #N/A | I34: =VLOOKUP('北段 (人資版)'!I34,工作表1!$A$3:$B$78,2,FALSE) -> #N/A | J34: =VLOOKUP('北段 (人資版)'!J34,工作表1!$A$3:$B$78,2,FALSE) -> #N/A | K34: =VLOOKUP('北段 (人資版)'!K34,工作表1!$A$3:$B$78,2,FALSE) -> #N/A | ... AN34: =VLOOKUP('北段 (人資版)'!AN34,工作表1!$A$3:$B$78,2,FALSE) -> #REF!
B35: =北段!B34 -> T00899 | C35: =VLOOKUP(B35,北段!B:C,2,FALSE) -> 陳炘玉 | D35: =VLOOKUP('北段 (人資版)'!D35,工作表1!$A$3:$B$78,2,FALSE) -> 70 | E35: =VLOOKUP('北段 (人資版)'!E35,工作表1!$A$3:$B$78,2,FALSE) -> 70 | F35: =VLOOKUP('北段 (人資版)'!F35,工作表1!$A$3:$B$78,2,FALSE) -> #N/A | G35: =VLOOKUP('北段 (人資版)'!G35,工作表1!$A$3:$B$78,2,FALSE) -> #N/A | H35: =VLOOKUP('北段 (人資版)'!H35,工作表1!$A$3:$B$78,2,FALSE) -> #N/A | I35: =VLOOKUP('北段 (人資版)'!I35,工作表1!$A$3:$B$78,2,FALSE) -> #N/A | J35: =VLOOKUP('北段 (人資版)'!J35,工作表1!$A$3:$B$78,2,FALSE) -> #N/A | K35: =VLOOKUP('北段 (人資版)'!K35,工作表1!$A$3:$B$78,2,FALSE) -> #N/A | ... AN35: =VLOOKUP('北段 (人資版)'!AN35,工作表1!$A$3:$B$78,2,FALSE) -> #REF!
B36: =北段!B35 -> T01025 | C36: =VLOOKUP(B36,北段!B:C,2,FALSE) -> 卓子揚 | D36: =VLOOKUP('北段 (人資版)'!D36,工作表1!$A$3:$B$78,2,FALSE) -> 92 | E36: =VLOOKUP('北段 (人資版)'!E36,工作表1!$A$3:$B$78,2,FALSE) -> 91 | F36: =VLOOKUP('北段 (人資版)'!F36,工作表1!$A$3:$B$78,2,FALSE) -> #N/A | G36: =VLOOKUP('北段 (人資版)'!G36,工作表1!$A$3:$B$78,2,FALSE) -> #N/A | H36: =VLOOKUP('北段 (人資版)'!H36,工作表1!$A$3:$B$78,2,FALSE) -> #N/A | I36: =VLOOKUP('北段 (人資版)'!I36,工作表1!$A$3:$B$78,2,FALSE) -> #N/A | J36: =VLOOKUP('北段 (人資版)'!J36,工作表1!$A$3:$B$78,2,FALSE) -> #N/A | K36: =VLOOKUP('北段 (人資版)'!K36,工作表1!$A$3:$B$78,2,FALSE) -> #N/A | ... AN36: =VLOOKUP('北段 (人資版)'!AN36,工作表1!$A$3:$B$78,2,FALSE) -> #REF!
B37: =北段!B36 -> T02510 | C37: =VLOOKUP(B37,北段!B:C,2,FALSE) -> 張詠迎 | D37: =VLOOKUP('北段 (人資版)'!D37,工作表1!$A$3:$B$78,2,FALSE) -> 66 | E37: =VLOOKUP('北段 (人資版)'!E37,工作表1!$A$3:$B$78,2,FALSE) -> 92 | F37: =VLOOKUP('北段 (人資版)'!F37,工作表1!$A$3:$B$78,2,FALSE) -> #N/A | G37: =VLOOKUP('北段 (人資版)'!G37,工作表1!$A$3:$B$78,2,FALSE) -> #N/A | H37: =VLOOKUP('北段 (人資版)'!H37,工作表1!$A$3:$B$78,2,FALSE) -> #N/A | I37: =VLOOKUP('北段 (人資版)'!I37,工作表1!$A$3:$B$78,2,FALSE) -> #N/A | J37: =VLOOKUP('北段 (人資版)'!J37,工作表1!$A$3:$B$78,2,FALSE) -> #N/A | K37: =VLOOKUP('北段 (人資版)'!K37,工作表1!$A$3:$B$78,2,FALSE) -> #N/A | ... AN37: =VLOOKUP('北段 (人資版)'!AN37,工作表1!$A$3:$B$78,2,FALSE) -> #REF!
B38: =北段!B37 -> T00510 | C38: =VLOOKUP(B38,北段!B:C,2,FALSE) -> 郭凌毓 | D38: =VLOOKUP('北段 (人資版)'!D38,工作表1!$A$3:$B$78,2,FALSE) -> 07 | E38: =VLOOKUP('北段 (人資版)'!E38,工作表1!$A$3:$B$78,2,FALSE) -> 92 | F38: =VLOOKUP('北段 (人資版)'!F38,工作表1!$A$3:$B$78,2,FALSE) -> #N/A | G38: =VLOOKUP('北段 (人資版)'!G38,工作表1!$A$3:$B$78,2,FALSE) -> #N/A | H38: =VLOOKUP('北段 (人資版)'!H38,工作表1!$A$3:$B$78,2,FALSE) -> #N/A | I38: =VLOOKUP('北段 (人資版)'!I38,工作表1!$A$3:$B$78,2,FALSE) -> #N/A | J38: =VLOOKUP('北段 (人資版)'!J38,工作表1!$A$3:$B$78,2,FALSE) -> #N/A | K38: =VLOOKUP('北段 (人資版)'!K38,工作表1!$A$3:$B$78,2,FALSE) -> #N/A | ... AN38: =VLOOKUP('北段 (人資版)'!AN38,工作表1!$A$3:$B$78,2,FALSE) -> #REF!
B39: =北段!B38 -> T01264 | C39: =VLOOKUP(B39,北段!B:C,2,FALSE) -> 高子翔 | D39: =VLOOKUP('北段 (人資版)'!D39,工作表1!$A$3:$B$78,2,FALSE) -> 90 | E39: =VLOOKUP('北段 (人資版)'!E39,工作表1!$A$3:$B$78,2,FALSE) -> 38 | F39: =VLOOKUP('北段 (人資版)'!F39,工作表1!$A$3:$B$78,2,FALSE) -> #N/A | G39: =VLOOKUP('北段 (人資版)'!G39,工作表1!$A$3:$B$78,2,FALSE) -> #N/A | H39: =VLOOKUP('北段 (人資版)'!H39,工作表1!$A$3:$B$78,2,FALSE) -> #N/A | I39: =VLOOKUP('北段 (人資版)'!I39,工作表1!$A$3:$B$78,2,FALSE) -> #N/A | J39: =VLOOKUP('北段 (人資版)'!J39,工作表1!$A$3:$B$78,2,FALSE) -> #N/A | K39: =VLOOKUP('北段 (人資版)'!K39,工作表1!$A$3:$B$78,2,FALSE) -> #N/A | ... AN39: =VLOOKUP('北段 (人資版)'!AN39,工作表1!$A$3:$B$78,2,FALSE) -> #REF!
A40: A3 | B40: =北段!B39 -> T01746 | C40: =VLOOKUP(B40,北段!B:C,2,FALSE) -> 古佩宜 | D40: =VLOOKUP('北段 (人資版)'!D40,工作表1!$A$3:$B$78,2,FALSE) -> 91 | E40: =VLOOKUP('北段 (人資版)'!E40,工作表1!$A$3:$B$78,2,FALSE) -> 92 | F40: =VLOOKUP('北段 (人資版)'!F40,工作表1!$A$3:$B$78,2,FALSE) -> #N/A | G40: =VLOOKUP('北段 (人資版)'!G40,工作表1!$A$3:$B$78,2,FALSE) -> #N/A | H40: =VLOOKUP('北段 (人資版)'!H40,工作表1!$A$3:$B$78,2,FALSE) -> #N/A | I40: =VLOOKUP('北段 (人資版)'!I40,工作表1!$A$3:$B$78,2,FALSE) -> #N/A | J40: =VLOOKUP('北段 (人資版)'!J40,工作表1!$A$3:$B$78,2,FALSE) -> #N/A | K40: =VLOOKUP('北段 (人資版)'!K40,工作表1!$A$3:$B$78,2,FALSE) -> #N/A | ... AN40: =VLOOKUP('北段 (人資版)'!AN40,工作表1!$A$3:$B$78,2,FALSE) -> #REF!
B41: =北段!B40 -> T01865 | C41: =VLOOKUP(B41,北段!B:C,2,FALSE) -> 顏志宇 | D41: =VLOOKUP('北段 (人資版)'!D41,工作表1!$A$3:$B$78,2,FALSE) -> 66 | E41: =VLOOKUP('北段 (人資版)'!E41,工作表1!$A$3:$B$78,2,FALSE) -> 66 | F41: =VLOOKUP('北段 (人資版)'!F41,工作表1!$A$3:$B$78,2,FALSE) -> #N/A | G41: =VLOOKUP('北段 (人資版)'!G41,工作表1!$A$3:$B$78,2,FALSE) -> #N/A | H41: =VLOOKUP('北段 (人資版)'!H41,工作表1!$A$3:$B$78,2,FALSE) -> #N/A | I41: =VLOOKUP('北段 (人資版)'!I41,工作表1!$A$3:$B$78,2,FALSE) -> #N/A | J41: =VLOOKUP('北段 (人資版)'!J41,工作表1!$A$3:$B$78,2,FALSE) -> #N/A | K41: =VLOOKUP('北段 (人資版)'!K41,工作表1!$A$3:$B$78,2,FALSE) -> #N/A | ... AN41: =VLOOKUP('北段 (人資版)'!AN41,工作表1!$A$3:$B$78,2,FALSE) -> #REF!
B42: =北段!B41 -> T00806 | C42: =VLOOKUP(B42,北段!B:C,2,FALSE) -> 郭育瑋 | D42: =VLOOKUP('北段 (人資版)'!D42,工作表1!$A$3:$B$78,2,FALSE) -> 07 | E42: =VLOOKUP('北段 (人資版)'!E42,工作表1!$A$3:$B$78,2,FALSE) -> 91 | F42: =VLOOKUP('北段 (人資版)'!F42,工作表1!$A$3:$B$78,2,FALSE) -> #N/A | G42: =VLOOKUP('北段 (人資版)'!G42,工作表1!$A$3:$B$78,2,FALSE) -> #N/A | H42: =VLOOKUP('北段 (人資版)'!H42,工作表1!$A$3:$B$78,2,FALSE) -> #N/A | I42: =VLOOKUP('北段 (人資版)'!I42,工作表1!$A$3:$B$78,2,FALSE) -> #N/A | J42: =VLOOKUP('北段 (人資版)'!J42,工作表1!$A$3:$B$78,2,FALSE) -> #N/A | K42: =VLOOKUP('北段 (人資版)'!K42,工作表1!$A$3:$B$78,2,FALSE) -> #N/A | ... AN42: =VLOOKUP('北段 (人資版)'!AN42,工作表1!$A$3:$B$78,2,FALSE) -> #REF!
B43: =北段!B42 -> T01864 | C43: =VLOOKUP(B43,北段!B:C,2,FALSE) -> 謝宗昇 | D43: =VLOOKUP('北段 (人資版)'!D43,工作表1!$A$3:$B$78,2,FALSE) -> 66 | E43: =VLOOKUP('北段 (人資版)'!E43,工作表1!$A$3:$B$78,2,FALSE) -> 66 | F43: =VLOOKUP('北段 (人資版)'!F43,工作表1!$A$3:$B$78,2,FALSE) -> #N/A | G43: =VLOOKUP('北段 (人資版)'!G43,工作表1!$A$3:$B$78,2,FALSE) -> #N/A | H43: =VLOOKUP('北段 (人資版)'!H43,工作表1!$A$3:$B$78,2,FALSE) -> #N/A | I43: =VLOOKUP('北段 (人資版)'!I43,工作表1!$A$3:$B$78,2,FALSE) -> #N/A | J43: =VLOOKUP('北段 (人資版)'!J43,工作表1!$A$3:$B$78,2,FALSE) -> #N/A | K43: =VLOOKUP('北段 (人資版)'!K43,工作表1!$A$3:$B$78,2,FALSE) -> #N/A | ... AN43: =VLOOKUP('北段 (人資版)'!AN43,工作表1!$A$3:$B$78,2,FALSE) -> #REF!
